Device: cpu
PyTorch checkpoint save/load test: OK

======================================================================
RQ-VAE TRAIN CONFIG
======================================================================
dataset_folder             : <scratch>/real_data

[Training]
epochs                     : 60
batch_size                 : 256
learning_rate              : 0.0002
weight_decay               : 0.0
gradient_accumulate_every  : 1

[Network]
vae_input_dim              : 768
vae_hidden_dims            : [512]
vae_embed_dim              : 128

[Codebooks]
Q1 num_categories          : 25
Q2 codebook size           : 128
Q3 codebook size           : 512

[Quantization]
codebook_normalize         : False
sim_vq                     : False
forward_mode               : QuantizeForwardMode.STE
gumbel_t0                  : 1.0
gumbel_min_t               : 0.1
gumbel_anneal_rate         : 5.8e-05

[Loss]
lambda_rec                 : 1.0
lambda_cb                  : 0.25
lambda_com                 : 0.1
lambda_uniq                : 0.05
uniqueness_margin          : 0.5

[Runtime]
amp                        : False
mixed_precision_type       : fp16
do_eval                    : True
eval_every_epochs          : 10

[Early Stopping]
early_stopping             : False
early_stopping_min_epochs  : 200
early_stopping_patience    : 20
early_stopping_min_delta   : 0.001

[Checkpoint]
save_model_every_epochs    : 50
seed                       : 42
save_dir_root              : <scratch>/mid_run_article
======================================================================

Train articles: 9738
Validation articles: 3122
Batches per epoch: 39
Optimizer steps per epoch: 39
Planned optimizer updates: 2340

======================================================================
Q2 CODEBOOK INITIALIZATION
======================================================================

Train articles : 9738
Train events   : 9145
z(E) shape     : (9145, 128)
Running K-means (k=128)...
Centroid shape : (128, 128)
Q2 codebook initialized.
======================================================================


======================================================================
LOSS BEFORE TRAINING (after Q2 initialization / loaded checkpoint)
======================================================================
[TRAIN]
  total loss          : 1.113459
  reconstruction loss : 1.022622
  codebook loss       : 0.211512
  commitment loss     : 0.211512
  uniqueness loss     : 0.336163
  rqvae loss          : 0.074029

[VALIDATION]
  total loss          : 1.113931
  reconstruction loss : 1.023156
  codebook loss       : 0.211079
  commitment loss     : 0.211079
  uniqueness loss     : 0.337937
  rqvae loss          : 0.073878
======================================================================


Epoch 1/60:   0%|          | 0/39 [00:00<?, ?it/s, loss=1.1137, rec=1.0227, t=1.0000]
Epoch 1/60:   0%|          | 0/39 [00:00<?, ?it/s, loss=1.0979, rec=1.0101, t=0.9999]
Epoch 1/60:   5%|▌         | 2/39 [00:00<00:02, 14.95it/s, loss=1.0979, rec=1.0101, t=0.9999]
Epoch 1/60:   5%|▌         | 2/39 [00:00<00:02, 14.95it/s, loss=1.0846, rec=0.9982, t=0.9999]
Epoch 1/60:   5%|▌         | 2/39 [00:00<00:02, 14.95it/s, loss=1.0728, rec=0.9870, t=0.9998]
Epoch 1/60:   5%|▌         | 2/39 [00:00<00:02, 14.95it/s, loss=1.0622, rec=0.9763, t=0.9998]
Epoch 1/60:  13%|█▎        | 5/39 [00:00<00:01, 19.82it/s, loss=1.0622, rec=0.9763, t=0.9998]
Epoch 1/60:  13%|█▎        | 5/39 [00:00<00:01, 19.82it/s, loss=1.0523, rec=0.9658, t=0.9997]
Epoch 1/60:  13%|█▎        | 5/39 [00:00<00:01, 19.82it/s, loss=1.0432, rec=0.9558, t=0.9997]
Epoch 1/60:  13%|█▎        | 5/39 [00:00<00:01, 19.82it/s, loss=1.0347, rec=0.9462, t=0.9996]
Epoch 1/60:  21%|██        | 8/39 [00:00<00:01, 21.73it/s, loss=1.0347, rec=0.9462, t=0.9996]
Epoch 1/60:  21%|██        | 8/39 [00:00<00:01, 21.73it/s, loss=1.0271, rec=0.9370, t=0.9995]
Epoch 1/60:  21%|██        | 8/39 [00:00<00:01, 21.73it/s, loss=1.0200, rec=0.9279, t=0.9995]
Epoch 1/60:  21%|██        | 8/39 [00:00<00:01, 21.73it/s, loss=1.0135, rec=0.9190, t=0.9994]
Epoch 1/60:  28%|██▊       | 11/39 [00:00<00:01, 23.32it/s, loss=1.0135, rec=0.9190, t=0.9994]
Epoch 1/60:  28%|██▊       | 11/39 [00:00<00:01, 23.32it/s, loss=1.0080, rec=0.9103, t=0.9994]
Epoch 1/60:  28%|██▊       | 11/39 [00:00<00:01, 23.32it/s, loss=1.0036, rec=0.9019, t=0.9993]
Epoch 1/60:  28%|██▊       | 11/39 [00:00<00:01, 23.32it/s, loss=1.0002, rec=0.8935, t=0.9992]
Epoch 1/60:  28%|██▊       | 11/39 [00:00<00:01, 23.32it/s, loss=0.9979, rec=0.8851, t=0.9992]
Epoch 1/60:  38%|███▊      | 15/39 [00:00<00:00, 27.26it/s, loss=0.9979, rec=0.8851, t=0.9992]
Epoch 1/60:  38%|███▊      | 15/39 [00:00<00:00, 27.26it/s, loss=0.9971, rec=0.8767, t=0.9991]
Epoch 1/60:  38%|███▊      | 15/39 [00:00<00:00, 27.26it/s, loss=0.9978, rec=0.8682, t=0.9991]
Epoch 1/60:  38%|███▊      | 15/39 [00:00<00:00, 27.26it/s, loss=1.0002, rec=0.8594, t=0.9990]
Epoch 1/60:  38%|███▊      | 15/39 [00:00<00:00, 27.26it/s, loss=1.0047, rec=0.8504, t=0.9990]
Epoch 1/60:  49%|████▊     | 19/39 [00:00<00:00, 29.96it/s, loss=1.0047, rec=0.8504, t=0.9990]
Epoch 1/60:  49%|████▊     | 19/39 [00:00<00:00, 29.96it/s, loss=1.0118, rec=0.8412, t=0.9989]
Epoch 1/60:  49%|████▊     | 19/39 [00:00<00:00, 29.96it/s, loss=1.0214, rec=0.8314, t=0.9988]
Epoch 1/60:  49%|████▊     | 19/39 [00:00<00:00, 29.96it/s, loss=1.0345, rec=0.8212, t=0.9988]
Epoch 1/60:  49%|████▊     | 19/39 [00:00<00:00, 29.96it/s, loss=1.0520, rec=0.8109, t=0.9987]
Epoch 1/60:  59%|█████▉    | 23/39 [00:00<00:00, 30.39it/s, loss=1.0520, rec=0.8109, t=0.9987]
Epoch 1/60:  59%|█████▉    | 23/39 [00:00<00:00, 30.39it/s, loss=1.0745, rec=0.8005, t=0.9987]
Epoch 1/60:  59%|█████▉    | 23/39 [00:00<00:00, 30.39it/s, loss=1.1028, rec=0.7898, t=0.9986]
Epoch 1/60:  59%|█████▉    | 23/39 [00:00<00:00, 30.39it/s, loss=1.1377, rec=0.7791, t=0.9986]
Epoch 1/60:  59%|█████▉    | 23/39 [00:00<00:00, 30.39it/s, loss=1.1795, rec=0.7679, t=0.9985]
Epoch 1/60:  69%|██████▉   | 27/39 [00:00<00:00, 31.03it/s, loss=1.1795, rec=0.7679, t=0.9985]
Epoch 1/60:  69%|██████▉   | 27/39 [00:01<00:00, 31.03it/s, loss=1.2297, rec=0.7565, t=0.9984]
Epoch 1/60:  69%|██████▉   | 27/39 [00:01<00:00, 31.03it/s, loss=1.2890, rec=0.7451, t=0.9984]
Epoch 1/60:  69%|██████▉   | 27/39 [00:01<00:00, 31.03it/s, loss=1.3575, rec=0.7338, t=0.9983]
Epoch 1/60:  69%|██████▉   | 27/39 [00:01<00:00, 31.03it/s, loss=1.4355, rec=0.7226, t=0.9983]
Epoch 1/60:  79%|███████▉  | 31/39 [00:01<00:00, 32.14it/s, loss=1.4355, rec=0.7226, t=0.9983]
Epoch 1/60:  79%|███████▉  | 31/39 [00:01<00:00, 32.14it/s, loss=1.5200, rec=0.7116, t=0.9982]
Epoch 1/60:  79%|███████▉  | 31/39 [00:01<00:00, 32.14it/s, loss=1.6084, rec=0.7009, t=0.9981]
Epoch 1/60:  79%|███████▉  | 31/39 [00:01<00:00, 32.14it/s, loss=1.6951, rec=0.6907, t=0.9981]
Epoch 1/60:  79%|███████▉  | 31/39 [00:01<00:00, 32.14it/s, loss=1.7763, rec=0.6808, t=0.9980]
Epoch 1/60:  90%|████████▉ | 35/39 [00:01<00:00, 32.72it/s, loss=1.7763, rec=0.6808, t=0.9980]
Epoch 1/60:  90%|████████▉ | 35/39 [00:01<00:00, 32.72it/s, loss=1.8470, rec=0.6715, t=0.9980]
Epoch 1/60:  90%|████████▉ | 35/39 [00:01<00:00, 32.72it/s, loss=1.9058, rec=0.6627, t=0.9979]
Epoch 1/60:  90%|████████▉ | 35/39 [00:01<00:00, 32.72it/s, loss=1.9516, rec=0.6542, t=0.9979]
Epoch 1/60:  90%|████████▉ | 35/39 [00:01<00:00, 32.72it/s, loss=1.9529, rec=0.6539, t=0.9978]
                                                                                              
[Epoch    1/60] loss=1.952892 | rec=0.653869 | cb=3.646563 | com=3.646563 | uniq=0.454516 | rqvae=1.276297 | t=0.997798 | global_step=39

Epoch 2/60:   0%|          | 0/39 [00:00<?, ?it/s, loss=2.8255, rec=0.3345, t=0.9977]
Epoch 2/60:   0%|          | 0/39 [00:00<?, ?it/s, loss=2.6302, rec=0.3288, t=0.9977]
Epoch 2/60:   0%|          | 0/39 [00:00<?, ?it/s, loss=2.4451, rec=0.3234, t=0.9976]
Epoch 2/60:   8%|▊         | 3/39 [00:00<00:01, 29.55it/s, loss=2.4451, rec=0.3234, t=0.9976]
Epoch 2/60:   8%|▊         | 3/39 [00:00<00:01, 29.55it/s, loss=2.2739, rec=0.3173, t=0.9976]
Epoch 2/60:   8%|▊         | 3/39 [00:00<00:01, 29.55it/s, loss=2.1120, rec=0.3119, t=0.9975]
Epoch 2/60:   8%|▊         | 3/39 [00:00<00:01, 29.55it/s, loss=1.9646, rec=0.3059, t=0.9975]
Epoch 2/60:   8%|▊         | 3/39 [00:00<00:01, 29.55it/s, loss=1.8310, rec=0.3002, t=0.9974]
Epoch 2/60:  18%|█▊        | 7/39 [00:00<00:00, 32.51it/s, loss=1.8310, rec=0.3002, t=0.9974]
Epoch 2/60:  18%|█▊        | 7/39 [00:00<00:00, 32.51it/s, loss=1.7106, rec=0.2946, t=0.9973]
Epoch 2/60:  18%|█▊        | 7/39 [00:00<00:00, 32.51it/s, loss=1.6023, rec=0.2895, t=0.9973]
Epoch 2/60:  18%|█▊        | 7/39 [00:00<00:00, 32.51it/s, loss=1.5060, rec=0.2848, t=0.9972]
Epoch 2/60:  18%|█▊        | 7/39 [00:00<00:00, 32.51it/s, loss=1.4198, rec=0.2803, t=0.9972]
Epoch 2/60:  28%|██▊       | 11/39 [00:00<00:00, 31.45it/s, loss=1.4198, rec=0.2803, t=0.9972]
Epoch 2/60:  28%|██▊       | 11/39 [00:00<00:00, 31.45it/s, loss=1.3433, rec=0.2764, t=0.9971]
Epoch 2/60:  28%|██▊       | 11/39 [00:00<00:00, 31.45it/s, loss=1.2753, rec=0.2732, t=0.9970]
Epoch 2/60:  28%|██▊       | 11/39 [00:00<00:00, 31.45it/s, loss=1.2150, rec=0.2706, t=0.9970]
Epoch 2/60:  28%|██▊       | 11/39 [00:00<00:00, 31.45it/s, loss=1.1612, rec=0.2684, t=0.9969]
Epoch 2/60:  38%|███▊      | 15/39 [00:00<00:00, 31.61it/s, loss=1.1612, rec=0.2684, t=0.9969]
Epoch 2/60:  38%|███▊      | 15/39 [00:00<00:00, 31.61it/s, loss=1.1136, rec=0.2671, t=0.9969]
Epoch 2/60:  38%|███▊      | 15/39 [00:00<00:00, 31.61it/s, loss=1.0710, rec=0.2661, t=0.9968]
Epoch 2/60:  38%|███▊      | 15/39 [00:00<00:00, 31.61it/s, loss=1.0331, rec=0.2657, t=0.9968]
Epoch 2/60:  38%|███▊      | 15/39 [00:00<00:00, 31.61it/s, loss=0.9991, rec=0.2657, t=0.9967]
Epoch 2/60:  49%|████▊     | 19/39 [00:00<00:00, 32.31it/s, loss=0.9991, rec=0.2657, t=0.9967]
Epoch 2/60:  49%|████▊     | 19/39 [00:00<00:00, 32.31it/s, loss=0.9682, rec=0.2656, t=0.9966]
Epoch 2/60:  49%|████▊     | 19/39 [00:00<00:00, 32.31it/s, loss=0.9399, rec=0.2654, t=0.9966]
Epoch 2/60:  49%|████▊     | 19/39 [00:00<00:00, 32.31it/s, loss=0.9135, rec=0.2647, t=0.9965]
Epoch 2/60:  49%|████▊     | 19/39 [00:00<00:00, 32.31it/s, loss=0.8890, rec=0.2640, t=0.9965]
Epoch 2/60:  59%|█████▉    | 23/39 [00:00<00:00, 32.43it/s, loss=0.8890, rec=0.2640, t=0.9965]
Epoch 2/60:  59%|█████▉    | 23/39 [00:00<00:00, 32.43it/s, loss=0.8663, rec=0.2630, t=0.9964]
Epoch 2/60:  59%|█████▉    | 23/39 [00:00<00:00, 32.43it/s, loss=0.8451, rec=0.2618, t=0.9964]
Epoch 2/60:  59%|█████▉    | 23/39 [00:00<00:00, 32.43it/s, loss=0.8253, rec=0.2604, t=0.9963]
Epoch 2/60:  59%|█████▉    | 23/39 [00:00<00:00, 32.43it/s, loss=0.8067, rec=0.2590, t=0.9962]
Epoch 2/60:  69%|██████▉   | 27/39 [00:00<00:00, 32.83it/s, loss=0.8067, rec=0.2590, t=0.9962]
Epoch 2/60:  69%|██████▉   | 27/39 [00:00<00:00, 32.83it/s, loss=0.7894, rec=0.2576, t=0.9962]
Epoch 2/60:  69%|██████▉   | 27/39 [00:00<00:00, 32.83it/s, loss=0.7732, rec=0.2562, t=0.9961]
Epoch 2/60:  69%|██████▉   | 27/39 [00:00<00:00, 32.83it/s, loss=0.7582, rec=0.2550, t=0.9961]
Epoch 2/60:  69%|██████▉   | 27/39 [00:00<00:00, 32.83it/s, loss=0.7440, rec=0.2539, t=0.9960]
Epoch 2/60:  79%|███████▉  | 31/39 [00:00<00:00, 33.50it/s, loss=0.7440, rec=0.2539, t=0.9960]
Epoch 2/60:  79%|███████▉  | 31/39 [00:00<00:00, 33.50it/s, loss=0.7306, rec=0.2528, t=0.9959]
Epoch 2/60:  79%|███████▉  | 31/39 [00:01<00:00, 33.50it/s, loss=0.7182, rec=0.2519, t=0.9959]
Epoch 2/60:  79%|███████▉  | 31/39 [00:01<00:00, 33.50it/s, loss=0.7063, rec=0.2510, t=0.9958]
Epoch 2/60:  79%|███████▉  | 31/39 [00:01<00:00, 33.50it/s, loss=0.6950, rec=0.2500, t=0.9958]
Epoch 2/60:  90%|████████▉ | 35/39 [00:01<00:00, 33.50it/s, loss=0.6950, rec=0.2500, t=0.9958]
Epoch 2/60:  90%|████████▉ | 35/39 [00:01<00:00, 33.50it/s, loss=0.6842, rec=0.2492, t=0.9957]
Epoch 2/60:  90%|████████▉ | 35/39 [00:01<00:00, 33.50it/s, loss=0.6739, rec=0.2484, t=0.9957]
Epoch 2/60:  90%|████████▉ | 35/39 [00:01<00:00, 33.50it/s, loss=0.6639, rec=0.2474, t=0.9956]
Epoch 2/60:  90%|████████▉ | 35/39 [00:01<00:00, 33.50it/s, loss=0.6635, rec=0.2474, t=0.9955]
                                                                                              
[Epoch    2/60] loss=0.663484 | rec=0.247408 | cb=1.118609 | com=1.118609 | uniq=0.491264 | rqvae=0.391513 | t=0.995544 | global_step=78

Epoch 3/60:   0%|          | 0/39 [00:00<?, ?it/s, loss=0.2829, rec=0.2103, t=0.9955]
Epoch 3/60:   0%|          | 0/39 [00:00<?, ?it/s, loss=0.2807, rec=0.2090, t=0.9954]
Epoch 3/60:   0%|          | 0/39 [00:00<?, ?it/s, loss=0.2793, rec=0.2087, t=0.9954]
Epoch 3/60:   8%|▊         | 3/39 [00:00<00:01, 28.01it/s, loss=0.2793, rec=0.2087, t=0.9954]
Epoch 3/60:   8%|▊         | 3/39 [00:00<00:01, 28.01it/s, loss=0.2781, rec=0.2087, t=0.9953]
Epoch 3/60:   8%|▊         | 3/39 [00:00<00:01, 28.01it/s, loss=0.2779, rec=0.2094, t=0.9953]
Epoch 3/60:   8%|▊         | 3/39 [00:00<00:01, 28.01it/s, loss=0.2782, rec=0.2107, t=0.9952]
Epoch 3/60:   8%|▊         | 3/39 [00:00<00:01, 28.01it/s, loss=0.2789, rec=0.2122, t=0.9951]
Epoch 3/60:  18%|█▊        | 7/39 [00:00<00:01, 29.57it/s, loss=0.2789, rec=0.2122, t=0.9951]
Epoch 3/60:  18%|█▊        | 7/39 [00:00<00:01, 29.57it/s, loss=0.2797, rec=0.2137, t=0.9951]
Epoch 3/60:  18%|█▊        | 7/39 [00:00<00:01, 29.57it/s, loss=0.2799, rec=0.2145, t=0.9950]
Epoch 3/60:  18%|█▊        | 7/39 [00:00<00:01, 29.57it/s, loss=0.2796, rec=0.2148, t=0.9950]
Epoch 3/60:  18%|█▊        | 7/39 [00:00<00:01, 29.57it/s, loss=0.2792, rec=0.2149, t=0.9949]
Epoch 3/60:  28%|██▊       | 11/39 [00:00<00:00, 30.49it/s, loss=0.2792, rec=0.2149, t=0.9949]
Epoch 3/60:  28%|██▊       | 11/39 [00:00<00:00, 30.49it/s, loss=0.2785, rec=0.2146, t=0.9949]
Epoch 3/60:  28%|██▊       | 11/39 [00:00<00:00, 30.49it/s, loss=0.2778, rec=0.2142, t=0.9948]
Epoch 3/60:  28%|██▊       | 11/39 [00:00<00:00, 30.49it/s, loss=0.2771, rec=0.2137, t=0.9947]
Epoch 3/60:  28%|██▊       | 11/39 [00:00<00:00, 30.49it/s, loss=0.2762, rec=0.2131, t=0.9947]
Epoch 3/60:  38%|███▊      | 15/39 [00:00<00:00, 30.77it/s, loss=0.2762, rec=0.2131, t=0.9947]
Epoch 3/60:  38%|███▊      | 15/39 [00:00<00:00, 30.77it/s, loss=0.2756, rec=0.2125, t=0.9946]
Epoch 3/60:  38%|███▊      | 15/39 [00:00<00:00, 30.77it/s, loss=0.2751, rec=0.2121, t=0.9946]
Epoch 3/60:  38%|███▊      | 15/39 [00:00<00:00, 30.77it/s, loss=0.2747, rec=0.2117, t=0.9945]
Epoch 3/60:  38%|███▊      | 15/39 [00:00<00:00, 30.77it/s, loss=0.2746, rec=0.2116, t=0.9944]
Epoch 3/60:  49%|████▊     | 19/39 [00:00<00:00, 30.91it/s, loss=0.2746, rec=0.2116, t=0.9944]
Epoch 3/60:  49%|████▊     | 19/39 [00:00<00:00, 30.91it/s, loss=0.2744, rec=0.2113, t=0.9944]
Epoch 3/60:  49%|████▊     | 19/39 [00:00<00:00, 30.91it/s, loss=0.2743, rec=0.2112, t=0.9943]
Epoch 3/60:  49%|████▊     | 19/39 [00:00<00:00, 30.91it/s, loss=0.2740, rec=0.2109, t=0.9943]
Epoch 3/60:  49%|████▊     | 19/39 [00:00<00:00, 30.91it/s, loss=0.2737, rec=0.2106, t=0.9942]
Epoch 3/60:  59%|█████▉    | 23/39 [00:00<00:00, 30.47it/s, loss=0.2737, rec=0.2106, t=0.9942]
Epoch 3/60:  59%|█████▉    | 23/39 [00:00<00:00, 30.47it/s, loss=0.2733, rec=0.2103, t=0.9942]
Epoch 3/60:  59%|█████▉    | 23/39 [00:00<00:00, 30.47it/s, loss=0.2728, rec=0.2100, t=0.9941]
Epoch 3/60:  59%|█████▉    | 23/39 [00:00<00:00, 30.47it/s, loss=0.2723, rec=0.2096, t=0.9940]
Epoch 3/60:  59%|█████▉    | 23/39 [00:00<00:00, 30.47it/s, loss=0.2717, rec=0.2092, t=0.9940]
Epoch 3/60:  69%|██████▉   | 27/39 [00:00<00:00, 30.13it/s, loss=0.2717, rec=0.2092, t=0.9940]
Epoch 3/60:  69%|██████▉   | 27/39 [00:00<00:00, 30.13it/s, loss=0.2711, rec=0.2089, t=0.9939]
Epoch 3/60:  69%|██████▉   | 27/39 [00:00<00:00, 30.13it/s, loss=0.2705, rec=0.2086, t=0.9939]
Epoch 3/60:  69%|██████▉   | 27/39 [00:00<00:00, 30.13it/s, loss=0.2699, rec=0.2082, t=0.9938]
Epoch 3/60:  69%|██████▉   | 27/39 [00:01<00:00, 30.13it/s, loss=0.2694, rec=0.2080, t=0.9938]
Epoch 3/60:  79%|███████▉  | 31/39 [00:01<00:00, 30.28it/s, loss=0.2694, rec=0.2080, t=0.9938]
Epoch 3/60:  79%|███████▉  | 31/39 [00:01<00:00, 30.28it/s, loss=0.2688, rec=0.2077, t=0.9937]
Epoch 3/60:  79%|███████▉  | 31/39 [00:01<00:00, 30.28it/s, loss=0.2681, rec=0.2073, t=0.9936]
Epoch 3/60:  79%|███████▉  | 31/39 [00:01<00:00, 30.28it/s, loss=0.2675, rec=0.2070, t=0.9936]
Epoch 3/60:  79%|███████▉  | 31/39 [00:01<00:00, 30.28it/s, loss=0.2670, rec=0.2068, t=0.9935]
Epoch 3/60:  90%|████████▉ | 35/39 [00:01<00:00, 30.48it/s, loss=0.2670, rec=0.2068, t=0.9935]
Epoch 3/60:  90%|████████▉ | 35/39 [00:01<00:00, 30.48it/s, loss=0.2665, rec=0.2066, t=0.9935]
Epoch 3/60:  90%|████████▉ | 35/39 [00:01<00:00, 30.48it/s, loss=0.2659, rec=0.2064, t=0.9934]
Epoch 3/60:  90%|████████▉ | 35/39 [00:01<00:00, 30.48it/s, loss=0.2654, rec=0.2062, t=0.9934]
Epoch 3/60:  90%|████████▉ | 35/39 [00:01<00:00, 30.48it/s, loss=0.2654, rec=0.2062, t=0.9933]
                                                                                              
[Epoch    3/60] loss=0.265445 | rec=0.206192 | cb=0.100413 | com=0.100413 | uniq=0.482168 | rqvae=0.035145 | t=0.993295 | global_step=117

Epoch 4/60:   0%|          | 0/39 [00:00<?, ?it/s, loss=0.2463, rec=0.1987, t=0.9932]
Epoch 4/60:   0%|          | 0/39 [00:00<?, ?it/s, loss=0.2458, rec=0.1987, t=0.9932]
Epoch 4/60:   0%|          | 0/39 [00:00<?, ?it/s, loss=0.2458, rec=0.1990, t=0.9931]
Epoch 4/60:   8%|▊         | 3/39 [00:00<00:01, 27.01it/s, loss=0.2458, rec=0.1990, t=0.9931]
Epoch 4/60:   8%|▊         | 3/39 [00:00<00:01, 27.01it/s, loss=0.2463, rec=0.1994, t=0.9931]
Epoch 4/60:   8%|▊         | 3/39 [00:00<00:01, 27.01it/s, loss=0.2461, rec=0.1994, t=0.9930]
Epoch 4/60:   8%|▊         | 3/39 [00:00<00:01, 27.01it/s, loss=0.2462, rec=0.1994, t=0.9929]
Epoch 4/60:  15%|█▌        | 6/39 [00:00<00:01, 20.52it/s, loss=0.2462, rec=0.1994, t=0.9929]
Epoch 4/60:  15%|█▌        | 6/39 [00:00<00:01, 20.52it/s, loss=0.2465, rec=0.1998, t=0.9929]
Epoch 4/60:  15%|█▌        | 6/39 [00:00<00:01, 20.52it/s, loss=0.2470, rec=0.2003, t=0.9928]
Epoch 4/60:  15%|█▌        | 6/39 [00:00<00:01, 20.52it/s, loss=0.2470, rec=0.2003, t=0.9928]
Epoch 4/60:  23%|██▎       | 9/39 [00:00<00:01, 23.53it/s, loss=0.2470, rec=0.2003, t=0.9928]
Epoch 4/60:  23%|██▎       | 9/39 [00:00<00:01, 23.53it/s, loss=0.2468, rec=0.2001, t=0.9927]
Epoch 4/60:  23%|██▎       | 9/39 [00:00<00:01, 23.53it/s, loss=0.2468, rec=0.2003, t=0.9927]
Epoch 4/60:  23%|██▎       | 9/39 [00:00<00:01, 23.53it/s, loss=0.2468, rec=0.2002, t=0.9926]
Epoch 4/60:  31%|███       | 12/39 [00:00<00:01, 25.22it/s, loss=0.2468, rec=0.2002, t=0.9926]
Epoch 4/60:  31%|███       | 12/39 [00:00<00:01, 25.22it/s, loss=0.2467, rec=0.2002, t=0.9925]
Epoch 4/60:  31%|███       | 12/39 [00:00<00:01, 25.22it/s, loss=0.2466, rec=0.2001, t=0.9925]
Epoch 4/60:  31%|███       | 12/39 [00:00<00:01, 25.22it/s, loss=0.2465, rec=0.2001, t=0.9924]
Epoch 4/60:  38%|███▊      | 15/39 [00:00<00:00, 26.38it/s, loss=0.2465, rec=0.2001, t=0.9924]
Epoch 4/60:  38%|███▊      | 15/39 [00:00<00:00, 26.38it/s, loss=0.2466, rec=0.2002, t=0.9924]
Epoch 4/60:  38%|███▊      | 15/39 [00:00<00:00, 26.38it/s, loss=0.2466, rec=0.2003, t=0.9923]
Epoch 4/60:  38%|███▊      | 15/39 [00:00<00:00, 26.38it/s, loss=0.2465, rec=0.2002, t=0.9923]
Epoch 4/60:  46%|████▌     | 18/39 [00:00<00:00, 26.92it/s, loss=0.2465, rec=0.2002, t=0.9923]
Epoch 4/60:  46%|████▌     | 18/39 [00:00<00:00, 26.92it/s, loss=0.2463, rec=0.2002, t=0.9922]
Epoch 4/60:  46%|████▌     | 18/39 [00:00<00:00, 26.92it/s, loss=0.2461, rec=0.2001, t=0.9921]
Epoch 4/60:  46%|████▌     | 18/39 [00:00<00:00, 26.92it/s, loss=0.2460, rec=0.2000, t=0.9921]
Epoch 4/60:  46%|████▌     | 18/39 [00:00<00:00, 26.92it/s, loss=0.2458, rec=0.2000, t=0.9920]
Epoch 4/60:  56%|█████▋    | 22/39 [00:00<00:00, 28.10it/s, loss=0.2458, rec=0.2000, t=0.9920]
Epoch 4/60:  56%|█████▋    | 22/39 [00:00<00:00, 28.10it/s, loss=0.2457, rec=0.2000, t=0.9920]
Epoch 4/60:  56%|█████▋    | 22/39 [00:00<00:00, 28.10it/s, loss=0.2455, rec=0.1999, t=0.9919]
Epoch 4/60:  56%|█████▋    | 22/39 [00:00<00:00, 28.10it/s, loss=0.2453, rec=0.1999, t=0.9919]
Epoch 4/60:  64%|██████▍   | 25/39 [00:00<00:00, 28.27it/s, loss=0.2453, rec=0.1999, t=0.9919]
Epoch 4/60:  64%|██████▍   | 25/39 [00:00<00:00, 28.27it/s, loss=0.2452, rec=0.1999, t=0.9918]
Epoch 4/60:  64%|██████▍   | 25/39 [00:01<00:00, 28.27it/s, loss=0.2451, rec=0.1999, t=0.9917]
Epoch 4/60:  64%|██████▍   | 25/39 [00:01<00:00, 28.27it/s, loss=0.2450, rec=0.1999, t=0.9917]
Epoch 4/60:  72%|███████▏  | 28/39 [00:01<00:00, 28.46it/s, loss=0.2450, rec=0.1999, t=0.9917]
Epoch 4/60:  72%|███████▏  | 28/39 [00:01<00:00, 28.46it/s, loss=0.2449, rec=0.1999, t=0.9916]
Epoch 4/60:  72%|███████▏  | 28/39 [00:01<00:00, 28.46it/s, loss=0.2448, rec=0.1999, t=0.9916]
Epoch 4/60:  72%|███████▏  | 28/39 [00:01<00:00, 28.46it/s, loss=0.2446, rec=0.1998, t=0.9915]
Epoch 4/60:  72%|███████▏  | 28/39 [00:01<00:00, 28.46it/s, loss=0.2445, rec=0.1998, t=0.9915]
Epoch 4/60:  82%|████████▏ | 32/39 [00:01<00:00, 28.96it/s, loss=0.2445, rec=0.1998, t=0.9915]
Epoch 4/60:  82%|████████▏ | 32/39 [00:01<00:00, 28.96it/s, loss=0.2443, rec=0.1998, t=0.9914]
Epoch 4/60:  82%|████████▏ | 32/39 [00:01<00:00, 28.96it/s, loss=0.2443, rec=0.1998, t=0.9913]
Epoch 4/60:  82%|████████▏ | 32/39 [00:01<00:00, 28.96it/s, loss=0.2442, rec=0.1998, t=0.9913]
Epoch 4/60:  82%|████████▏ | 32/39 [00:01<00:00, 28.96it/s, loss=0.2441, rec=0.1998, t=0.9912]
Epoch 4/60:  92%|█████████▏| 36/39 [00:01<00:00, 29.50it/s, loss=0.2441, rec=0.1998, t=0.9912]
Epoch 4/60:  92%|█████████▏| 36/39 [00:01<00:00, 29.50it/s, loss=0.2439, rec=0.1997, t=0.9912]
Epoch 4/60:  92%|█████████▏| 36/39 [00:01<00:00, 29.50it/s, loss=0.2438, rec=0.1997, t=0.9911]
Epoch 4/60:  92%|█████████▏| 36/39 [00:01<00:00, 29.50it/s, loss=0.2438, rec=0.1997, t=0.9911]
                                                                                              
[Epoch    4/60] loss=0.243837 | rec=0.199699 | cb=0.057742 | com=0.057742 | uniq=0.478563 | rqvae=0.020210 | t=0.991050 | global_step=156

Epoch 5/60:   0%|          | 0/39 [00:00<?, ?it/s, loss=0.2396, rec=0.1990, t=0.9910]
Epoch 5/60:   0%|          | 0/39 [00:00<?, ?it/s, loss=0.2391, rec=0.1988, t=0.9909]
Epoch 5/60:   0%|          | 0/39 [00:00<?, ?it/s, loss=0.2390, rec=0.1988, t=0.9909]
Epoch 5/60:   8%|▊         | 3/39 [00:00<00:01, 25.29it/s, loss=0.2390, rec=0.1988, t=0.9909]
Epoch 5/60:   8%|▊         | 3/39 [00:00<00:01, 25.29it/s, loss=0.2385, rec=0.1985, t=0.9908]
Epoch 5/60:   8%|▊         | 3/39 [00:00<00:01, 25.29it/s, loss=0.2384, rec=0.1985, t=0.9908]
Epoch 5/60:   8%|▊         | 3/39 [00:00<00:01, 25.29it/s, loss=0.2382, rec=0.1984, t=0.9907]
Epoch 5/60:   8%|▊         | 3/39 [00:00<00:01, 25.29it/s, loss=0.2383, rec=0.1986, t=0.9906]
Epoch 5/60:  18%|█▊        | 7/39 [00:00<00:01, 27.16it/s, loss=0.2383, rec=0.1986, t=0.9906]
Epoch 5/60:  18%|█▊        | 7/39 [00:00<00:01, 27.16it/s, loss=0.2383, rec=0.1987, t=0.9906]
Epoch 5/60:  18%|█▊        | 7/39 [00:00<00:01, 27.16it/s, loss=0.2382, rec=0.1988, t=0.9905]
Epoch 5/60:  18%|█▊        | 7/39 [00:00<00:01, 27.16it/s, loss=0.2380, rec=0.1987, t=0.9905]
Epoch 5/60:  18%|█▊        | 7/39 [00:00<00:01, 27.16it/s, loss=0.2378, rec=0.1986, t=0.9904]
Epoch 5/60:  28%|██▊       | 11/39 [00:00<00:00, 28.69it/s, loss=0.2378, rec=0.1986, t=0.9904]
Epoch 5/60:  28%|██▊       | 11/39 [00:00<00:00, 28.69it/s, loss=0.2379, rec=0.1988, t=0.9904]
Epoch 5/60:  28%|██▊       | 11/39 [00:00<00:00, 28.69it/s, loss=0.2379, rec=0.1988, t=0.9903]
Epoch 5/60:  28%|██▊       | 11/39 [00:00<00:00, 28.69it/s, loss=0.2379, rec=0.1990, t=0.9902]
Epoch 5/60:  28%|██▊       | 11/39 [00:00<00:00, 28.69it/s, loss=0.2379, rec=0.1990, t=0.9902]
Epoch 5/60:  38%|███▊      | 15/39 [00:00<00:00, 29.54it/s, loss=0.2379, rec=0.1990, t=0.9902]
Epoch 5/60:  38%|███▊      | 15/39 [00:00<00:00, 29.54it/s, loss=0.2377, rec=0.1989, t=0.9901]
Epoch 5/60:  38%|███▊      | 15/39 [00:00<00:00, 29.54it/s, loss=0.2377, rec=0.1989, t=0.9901]
Epoch 5/60:  38%|███▊      | 15/39 [00:00<00:00, 29.54it/s, loss=0.2376, rec=0.1989, t=0.9900]
Epoch 5/60:  38%|███▊      | 15/39 [00:00<00:00, 29.54it/s, loss=0.2375, rec=0.1988, t=0.9900]
Epoch 5/60:  49%|████▊     | 19/39 [00:00<00:00, 30.46it/s, loss=0.2375, rec=0.1988, t=0.9900]
Epoch 5/60:  49%|████▊     | 19/39 [00:00<00:00, 30.46it/s, loss=0.2374, rec=0.1988, t=0.9899]
Epoch 5/60:  49%|████▊     | 19/39 [00:00<00:00, 30.46it/s, loss=0.2373, rec=0.1988, t=0.9898]
Epoch 5/60:  49%|████▊     | 19/39 [00:00<00:00, 30.46it/s, loss=0.2373, rec=0.1988, t=0.9898]
Epoch 5/60:  49%|████▊     | 19/39 [00:00<00:00, 30.46it/s, loss=0.2373, rec=0.1988, t=0.9897]
Epoch 5/60:  59%|█████▉    | 23/39 [00:00<00:00, 30.97it/s, loss=0.2373, rec=0.1988, t=0.9897]
Epoch 5/60:  59%|█████▉    | 23/39 [00:00<00:00, 30.97it/s, loss=0.2373, rec=0.1988, t=0.9897]
Epoch 5/60:  59%|█████▉    | 23/39 [00:00<00:00, 30.97it/s, loss=0.2373, rec=0.1988, t=0.9896]
Epoch 5/60:  59%|█████▉    | 23/39 [00:00<00:00, 30.97it/s, loss=0.2372, rec=0.1988, t=0.9896]
Epoch 5/60:  59%|█████▉    | 23/39 [00:00<00:00, 30.97it/s, loss=0.2372, rec=0.1987, t=0.9895]
Epoch 5/60:  69%|██████▉   | 27/39 [00:00<00:00, 31.33it/s, loss=0.2372, rec=0.1987, t=0.9895]
Epoch 5/60:  69%|██████▉   | 27/39 [00:00<00:00, 31.33it/s, loss=0.2371, rec=0.1987, t=0.9894]
Epoch 5/60:  69%|██████▉   | 27/39 [00:00<00:00, 31.33it/s, loss=0.2371, rec=0.1987, t=0.9894]
Epoch 5/60:  69%|██████▉   | 27/39 [00:00<00:00, 31.33it/s, loss=0.2369, rec=0.1986, t=0.9893]
Epoch 5/60:  69%|██████▉   | 27/39 [00:01<00:00, 31.33it/s, loss=0.2369, rec=0.1986, t=0.9893]
Epoch 5/60:  79%|███████▉  | 31/39 [00:01<00:00, 31.19it/s, loss=0.2369, rec=0.1986, t=0.9893]
Epoch 5/60:  79%|███████▉  | 31/39 [00:01<00:00, 31.19it/s, loss=0.2368, rec=0.1985, t=0.9892]
Epoch 5/60:  79%|███████▉  | 31/39 [00:01<00:00, 31.19it/s, loss=0.2366, rec=0.1985, t=0.9892]
Epoch 5/60:  79%|███████▉  | 31/39 [00:01<00:00, 31.19it/s, loss=0.2365, rec=0.1984, t=0.9891]
Epoch 5/60:  79%|███████▉  | 31/39 [00:01<00:00, 31.19it/s, loss=0.2364, rec=0.1984, t=0.9890]
Epoch 5/60:  90%|████████▉ | 35/39 [00:01<00:00, 31.30it/s, loss=0.2364, rec=0.1984, t=0.9890]
Epoch 5/60:  90%|████████▉ | 35/39 [00:01<00:00, 31.30it/s, loss=0.2363, rec=0.1984, t=0.9890]
Epoch 5/60:  90%|████████▉ | 35/39 [00:01<00:00, 31.30it/s, loss=0.2363, rec=0.1984, t=0.9889]
Epoch 5/60:  90%|████████▉ | 35/39 [00:01<00:00, 31.30it/s, loss=0.2363, rec=0.1984, t=0.9889]
Epoch 5/60:  90%|████████▉ | 35/39 [00:01<00:00, 31.30it/s, loss=0.2362, rec=0.1984, t=0.9888]
                                                                                              
[Epoch    5/60] loss=0.236235 | rec=0.198442 | cb=0.040332 | com=0.040332 | uniq=0.473530 | rqvae=0.014116 | t=0.988811 | global_step=195

Epoch 6/60:   0%|          | 0/39 [00:00<?, ?it/s, loss=0.2340, rec=0.1994, t=0.9888]
Epoch 6/60:   0%|          | 0/39 [00:00<?, ?it/s, loss=0.2337, rec=0.1989, t=0.9887]
Epoch 6/60:   0%|          | 0/39 [00:00<?, ?it/s, loss=0.2347, rec=0.1995, t=0.9886]
Epoch 6/60:   8%|▊         | 3/39 [00:00<00:01, 25.84it/s, loss=0.2347, rec=0.1995, t=0.9886]
Epoch 6/60:   8%|▊         | 3/39 [00:00<00:01, 25.84it/s, loss=0.2351, rec=0.1998, t=0.9886]
Epoch 6/60:   8%|▊         | 3/39 [00:00<00:01, 25.84it/s, loss=0.2352, rec=0.1997, t=0.9885]
Epoch 6/60:   8%|▊         | 3/39 [00:00<00:01, 25.84it/s, loss=0.2349, rec=0.1993, t=0.9885]
Epoch 6/60:   8%|▊         | 3/39 [00:00<00:01, 25.84it/s, loss=0.2351, rec=0.1993, t=0.9884]
Epoch 6/60:  18%|█▊        | 7/39 [00:00<00:01, 28.11it/s, loss=0.2351, rec=0.1993, t=0.9884]
Epoch 6/60:  18%|█▊        | 7/39 [00:00<00:01, 28.11it/s, loss=0.2348, rec=0.1989, t=0.9884]
Epoch 6/60:  18%|█▊        | 7/39 [00:00<00:01, 28.11it/s, loss=0.2348, rec=0.1988, t=0.9883]
Epoch 6/60:  18%|█▊        | 7/39 [00:00<00:01, 28.11it/s, loss=0.2348, rec=0.1989, t=0.9882]
Epoch 6/60:  26%|██▌       | 10/39 [00:00<00:01, 28.73it/s, loss=0.2348, rec=0.1989, t=0.9882]
Epoch 6/60:  26%|██▌       | 10/39 [00:00<00:01, 28.73it/s, loss=0.2347, rec=0.1987, t=0.9882]
Epoch 6/60:  26%|██▌       | 10/39 [00:00<00:01, 28.73it/s, loss=0.2342, rec=0.1983, t=0.9881]
Epoch 6/60:  26%|██▌       | 10/39 [00:00<00:01, 28.73it/s, loss=0.2341, rec=0.1983, t=0.9881]
Epoch 6/60:  26%|██▌       | 10/39 [00:00<00:01, 28.73it/s, loss=0.2338, rec=0.1980, t=0.9880]
Epoch 6/60:  36%|███▌      | 14/39 [00:00<00:00, 29.18it/s, loss=0.2338, rec=0.1980, t=0.9880]
Epoch 6/60:  36%|███▌      | 14/39 [00:00<00:00, 29.18it/s, loss=0.2336, rec=0.1979, t=0.9880]
Epoch 6/60:  36%|███▌      | 14/39 [00:00<00:00, 29.18it/s, loss=0.2335, rec=0.1979, t=0.9879]
Epoch 6/60:  36%|███▌      | 14/39 [00:00<00:00, 29.18it/s, loss=0.2334, rec=0.1979, t=0.9878]
Epoch 6/60:  44%|████▎     | 17/39 [00:00<00:00, 28.80it/s, loss=0.2334, rec=0.1979, t=0.9878]
Epoch 6/60:  44%|████▎     | 17/39 [00:00<00:00, 28.80it/s, loss=0.2331, rec=0.1977, t=0.9878]
Epoch 6/60:  44%|████▎     | 17/39 [00:00<00:00, 28.80it/s, loss=0.2330, rec=0.1977, t=0.9877]
Epoch 6/60:  44%|████▎     | 17/39 [00:00<00:00, 28.80it/s, loss=0.2329, rec=0.1976, t=0.9877]
Epoch 6/60:  51%|█████▏    | 20/39 [00:00<00:00, 28.93it/s, loss=0.2329, rec=0.1976, t=0.9877]
Epoch 6/60:  51%|█████▏    | 20/39 [00:00<00:00, 28.93it/s, loss=0.2328, rec=0.1976, t=0.9876]
Epoch 6/60:  51%|█████▏    | 20/39 [00:00<00:00, 28.93it/s, loss=0.2327, rec=0.1976, t=0.9876]
Epoch 6/60:  51%|█████▏    | 20/39 [00:00<00:00, 28.93it/s, loss=0.2325, rec=0.1975, t=0.9875]
Epoch 6/60:  59%|█████▉    | 23/39 [00:00<00:00, 28.29it/s, loss=0.2325, rec=0.1975, t=0.9875]
Epoch 6/60:  59%|█████▉    | 23/39 [00:00<00:00, 28.29it/s, loss=0.2324, rec=0.1974, t=0.9874]
Epoch 6/60:  59%|█████▉    | 23/39 [00:00<00:00, 28.29it/s, loss=0.2322, rec=0.1972, t=0.9874]
Epoch 6/60:  59%|█████▉    | 23/39 [00:00<00:00, 28.29it/s, loss=0.2321, rec=0.1971, t=0.9873]
Epoch 6/60:  59%|█████▉    | 23/39 [00:00<00:00, 28.29it/s, loss=0.2319, rec=0.1970, t=0.9873]
Epoch 6/60:  69%|██████▉   | 27/39 [00:00<00:00, 29.41it/s, loss=0.2319, rec=0.1970, t=0.9873]
Epoch 6/60:  69%|██████▉   | 27/39 [00:00<00:00, 29.41it/s, loss=0.2318, rec=0.1969, t=0.9872]
Epoch 6/60:  69%|██████▉   | 27/39 [00:00<00:00, 29.41it/s, loss=0.2318, rec=0.1969, t=0.9871]
Epoch 6/60:  69%|██████▉   | 27/39 [00:01<00:00, 29.41it/s, loss=0.2317, rec=0.1968, t=0.9871]
Epoch 6/60:  69%|██████▉   | 27/39 [00:01<00:00, 29.41it/s, loss=0.2317, rec=0.1968, t=0.9870]
Epoch 6/60:  79%|███████▉  | 31/39 [00:01<00:00, 30.32it/s, loss=0.2317, rec=0.1968, t=0.9870]
Epoch 6/60:  79%|███████▉  | 31/39 [00:01<00:00, 30.32it/s, loss=0.2316, rec=0.1967, t=0.9870]
Epoch 6/60:  79%|███████▉  | 31/39 [00:01<00:00, 30.32it/s, loss=0.2316, rec=0.1967, t=0.9869]
Epoch 6/60:  79%|███████▉  | 31/39 [00:01<00:00, 30.32it/s, loss=0.2315, rec=0.1966, t=0.9869]
Epoch 6/60:  79%|███████▉  | 31/39 [00:01<00:00, 30.32it/s, loss=0.2314, rec=0.1965, t=0.9868]
Epoch 6/60:  90%|████████▉ | 35/39 [00:01<00:00, 28.70it/s, loss=0.2314, rec=0.1965, t=0.9868]
Epoch 6/60:  90%|████████▉ | 35/39 [00:01<00:00, 28.70it/s, loss=0.2313, rec=0.1964, t=0.9867]
Epoch 6/60:  90%|████████▉ | 35/39 [00:01<00:00, 28.70it/s, loss=0.2311, rec=0.1963, t=0.9867]
Epoch 6/60:  90%|████████▉ | 35/39 [00:01<00:00, 28.70it/s, loss=0.2311, rec=0.1963, t=0.9866]
Epoch 6/60:  90%|████████▉ | 35/39 [00:01<00:00, 28.70it/s, loss=0.2310, rec=0.1963, t=0.9866]
                                                                                              
[Epoch    6/60] loss=0.231043 | rec=0.196279 | cb=0.031985 | com=0.031985 | uniq=0.471369 | rqvae=0.011195 | t=0.986577 | global_step=234

Epoch 7/60:   0%|          | 0/39 [00:00<?, ?it/s, loss=0.2294, rec=0.1963, t=0.9865]
Epoch 7/60:   0%|          | 0/39 [00:00<?, ?it/s, loss=0.2291, rec=0.1961, t=0.9865]
Epoch 7/60:   0%|          | 0/39 [00:00<?, ?it/s, loss=0.2286, rec=0.1956, t=0.9864]
Epoch 7/60:   8%|▊         | 3/39 [00:00<00:01, 25.27it/s, loss=0.2286, rec=0.1956, t=0.9864]
Epoch 7/60:   8%|▊         | 3/39 [00:00<00:01, 25.27it/s, loss=0.2282, rec=0.1953, t=0.9863]
Epoch 7/60:   8%|▊         | 3/39 [00:00<00:01, 25.27it/s, loss=0.2280, rec=0.1951, t=0.9863]
Epoch 7/60:   8%|▊         | 3/39 [00:00<00:01, 25.27it/s, loss=0.2279, rec=0.1951, t=0.9862]
Epoch 7/60:   8%|▊         | 3/39 [00:00<00:01, 25.27it/s, loss=0.2275, rec=0.1948, t=0.9862]
Epoch 7/60:  18%|█▊        | 7/39 [00:00<00:01, 28.50it/s, loss=0.2275, rec=0.1948, t=0.9862]
Epoch 7/60:  18%|█▊        | 7/39 [00:00<00:01, 28.50it/s, loss=0.2276, rec=0.1948, t=0.9861]
Epoch 7/60:  18%|█▊        | 7/39 [00:00<00:01, 28.50it/s, loss=0.2274, rec=0.1946, t=0.9861]
Epoch 7/60:  18%|█▊        | 7/39 [00:00<00:01, 28.50it/s, loss=0.2274, rec=0.1946, t=0.9860]
Epoch 7/60:  18%|█▊        | 7/39 [00:00<00:01, 28.50it/s, loss=0.2272, rec=0.1943, t=0.9859]
Epoch 7/60:  28%|██▊       | 11/39 [00:00<00:00, 29.84it/s, loss=0.2272, rec=0.1943, t=0.9859]
Epoch 7/60:  28%|██▊       | 11/39 [00:00<00:00, 29.84it/s, loss=0.2271, rec=0.1942, t=0.9859]
Epoch 7/60:  28%|██▊       | 11/39 [00:00<00:00, 29.84it/s, loss=0.2269, rec=0.1940, t=0.9858]
Epoch 7/60:  28%|██▊       | 11/39 [00:00<00:00, 29.84it/s, loss=0.2268, rec=0.1939, t=0.9858]
Epoch 7/60:  28%|██▊       | 11/39 [00:00<00:00, 29.84it/s, loss=0.2267, rec=0.1937, t=0.9857]
Epoch 7/60:  38%|███▊      | 15/39 [00:00<00:00, 29.86it/s, loss=0.2267, rec=0.1937, t=0.9857]
Epoch 7/60:  38%|███▊      | 15/39 [00:00<00:00, 29.86it/s, loss=0.2265, rec=0.1935, t=0.9857]
Epoch 7/60:  38%|███▊      | 15/39 [00:00<00:00, 29.86it/s, loss=0.2265, rec=0.1935, t=0.9856]
Epoch 7/60:  38%|███▊      | 15/39 [00:00<00:00, 29.86it/s, loss=0.2266, rec=0.1936, t=0.9855]
Epoch 7/60:  38%|███▊      | 15/39 [00:00<00:00, 29.86it/s, loss=0.2265, rec=0.1935, t=0.9855]
Epoch 7/60:  49%|████▊     | 19/39 [00:00<00:00, 29.96it/s, loss=0.2265, rec=0.1935, t=0.9855]
Epoch 7/60:  49%|████▊     | 19/39 [00:00<00:00, 29.96it/s, loss=0.2266, rec=0.1936, t=0.9854]
Epoch 7/60:  49%|████▊     | 19/39 [00:00<00:00, 29.96it/s, loss=0.2266, rec=0.1936, t=0.9854]
Epoch 7/60:  49%|████▊     | 19/39 [00:00<00:00, 29.96it/s, loss=0.2264, rec=0.1934, t=0.9853]
Epoch 7/60:  49%|████▊     | 19/39 [00:00<00:00, 29.96it/s, loss=0.2263, rec=0.1933, t=0.9853]
Epoch 7/60:  59%|█████▉    | 23/39 [00:00<00:00, 29.64it/s, loss=0.2263, rec=0.1933, t=0.9853]
Epoch 7/60:  59%|█████▉    | 23/39 [00:00<00:00, 29.64it/s, loss=0.2263, rec=0.1934, t=0.9852]
Epoch 7/60:  59%|█████▉    | 23/39 [00:00<00:00, 29.64it/s, loss=0.2261, rec=0.1932, t=0.9851]
Epoch 7/60:  59%|█████▉    | 23/39 [00:00<00:00, 29.64it/s, loss=0.2261, rec=0.1932, t=0.9851]
Epoch 7/60:  67%|██████▋   | 26/39 [00:00<00:00, 27.12it/s, loss=0.2261, rec=0.1932, t=0.9851]
Epoch 7/60:  67%|██████▋   | 26/39 [00:00<00:00, 27.12it/s, loss=0.2260, rec=0.1932, t=0.9850]
Epoch 7/60:  67%|██████▋   | 26/39 [00:01<00:00, 27.12it/s, loss=0.2259, rec=0.1932, t=0.9850]
Epoch 7/60:  67%|██████▋   | 26/39 [00:01<00:00, 27.12it/s, loss=0.2258, rec=0.1931, t=0.9849]
Epoch 7/60:  74%|███████▍  | 29/39 [00:01<00:00, 26.19it/s, loss=0.2258, rec=0.1931, t=0.9849]
Epoch 7/60:  74%|███████▍  | 29/39 [00:01<00:00, 26.19it/s, loss=0.2257, rec=0.1930, t=0.9849]
Epoch 7/60:  74%|███████▍  | 29/39 [00:01<00:00, 26.19it/s, loss=0.2256, rec=0.1929, t=0.9848]
Epoch 7/60:  74%|███████▍  | 29/39 [00:01<00:00, 26.19it/s, loss=0.2254, rec=0.1928, t=0.9847]
Epoch 7/60:  74%|███████▍  | 29/39 [00:01<00:00, 26.19it/s, loss=0.2254, rec=0.1927, t=0.9847]
Epoch 7/60:  85%|████████▍ | 33/39 [00:01<00:00, 27.46it/s, loss=0.2254, rec=0.1927, t=0.9847]
Epoch 7/60:  85%|████████▍ | 33/39 [00:01<00:00, 27.46it/s, loss=0.2253, rec=0.1927, t=0.9846]
Epoch 7/60:  85%|████████▍ | 33/39 [00:01<00:00, 27.46it/s, loss=0.2252, rec=0.1925, t=0.9846]
Epoch 7/60:  85%|████████▍ | 33/39 [00:01<00:00, 27.46it/s, loss=0.2251, rec=0.1925, t=0.9845]
Epoch 7/60:  92%|█████████▏| 36/39 [00:01<00:00, 27.80it/s, loss=0.2251, rec=0.1925, t=0.9845]
Epoch 7/60:  92%|█████████▏| 36/39 [00:01<00:00, 27.80it/s, loss=0.2250, rec=0.1924, t=0.9845]
Epoch 7/60:  92%|█████████▏| 36/39 [00:01<00:00, 27.80it/s, loss=0.2249, rec=0.1923, t=0.9844]
Epoch 7/60:  92%|█████████▏| 36/39 [00:01<00:00, 27.80it/s, loss=0.2249, rec=0.1923, t=0.9843]
                                                                                              
[Epoch    7/60] loss=0.224924 | rec=0.192338 | cb=0.026311 | com=0.026311 | uniq=0.467555 | rqvae=0.009209 | t=0.984348 | global_step=273

Epoch 8/60:   0%|          | 0/39 [00:00<?, ?it/s, loss=0.2226, rec=0.1910, t=0.9843]
Epoch 8/60:   0%|          | 0/39 [00:00<?, ?it/s, loss=0.2219, rec=0.1902, t=0.9842]
Epoch 8/60:   0%|          | 0/39 [00:00<?, ?it/s, loss=0.2220, rec=0.1903, t=0.9842]
Epoch 8/60:   8%|▊         | 3/39 [00:00<00:01, 26.22it/s, loss=0.2220, rec=0.1903, t=0.9842]
Epoch 8/60:   8%|▊         | 3/39 [00:00<00:01, 26.22it/s, loss=0.2217, rec=0.1900, t=0.9841]
Epoch 8/60:   8%|▊         | 3/39 [00:00<00:01, 26.22it/s, loss=0.2211, rec=0.1896, t=0.9841]
Epoch 8/60:   8%|▊         | 3/39 [00:00<00:01, 26.22it/s, loss=0.2210, rec=0.1895, t=0.9840]
Epoch 8/60:   8%|▊         | 3/39 [00:00<00:01, 26.22it/s, loss=0.2210, rec=0.1894, t=0.9839]
Epoch 8/60:  18%|█▊        | 7/39 [00:00<00:01, 29.26it/s, loss=0.2210, rec=0.1894, t=0.9839]
Epoch 8/60:  18%|█▊        | 7/39 [00:00<00:01, 29.26it/s, loss=0.2210, rec=0.1894, t=0.9839]
Epoch 8/60:  18%|█▊        | 7/39 [00:00<00:01, 29.26it/s, loss=0.2208, rec=0.1892, t=0.9838]
Epoch 8/60:  18%|█▊        | 7/39 [00:00<00:01, 29.26it/s, loss=0.2208, rec=0.1892, t=0.9838]
Epoch 8/60:  18%|█▊        | 7/39 [00:00<00:01, 29.26it/s, loss=0.2207, rec=0.1892, t=0.9837]
Epoch 8/60:  28%|██▊       | 11/39 [00:00<00:00, 29.91it/s, loss=0.2207, rec=0.1892, t=0.9837]
Epoch 8/60:  28%|██▊       | 11/39 [00:00<00:00, 29.91it/s, loss=0.2207, rec=0.1892, t=0.9837]
Epoch 8/60:  28%|██▊       | 11/39 [00:00<00:00, 29.91it/s, loss=0.2206, rec=0.1892, t=0.9836]
Epoch 8/60:  28%|██▊       | 11/39 [00:00<00:00, 29.91it/s, loss=0.2205, rec=0.1891, t=0.9835]
Epoch 8/60:  28%|██▊       | 11/39 [00:00<00:00, 29.91it/s, loss=0.2203, rec=0.1890, t=0.9835]
Epoch 8/60:  38%|███▊      | 15/39 [00:00<00:00, 30.51it/s, loss=0.2203, rec=0.1890, t=0.9835]
Epoch 8/60:  38%|███▊      | 15/39 [00:00<00:00, 30.51it/s, loss=0.2204, rec=0.1890, t=0.9834]
Epoch 8/60:  38%|███▊      | 15/39 [00:00<00:00, 30.51it/s, loss=0.2204, rec=0.1890, t=0.9834]
Epoch 8/60:  38%|███▊      | 15/39 [00:00<00:00, 30.51it/s, loss=0.2203, rec=0.1890, t=0.9833]
Epoch 8/60:  38%|███▊      | 15/39 [00:00<00:00, 30.51it/s, loss=0.2203, rec=0.1890, t=0.9833]
Epoch 8/60:  49%|████▊     | 19/39 [00:00<00:00, 32.22it/s, loss=0.2203, rec=0.1890, t=0.9833]
Epoch 8/60:  49%|████▊     | 19/39 [00:00<00:00, 32.22it/s, loss=0.2201, rec=0.1888, t=0.9832]
Epoch 8/60:  49%|████▊     | 19/39 [00:00<00:00, 32.22it/s, loss=0.2200, rec=0.1887, t=0.9831]
Epoch 8/60:  49%|████▊     | 19/39 [00:00<00:00, 32.22it/s, loss=0.2198, rec=0.1885, t=0.9831]
Epoch 8/60:  49%|████▊     | 19/39 [00:00<00:00, 32.22it/s, loss=0.2198, rec=0.1884, t=0.9830]
Epoch 8/60:  59%|█████▉    | 23/39 [00:00<00:00, 33.94it/s, loss=0.2198, rec=0.1884, t=0.9830]
Epoch 8/60:  59%|█████▉    | 23/39 [00:00<00:00, 33.94it/s, loss=0.2197, rec=0.1884, t=0.9830]
Epoch 8/60:  59%|█████▉    | 23/39 [00:00<00:00, 33.94it/s, loss=0.2197, rec=0.1884, t=0.9829]
Epoch 8/60:  59%|█████▉    | 23/39 [00:00<00:00, 33.94it/s, loss=0.2197, rec=0.1883, t=0.9829]
Epoch 8/60:  59%|█████▉    | 23/39 [00:00<00:00, 33.94it/s, loss=0.2197, rec=0.1883, t=0.9828]
Epoch 8/60:  69%|██████▉   | 27/39 [00:00<00:00, 33.81it/s, loss=0.2197, rec=0.1883, t=0.9828]
Epoch 8/60:  69%|██████▉   | 27/39 [00:00<00:00, 33.81it/s, loss=0.2195, rec=0.1882, t=0.9828]
Epoch 8/60:  69%|██████▉   | 27/39 [00:00<00:00, 33.81it/s, loss=0.2195, rec=0.1882, t=0.9827]
Epoch 8/60:  69%|██████▉   | 27/39 [00:00<00:00, 33.81it/s, loss=0.2195, rec=0.1882, t=0.9826]
Epoch 8/60:  69%|██████▉   | 27/39 [00:00<00:00, 33.81it/s, loss=0.2194, rec=0.1882, t=0.9826]
Epoch 8/60:  79%|███████▉  | 31/39 [00:00<00:00, 32.86it/s, loss=0.2194, rec=0.1882, t=0.9826]
Epoch 8/60:  79%|███████▉  | 31/39 [00:00<00:00, 32.86it/s, loss=0.2194, rec=0.1881, t=0.9825]
Epoch 8/60:  79%|███████▉  | 31/39 [00:01<00:00, 32.86it/s, loss=0.2193, rec=0.1881, t=0.9825]
Epoch 8/60:  79%|███████▉  | 31/39 [00:01<00:00, 32.86it/s, loss=0.2192, rec=0.1880, t=0.9824]
Epoch 8/60:  79%|███████▉  | 31/39 [00:01<00:00, 32.86it/s, loss=0.2191, rec=0.1880, t=0.9824]
Epoch 8/60:  90%|████████▉ | 35/39 [00:01<00:00, 32.42it/s, loss=0.2191, rec=0.1880, t=0.9824]
Epoch 8/60:  90%|████████▉ | 35/39 [00:01<00:00, 32.42it/s, loss=0.2191, rec=0.1879, t=0.9823]
Epoch 8/60:  90%|████████▉ | 35/39 [00:01<00:00, 32.42it/s, loss=0.2190, rec=0.1879, t=0.9822]
Epoch 8/60:  90%|████████▉ | 35/39 [00:01<00:00, 32.42it/s, loss=0.2189, rec=0.1878, t=0.9822]
Epoch 8/60:  90%|████████▉ | 35/39 [00:01<00:00, 32.42it/s, loss=0.2189, rec=0.1878, t=0.9821]
                                                                                              
[Epoch    8/60] loss=0.218916 | rec=0.187813 | cb=0.022629 | com=0.022629 | uniq=0.463670 | rqvae=0.007920 | t=0.982124 | global_step=312

Epoch 9/60:   0%|          | 0/39 [00:00<?, ?it/s, loss=0.2168, rec=0.1863, t=0.9821]
Epoch 9/60:   0%|          | 0/39 [00:00<?, ?it/s, loss=0.2157, rec=0.1852, t=0.9820]
Epoch 9/60:   0%|          | 0/39 [00:00<?, ?it/s, loss=0.2157, rec=0.1851, t=0.9820]
Epoch 9/60:   8%|▊         | 3/39 [00:00<00:01, 24.92it/s, loss=0.2157, rec=0.1851, t=0.9820]
Epoch 9/60:   8%|▊         | 3/39 [00:00<00:01, 24.92it/s, loss=0.2163, rec=0.1856, t=0.9819]
Epoch 9/60:   8%|▊         | 3/39 [00:00<00:01, 24.92it/s, loss=0.2155, rec=0.1847, t=0.9818]
Epoch 9/60:   8%|▊         | 3/39 [00:00<00:01, 24.92it/s, loss=0.2157, rec=0.1849, t=0.9818]
Epoch 9/60:  15%|█▌        | 6/39 [00:00<00:01, 27.47it/s, loss=0.2157, rec=0.1849, t=0.9818]
Epoch 9/60:  15%|█▌        | 6/39 [00:00<00:01, 27.47it/s, loss=0.2159, rec=0.1851, t=0.9817]
Epoch 9/60:  15%|█▌        | 6/39 [00:00<00:01, 27.47it/s, loss=0.2163, rec=0.1854, t=0.9817]
Epoch 9/60:  15%|█▌        | 6/39 [00:00<00:01, 27.47it/s, loss=0.2163, rec=0.1854, t=0.9816]
Epoch 9/60:  15%|█▌        | 6/39 [00:00<00:01, 27.47it/s, loss=0.2165, rec=0.1856, t=0.9816]
Epoch 9/60:  26%|██▌       | 10/39 [00:00<00:00, 29.99it/s, loss=0.2165, rec=0.1856, t=0.9816]
Epoch 9/60:  26%|██▌       | 10/39 [00:00<00:00, 29.99it/s, loss=0.2165, rec=0.1856, t=0.9815]
Epoch 9/60:  26%|██▌       | 10/39 [00:00<00:00, 29.99it/s, loss=0.2164, rec=0.1855, t=0.9814]
Epoch 9/60:  26%|██▌       | 10/39 [00:00<00:00, 29.99it/s, loss=0.2164, rec=0.1855, t=0.9814]
Epoch 9/60:  26%|██▌       | 10/39 [00:00<00:00, 29.99it/s, loss=0.2163, rec=0.1854, t=0.9813]
Epoch 9/60:  36%|███▌      | 14/39 [00:00<00:00, 32.07it/s, loss=0.2163, rec=0.1854, t=0.9813]
Epoch 9/60:  36%|███▌      | 14/39 [00:00<00:00, 32.07it/s, loss=0.2162, rec=0.1854, t=0.9813]
Epoch 9/60:  36%|███▌      | 14/39 [00:00<00:00, 32.07it/s, loss=0.2162, rec=0.1854, t=0.9812]
Epoch 9/60:  36%|███▌      | 14/39 [00:00<00:00, 32.07it/s, loss=0.2163, rec=0.1855, t=0.9812]
Epoch 9/60:  36%|███▌      | 14/39 [00:00<00:00, 32.07it/s, loss=0.2163, rec=0.1856, t=0.9811]
Epoch 9/60:  46%|████▌     | 18/39 [00:00<00:00, 32.04it/s, loss=0.2163, rec=0.1856, t=0.9811]
Epoch 9/60:  46%|████▌     | 18/39 [00:00<00:00, 32.04it/s, loss=0.2163, rec=0.1856, t=0.9810]
Epoch 9/60:  46%|████▌     | 18/39 [00:00<00:00, 32.04it/s, loss=0.2164, rec=0.1857, t=0.9810]
Epoch 9/60:  46%|████▌     | 18/39 [00:00<00:00, 32.04it/s, loss=0.2163, rec=0.1856, t=0.9809]
Epoch 9/60:  46%|████▌     | 18/39 [00:00<00:00, 32.04it/s, loss=0.2162, rec=0.1856, t=0.9809]
Epoch 9/60:  56%|█████▋    | 22/39 [00:00<00:00, 32.12it/s, loss=0.2162, rec=0.1856, t=0.9809]
Epoch 9/60:  56%|█████▋    | 22/39 [00:00<00:00, 32.12it/s, loss=0.2163, rec=0.1857, t=0.9808]
Epoch 9/60:  56%|█████▋    | 22/39 [00:00<00:00, 32.12it/s, loss=0.2164, rec=0.1857, t=0.9808]
Epoch 9/60:  56%|█████▋    | 22/39 [00:00<00:00, 32.12it/s, loss=0.2163, rec=0.1857, t=0.9807]
Epoch 9/60:  56%|█████▋    | 22/39 [00:00<00:00, 32.12it/s, loss=0.2163, rec=0.1857, t=0.9806]
Epoch 9/60:  67%|██████▋   | 26/39 [00:00<00:00, 32.61it/s, loss=0.2163, rec=0.1857, t=0.9806]
Epoch 9/60:  67%|██████▋   | 26/39 [00:00<00:00, 32.61it/s, loss=0.2161, rec=0.1856, t=0.9806]
Epoch 9/60:  67%|██████▋   | 26/39 [00:00<00:00, 32.61it/s, loss=0.2161, rec=0.1855, t=0.9805]
Epoch 9/60:  67%|██████▋   | 26/39 [00:00<00:00, 32.61it/s, loss=0.2160, rec=0.1855, t=0.9805]
Epoch 9/60:  67%|██████▋   | 26/39 [00:00<00:00, 32.61it/s, loss=0.2160, rec=0.1855, t=0.9804]
Epoch 9/60:  77%|███████▋  | 30/39 [00:00<00:00, 33.23it/s, loss=0.2160, rec=0.1855, t=0.9804]
Epoch 9/60:  77%|███████▋  | 30/39 [00:00<00:00, 33.23it/s, loss=0.2160, rec=0.1854, t=0.9804]
Epoch 9/60:  77%|███████▋  | 30/39 [00:00<00:00, 33.23it/s, loss=0.2159, rec=0.1854, t=0.9803]
Epoch 9/60:  77%|███████▋  | 30/39 [00:01<00:00, 33.23it/s, loss=0.2159, rec=0.1853, t=0.9802]
Epoch 9/60:  77%|███████▋  | 30/39 [00:01<00:00, 33.23it/s, loss=0.2160, rec=0.1854, t=0.9802]
Epoch 9/60:  87%|████████▋ | 34/39 [00:01<00:00, 33.88it/s, loss=0.2160, rec=0.1854, t=0.9802]
Epoch 9/60:  87%|████████▋ | 34/39 [00:01<00:00, 33.88it/s, loss=0.2159, rec=0.1853, t=0.9801]
Epoch 9/60:  87%|████████▋ | 34/39 [00:01<00:00, 33.88it/s, loss=0.2159, rec=0.1853, t=0.9801]
Epoch 9/60:  87%|████████▋ | 34/39 [00:01<00:00, 33.88it/s, loss=0.2159, rec=0.1853, t=0.9800]
Epoch 9/60:  87%|████████▋ | 34/39 [00:01<00:00, 33.88it/s, loss=0.2159, rec=0.1853, t=0.9800]
Epoch 9/60:  97%|█████████▋| 38/39 [00:01<00:00, 35.53it/s, loss=0.2159, rec=0.1853, t=0.9800]
Epoch 9/60:  97%|█████████▋| 38/39 [00:01<00:00, 35.53it/s, loss=0.2158, rec=0.1853, t=0.9799]
                                                                                              
[Epoch    9/60] loss=0.215847 | rec=0.185302 | cb=0.021092 | com=0.021092 | uniq=0.463257 | rqvae=0.007382 | t=0.979905 | global_step=351

Epoch 10/60:   0%|          | 0/39 [00:00<?, ?it/s, loss=0.2124, rec=0.1826, t=0.9798]
Epoch 10/60:   0%|          | 0/39 [00:00<?, ?it/s, loss=0.2137, rec=0.1838, t=0.9798]
Epoch 10/60:   0%|          | 0/39 [00:00<?, ?it/s, loss=0.2137, rec=0.1837, t=0.9797]
Epoch 10/60:   8%|▊         | 3/39 [00:00<00:01, 29.75it/s, loss=0.2137, rec=0.1837, t=0.9797]
Epoch 10/60:   8%|▊         | 3/39 [00:00<00:01, 29.75it/s, loss=0.2140, rec=0.1841, t=0.9797]
Epoch 10/60:   8%|▊         | 3/39 [00:00<00:01, 29.75it/s, loss=0.2141, rec=0.1841, t=0.9796]
Epoch 10/60:   8%|▊         | 3/39 [00:00<00:01, 29.75it/s, loss=0.2141, rec=0.1842, t=0.9796]
Epoch 10/60:   8%|▊         | 3/39 [00:00<00:01, 29.75it/s, loss=0.2140, rec=0.1840, t=0.9795]
Epoch 10/60:  18%|█▊        | 7/39 [00:00<00:00, 32.52it/s, loss=0.2140, rec=0.1840, t=0.9795]
Epoch 10/60:  18%|█▊        | 7/39 [00:00<00:00, 32.52it/s, loss=0.2143, rec=0.1843, t=0.9795]
Epoch 10/60:  18%|█▊        | 7/39 [00:00<00:00, 32.52it/s, loss=0.2143, rec=0.1843, t=0.9794]
Epoch 10/60:  18%|█▊        | 7/39 [00:00<00:00, 32.52it/s, loss=0.2141, rec=0.1841, t=0.9793]
Epoch 10/60:  18%|█▊        | 7/39 [00:00<00:00, 32.52it/s, loss=0.2141, rec=0.1842, t=0.9793]
Epoch 10/60:  28%|██▊       | 11/39 [00:00<00:00, 34.44it/s, loss=0.2141, rec=0.1842, t=0.9793]
Epoch 10/60:  28%|██▊       | 11/39 [00:00<00:00, 34.44it/s, loss=0.2141, rec=0.1842, t=0.9792]
Epoch 10/60:  28%|██▊       | 11/39 [00:00<00:00, 34.44it/s, loss=0.2140, rec=0.1841, t=0.9792]
Epoch 10/60:  28%|██▊       | 11/39 [00:00<00:00, 34.44it/s, loss=0.2140, rec=0.1841, t=0.9791]
Epoch 10/60:  28%|██▊       | 11/39 [00:00<00:00, 34.44it/s, loss=0.2140, rec=0.1841, t=0.9791]
Epoch 10/60:  38%|███▊      | 15/39 [00:00<00:00, 34.87it/s, loss=0.2140, rec=0.1841, t=0.9791]
Epoch 10/60:  38%|███▊      | 15/39 [00:00<00:00, 34.87it/s, loss=0.2139, rec=0.1839, t=0.9790]
Epoch 10/60:  38%|███▊      | 15/39 [00:00<00:00, 34.87it/s, loss=0.2139, rec=0.1840, t=0.9789]
Epoch 10/60:  38%|███▊      | 15/39 [00:00<00:00, 34.87it/s, loss=0.2139, rec=0.1839, t=0.9789]
Epoch 10/60:  38%|███▊      | 15/39 [00:00<00:00, 34.87it/s, loss=0.2140, rec=0.1839, t=0.9788]
Epoch 10/60:  49%|████▊     | 19/39 [00:00<00:00, 35.32it/s, loss=0.2140, rec=0.1839, t=0.9788]
Epoch 10/60:  49%|████▊     | 19/39 [00:00<00:00, 35.32it/s, loss=0.2139, rec=0.1839, t=0.9788]
Epoch 10/60:  49%|████▊     | 19/39 [00:00<00:00, 35.32it/s, loss=0.2138, rec=0.1838, t=0.9787]
Epoch 10/60:  49%|████▊     | 19/39 [00:00<00:00, 35.32it/s, loss=0.2136, rec=0.1836, t=0.9787]
Epoch 10/60:  49%|████▊     | 19/39 [00:00<00:00, 35.32it/s, loss=0.2136, rec=0.1836, t=0.9786]
Epoch 10/60:  59%|█████▉    | 23/39 [00:00<00:00, 34.73it/s, loss=0.2136, rec=0.1836, t=0.9786]
Epoch 10/60:  59%|█████▉    | 23/39 [00:00<00:00, 34.73it/s, loss=0.2136, rec=0.1836, t=0.9785]
Epoch 10/60:  59%|█████▉    | 23/39 [00:00<00:00, 34.73it/s, loss=0.2136, rec=0.1836, t=0.9785]
Epoch 10/60:  59%|█████▉    | 23/39 [00:00<00:00, 34.73it/s, loss=0.2135, rec=0.1835, t=0.9784]
Epoch 10/60:  59%|█████▉    | 23/39 [00:00<00:00, 34.73it/s, loss=0.2134, rec=0.1835, t=0.9784]
Epoch 10/60:  69%|██████▉   | 27/39 [00:00<00:00, 34.63it/s, loss=0.2134, rec=0.1835, t=0.9784]
Epoch 10/60:  69%|██████▉   | 27/39 [00:00<00:00, 34.63it/s, loss=0.2134, rec=0.1834, t=0.9783]
Epoch 10/60:  69%|██████▉   | 27/39 [00:00<00:00, 34.63it/s, loss=0.2134, rec=0.1834, t=0.9783]
Epoch 10/60:  69%|██████▉   | 27/39 [00:00<00:00, 34.63it/s, loss=0.2132, rec=0.1832, t=0.9782]
Epoch 10/60:  69%|██████▉   | 27/39 [00:00<00:00, 34.63it/s, loss=0.2131, rec=0.1832, t=0.9781]
Epoch 10/60:  79%|███████▉  | 31/39 [00:00<00:00, 34.78it/s, loss=0.2131, rec=0.1832, t=0.9781]
Epoch 10/60:  79%|███████▉  | 31/39 [00:00<00:00, 34.78it/s, loss=0.2131, rec=0.1832, t=0.9781]
Epoch 10/60:  79%|███████▉  | 31/39 [00:00<00:00, 34.78it/s, loss=0.2131, rec=0.1832, t=0.9780]
Epoch 10/60:  79%|███████▉  | 31/39 [00:00<00:00, 34.78it/s, loss=0.2130, rec=0.1831, t=0.9780]
Epoch 10/60:  79%|███████▉  | 31/39 [00:01<00:00, 34.78it/s, loss=0.2129, rec=0.1830, t=0.9779]
Epoch 10/60:  90%|████████▉ | 35/39 [00:01<00:00, 34.79it/s, loss=0.2129, rec=0.1830, t=0.9779]
Epoch 10/60:  90%|████████▉ | 35/39 [00:01<00:00, 34.79it/s, loss=0.2129, rec=0.1830, t=0.9779]
Epoch 10/60:  90%|████████▉ | 35/39 [00:01<00:00, 34.79it/s, loss=0.2128, rec=0.1829, t=0.9778]
Epoch 10/60:  90%|████████▉ | 35/39 [00:01<00:00, 34.79it/s, loss=0.2127, rec=0.1828, t=0.9777]
Epoch 10/60:  90%|████████▉ | 35/39 [00:01<00:00, 34.79it/s, loss=0.2127, rec=0.1828, t=0.9777]
                                                                                               
[Epoch   10/60] loss=0.212681 | rec=0.182827 | cb=0.019467 | com=0.019467 | uniq=0.460818 | rqvae=0.006813 | t=0.977691 | global_step=390
[Validation epoch 10] loss=0.211286 | rec=0.181067 | cb=0.019531 | com=0.019531 | uniq=0.467662 | rqvae=0.006836
[Best Checkpoint] Total Loss improved -> <scratch>/mid_run_article/checkpoint_best_total.pt
[Best Checkpoint] Reconstruction Loss improved -> <scratch>/mid_run_article/checkpoint_best_rec.pt
[EarlyStopping] epoch=10 | improved_total=True | improved_rec=True | counter=0/20 | best_total=0.211286@10 | best_rec=0.181067@10

Epoch 11/60:   0%|          | 0/39 [00:00<?, ?it/s, loss=0.2129, rec=0.1828, t=0.9776]
Epoch 11/60:   0%|          | 0/39 [00:00<?, ?it/s, loss=0.2132, rec=0.1833, t=0.9776]
Epoch 11/60:   0%|          | 0/39 [00:00<?, ?it/s, loss=0.2128, rec=0.1830, t=0.9775]
Epoch 11/60:   8%|▊         | 3/39 [00:00<00:01, 27.84it/s, loss=0.2128, rec=0.1830, t=0.9775]
Epoch 11/60:   8%|▊         | 3/39 [00:00<00:01, 27.84it/s, loss=0.2129, rec=0.1830, t=0.9775]
Epoch 11/60:   8%|▊         | 3/39 [00:00<00:01, 27.84it/s, loss=0.2127, rec=0.1828, t=0.9774]
Epoch 11/60:   8%|▊         | 3/39 [00:00<00:01, 27.84it/s, loss=0.2125, rec=0.1826, t=0.9774]
Epoch 11/60:   8%|▊         | 3/39 [00:00<00:01, 27.84it/s, loss=0.2126, rec=0.1828, t=0.9773]
Epoch 11/60:  18%|█▊        | 7/39 [00:00<00:01, 30.40it/s, loss=0.2126, rec=0.1828, t=0.9773]
Epoch 11/60:  18%|█▊        | 7/39 [00:00<00:01, 30.40it/s, loss=0.2123, rec=0.1826, t=0.9772]
Epoch 11/60:  18%|█▊        | 7/39 [00:00<00:01, 30.40it/s, loss=0.2120, rec=0.1823, t=0.9772]
Epoch 11/60:  18%|█▊        | 7/39 [00:00<00:01, 30.40it/s, loss=0.2119, rec=0.1822, t=0.9771]
Epoch 11/60:  18%|█▊        | 7/39 [00:00<00:01, 30.40it/s, loss=0.2117, rec=0.1820, t=0.9771]
Epoch 11/60:  28%|██▊       | 11/39 [00:00<00:00, 31.15it/s, loss=0.2117, rec=0.1820, t=0.9771]
Epoch 11/60:  28%|██▊       | 11/39 [00:00<00:00, 31.15it/s, loss=0.2117, rec=0.1820, t=0.9770]
Epoch 11/60:  28%|██▊       | 11/39 [00:00<00:00, 31.15it/s, loss=0.2115, rec=0.1819, t=0.9770]
Epoch 11/60:  28%|██▊       | 11/39 [00:00<00:00, 31.15it/s, loss=0.2115, rec=0.1819, t=0.9769]
Epoch 11/60:  28%|██▊       | 11/39 [00:00<00:00, 31.15it/s, loss=0.2115, rec=0.1819, t=0.9768]
Epoch 11/60:  38%|███▊      | 15/39 [00:00<00:00, 31.22it/s, loss=0.2115, rec=0.1819, t=0.9768]
Epoch 11/60:  38%|███▊      | 15/39 [00:00<00:00, 31.22it/s, loss=0.2114, rec=0.1818, t=0.9768]
Epoch 11/60:  38%|███▊      | 15/39 [00:00<00:00, 31.22it/s, loss=0.2112, rec=0.1816, t=0.9767]
Epoch 11/60:  38%|███▊      | 15/39 [00:00<00:00, 31.22it/s, loss=0.2111, rec=0.1815, t=0.9767]
Epoch 11/60:  38%|███▊      | 15/39 [00:00<00:00, 31.22it/s, loss=0.2111, rec=0.1815, t=0.9766]
Epoch 11/60:  49%|████▊     | 19/39 [00:00<00:00, 31.36it/s, loss=0.2111, rec=0.1815, t=0.9766]
Epoch 11/60:  49%|████▊     | 19/39 [00:00<00:00, 31.36it/s, loss=0.2110, rec=0.1814, t=0.9766]
Epoch 11/60:  49%|████▊     | 19/39 [00:00<00:00, 31.36it/s, loss=0.2110, rec=0.1815, t=0.9765]
Epoch 11/60:  49%|████▊     | 19/39 [00:00<00:00, 31.36it/s, loss=0.2111, rec=0.1815, t=0.9764]
Epoch 11/60:  49%|████▊     | 19/39 [00:00<00:00, 31.36it/s, loss=0.2109, rec=0.1813, t=0.9764]
Epoch 11/60:  59%|█████▉    | 23/39 [00:00<00:00, 31.29it/s, loss=0.2109, rec=0.1813, t=0.9764]
Epoch 11/60:  59%|█████▉    | 23/39 [00:00<00:00, 31.29it/s, loss=0.2109, rec=0.1813, t=0.9763]
Epoch 11/60:  59%|█████▉    | 23/39 [00:00<00:00, 31.29it/s, loss=0.2108, rec=0.1813, t=0.9763]
Epoch 11/60:  59%|█████▉    | 23/39 [00:00<00:00, 31.29it/s, loss=0.2108, rec=0.1812, t=0.9762]
Epoch 11/60:  59%|█████▉    | 23/39 [00:00<00:00, 31.29it/s, loss=0.2107, rec=0.1812, t=0.9762]
Epoch 11/60:  69%|██████▉   | 27/39 [00:00<00:00, 29.09it/s, loss=0.2107, rec=0.1812, t=0.9762]
Epoch 11/60:  69%|██████▉   | 27/39 [00:00<00:00, 29.09it/s, loss=0.2107, rec=0.1812, t=0.9761]
Epoch 11/60:  69%|██████▉   | 27/39 [00:00<00:00, 29.09it/s, loss=0.2107, rec=0.1812, t=0.9760]
Epoch 11/60:  69%|██████▉   | 27/39 [00:00<00:00, 29.09it/s, loss=0.2107, rec=0.1811, t=0.9760]
Epoch 11/60:  69%|██████▉   | 27/39 [00:01<00:00, 29.09it/s, loss=0.2107, rec=0.1811, t=0.9759]
Epoch 11/60:  79%|███████▉  | 31/39 [00:01<00:00, 30.12it/s, loss=0.2107, rec=0.1811, t=0.9759]
Epoch 11/60:  79%|███████▉  | 31/39 [00:01<00:00, 30.12it/s, loss=0.2107, rec=0.1812, t=0.9759]
Epoch 11/60:  79%|███████▉  | 31/39 [00:01<00:00, 30.12it/s, loss=0.2108, rec=0.1812, t=0.9758]
Epoch 11/60:  79%|███████▉  | 31/39 [00:01<00:00, 30.12it/s, loss=0.2108, rec=0.1812, t=0.9758]
Epoch 11/60:  79%|███████▉  | 31/39 [00:01<00:00, 30.12it/s, loss=0.2107, rec=0.1812, t=0.9757]
Epoch 11/60:  90%|████████▉ | 35/39 [00:01<00:00, 31.40it/s, loss=0.2107, rec=0.1812, t=0.9757]
Epoch 11/60:  90%|████████▉ | 35/39 [00:01<00:00, 31.40it/s, loss=0.2108, rec=0.1812, t=0.9757]
Epoch 11/60:  90%|████████▉ | 35/39 [00:01<00:00, 31.40it/s, loss=0.2108, rec=0.1812, t=0.9756]
Epoch 11/60:  90%|████████▉ | 35/39 [00:01<00:00, 31.40it/s, loss=0.2108, rec=0.1812, t=0.9755]
Epoch 11/60:  90%|████████▉ | 35/39 [00:01<00:00, 31.40it/s, loss=0.2108, rec=0.1812, t=0.9755]
                                                                                               
[Epoch   11/60] loss=0.210751 | rec=0.181171 | cb=0.019040 | com=0.019040 | uniq=0.458332 | rqvae=0.006664 | t=0.975482 | global_step=429

Epoch 12/60:   0%|          | 0/39 [00:00<?, ?it/s, loss=0.2101, rec=0.1807, t=0.9754]
Epoch 12/60:   0%|          | 0/39 [00:00<?, ?it/s, loss=0.2110, rec=0.1816, t=0.9754]
Epoch 12/60:   0%|          | 0/39 [00:00<?, ?it/s, loss=0.2116, rec=0.1822, t=0.9753]
Epoch 12/60:   0%|          | 0/39 [00:00<?, ?it/s, loss=0.2111, rec=0.1816, t=0.9753]
Epoch 12/60:  10%|█         | 4/39 [00:00<00:01, 31.26it/s, loss=0.2111, rec=0.1816, t=0.9753]
Epoch 12/60:  10%|█         | 4/39 [00:00<00:01, 31.26it/s, loss=0.2112, rec=0.1818, t=0.9752]
Epoch 12/60:  10%|█         | 4/39 [00:00<00:01, 31.26it/s, loss=0.2109, rec=0.1814, t=0.9751]
Epoch 12/60:  10%|█         | 4/39 [00:00<00:01, 31.26it/s, loss=0.2108, rec=0.1813, t=0.9751]
Epoch 12/60:  10%|█         | 4/39 [00:00<00:01, 31.26it/s, loss=0.2108, rec=0.1814, t=0.9750]
Epoch 12/60:  21%|██        | 8/39 [00:00<00:00, 33.33it/s, loss=0.2108, rec=0.1814, t=0.9750]
Epoch 12/60:  21%|██        | 8/39 [00:00<00:00, 33.33it/s, loss=0.2107, rec=0.1813, t=0.9750]
Epoch 12/60:  21%|██        | 8/39 [00:00<00:00, 33.33it/s, loss=0.2104, rec=0.1810, t=0.9749]
Epoch 12/60:  21%|██        | 8/39 [00:00<00:00, 33.33it/s, loss=0.2104, rec=0.1810, t=0.9749]
Epoch 12/60:  21%|██        | 8/39 [00:00<00:00, 33.33it/s, loss=0.2102, rec=0.1808, t=0.9748]
Epoch 12/60:  31%|███       | 12/39 [00:00<00:00, 34.34it/s, loss=0.2102, rec=0.1808, t=0.9748]
Epoch 12/60:  31%|███       | 12/39 [00:00<00:00, 34.34it/s, loss=0.2100, rec=0.1806, t=0.9747]
Epoch 12/60:  31%|███       | 12/39 [00:00<00:00, 34.34it/s, loss=0.2098, rec=0.1803, t=0.9747]
Epoch 12/60:  31%|███       | 12/39 [00:00<00:00, 34.34it/s, loss=0.2098, rec=0.1803, t=0.9746]
Epoch 12/60:  31%|███       | 12/39 [00:00<00:00, 34.34it/s, loss=0.2097, rec=0.1803, t=0.9746]
Epoch 12/60:  41%|████      | 16/39 [00:00<00:00, 34.81it/s, loss=0.2097, rec=0.1803, t=0.9746]
Epoch 12/60:  41%|████      | 16/39 [00:00<00:00, 34.81it/s, loss=0.2098, rec=0.1803, t=0.9745]
Epoch 12/60:  41%|████      | 16/39 [00:00<00:00, 34.81it/s, loss=0.2098, rec=0.1803, t=0.9745]
Epoch 12/60:  41%|████      | 16/39 [00:00<00:00, 34.81it/s, loss=0.2099, rec=0.1804, t=0.9744]
Epoch 12/60:  41%|████      | 16/39 [00:00<00:00, 34.81it/s, loss=0.2098, rec=0.1803, t=0.9744]
Epoch 12/60:  51%|█████▏    | 20/39 [00:00<00:00, 35.48it/s, loss=0.2098, rec=0.1803, t=0.9744]
Epoch 12/60:  51%|█████▏    | 20/39 [00:00<00:00, 35.48it/s, loss=0.2098, rec=0.1803, t=0.9743]
Epoch 12/60:  51%|█████▏    | 20/39 [00:00<00:00, 35.48it/s, loss=0.2097, rec=0.1802, t=0.9742]
Epoch 12/60:  51%|█████▏    | 20/39 [00:00<00:00, 35.48it/s, loss=0.2096, rec=0.1801, t=0.9742]
Epoch 12/60:  51%|█████▏    | 20/39 [00:00<00:00, 35.48it/s, loss=0.2096, rec=0.1801, t=0.9741]
Epoch 12/60:  62%|██████▏   | 24/39 [00:00<00:00, 35.88it/s, loss=0.2096, rec=0.1801, t=0.9741]
Epoch 12/60:  62%|██████▏   | 24/39 [00:00<00:00, 35.88it/s, loss=0.2097, rec=0.1802, t=0.9741]
Epoch 12/60:  62%|██████▏   | 24/39 [00:00<00:00, 35.88it/s, loss=0.2097, rec=0.1803, t=0.9740]
Epoch 12/60:  62%|██████▏   | 24/39 [00:00<00:00, 35.88it/s, loss=0.2097, rec=0.1802, t=0.9740]
Epoch 12/60:  62%|██████▏   | 24/39 [00:00<00:00, 35.88it/s, loss=0.2097, rec=0.1802, t=0.9739]
Epoch 12/60:  72%|███████▏  | 28/39 [00:00<00:00, 36.30it/s, loss=0.2097, rec=0.1802, t=0.9739]
Epoch 12/60:  72%|███████▏  | 28/39 [00:00<00:00, 36.30it/s, loss=0.2097, rec=0.1802, t=0.9738]
Epoch 12/60:  72%|███████▏  | 28/39 [00:00<00:00, 36.30it/s, loss=0.2097, rec=0.1802, t=0.9738]
Epoch 12/60:  72%|███████▏  | 28/39 [00:00<00:00, 36.30it/s, loss=0.2096, rec=0.1800, t=0.9737]
Epoch 12/60:  72%|███████▏  | 28/39 [00:00<00:00, 36.30it/s, loss=0.2096, rec=0.1801, t=0.9737]
Epoch 12/60:  82%|████████▏ | 32/39 [00:00<00:00, 36.11it/s, loss=0.2096, rec=0.1801, t=0.9737]
Epoch 12/60:  82%|████████▏ | 32/39 [00:00<00:00, 36.11it/s, loss=0.2096, rec=0.1801, t=0.9736]
Epoch 12/60:  82%|████████▏ | 32/39 [00:00<00:00, 36.11it/s, loss=0.2095, rec=0.1800, t=0.9736]
Epoch 12/60:  82%|████████▏ | 32/39 [00:00<00:00, 36.11it/s, loss=0.2095, rec=0.1800, t=0.9735]
Epoch 12/60:  82%|████████▏ | 32/39 [00:01<00:00, 36.11it/s, loss=0.2095, rec=0.1800, t=0.9734]
Epoch 12/60:  92%|█████████▏| 36/39 [00:01<00:00, 36.20it/s, loss=0.2095, rec=0.1800, t=0.9734]
Epoch 12/60:  92%|█████████▏| 36/39 [00:01<00:00, 36.20it/s, loss=0.2094, rec=0.1800, t=0.9734]
Epoch 12/60:  92%|█████████▏| 36/39 [00:01<00:00, 36.20it/s, loss=0.2094, rec=0.1799, t=0.9733]
Epoch 12/60:  92%|█████████▏| 36/39 [00:01<00:00, 36.20it/s, loss=0.2094, rec=0.1799, t=0.9733]
                                                                                               
[Epoch   12/60] loss=0.209354 | rec=0.179901 | cb=0.019121 | com=0.019121 | uniq=0.455204 | rqvae=0.006692 | t=0.973278 | global_step=468

Epoch 13/60:   0%|          | 0/39 [00:00<?, ?it/s, loss=0.2107, rec=0.1816, t=0.9732]
Epoch 13/60:   0%|          | 0/39 [00:00<?, ?it/s, loss=0.2092, rec=0.1799, t=0.9732]
Epoch 13/60:   0%|          | 0/39 [00:00<?, ?it/s, loss=0.2092, rec=0.1798, t=0.9731]
Epoch 13/60:   0%|          | 0/39 [00:00<?, ?it/s, loss=0.2093, rec=0.1801, t=0.9731]
Epoch 13/60:  10%|█         | 4/39 [00:00<00:01, 32.00it/s, loss=0.2093, rec=0.1801, t=0.9731]
Epoch 13/60:  10%|█         | 4/39 [00:00<00:01, 32.00it/s, loss=0.2087, rec=0.1795, t=0.9730]
Epoch 13/60:  10%|█         | 4/39 [00:00<00:01, 32.00it/s, loss=0.2083, rec=0.1790, t=0.9729]
Epoch 13/60:  10%|█         | 4/39 [00:00<00:01, 32.00it/s, loss=0.2078, rec=0.1785, t=0.9729]
Epoch 13/60:  10%|█         | 4/39 [00:00<00:01, 32.00it/s, loss=0.2083, rec=0.1791, t=0.9728]
Epoch 13/60:  21%|██        | 8/39 [00:00<00:00, 33.69it/s, loss=0.2083, rec=0.1791, t=0.9728]
Epoch 13/60:  21%|██        | 8/39 [00:00<00:00, 33.69it/s, loss=0.2084, rec=0.1792, t=0.9728]
Epoch 13/60:  21%|██        | 8/39 [00:00<00:00, 33.69it/s, loss=0.2084, rec=0.1792, t=0.9727]
Epoch 13/60:  21%|██        | 8/39 [00:00<00:00, 33.69it/s, loss=0.2083, rec=0.1790, t=0.9727]
Epoch 13/60:  21%|██        | 8/39 [00:00<00:00, 33.69it/s, loss=0.2081, rec=0.1788, t=0.9726]
Epoch 13/60:  31%|███       | 12/39 [00:00<00:00, 34.27it/s, loss=0.2081, rec=0.1788, t=0.9726]
Epoch 13/60:  31%|███       | 12/39 [00:00<00:00, 34.27it/s, loss=0.2081, rec=0.1788, t=0.9725]
Epoch 13/60:  31%|███       | 12/39 [00:00<00:00, 34.27it/s, loss=0.2081, rec=0.1788, t=0.9725]
Epoch 13/60:  31%|███       | 12/39 [00:00<00:00, 34.27it/s, loss=0.2081, rec=0.1788, t=0.9724]
Epoch 13/60:  31%|███       | 12/39 [00:00<00:00, 34.27it/s, loss=0.2080, rec=0.1787, t=0.9724]
Epoch 13/60:  41%|████      | 16/39 [00:00<00:00, 35.07it/s, loss=0.2080, rec=0.1787, t=0.9724]
Epoch 13/60:  41%|████      | 16/39 [00:00<00:00, 35.07it/s, loss=0.2080, rec=0.1787, t=0.9723]
Epoch 13/60:  41%|████      | 16/39 [00:00<00:00, 35.07it/s, loss=0.2079, rec=0.1785, t=0.9723]
Epoch 13/60:  41%|████      | 16/39 [00:00<00:00, 35.07it/s, loss=0.2078, rec=0.1785, t=0.9722]
Epoch 13/60:  41%|████      | 16/39 [00:00<00:00, 35.07it/s, loss=0.2078, rec=0.1784, t=0.9721]
Epoch 13/60:  51%|█████▏    | 20/39 [00:00<00:00, 35.99it/s, loss=0.2078, rec=0.1784, t=0.9721]
Epoch 13/60:  51%|█████▏    | 20/39 [00:00<00:00, 35.99it/s, loss=0.2078, rec=0.1784, t=0.9721]
Epoch 13/60:  51%|█████▏    | 20/39 [00:00<00:00, 35.99it/s, loss=0.2078, rec=0.1785, t=0.9720]
Epoch 13/60:  51%|█████▏    | 20/39 [00:00<00:00, 35.99it/s, loss=0.2078, rec=0.1784, t=0.9720]
Epoch 13/60:  51%|█████▏    | 20/39 [00:00<00:00, 35.99it/s, loss=0.2079, rec=0.1785, t=0.9719]
Epoch 13/60:  62%|██████▏   | 24/39 [00:00<00:00, 35.88it/s, loss=0.2079, rec=0.1785, t=0.9719]
Epoch 13/60:  62%|██████▏   | 24/39 [00:00<00:00, 35.88it/s, loss=0.2078, rec=0.1784, t=0.9719]
Epoch 13/60:  62%|██████▏   | 24/39 [00:00<00:00, 35.88it/s, loss=0.2078, rec=0.1784, t=0.9718]
Epoch 13/60:  62%|██████▏   | 24/39 [00:00<00:00, 35.88it/s, loss=0.2077, rec=0.1784, t=0.9718]
Epoch 13/60:  62%|██████▏   | 24/39 [00:00<00:00, 35.88it/s, loss=0.2078, rec=0.1785, t=0.9717]
Epoch 13/60:  72%|███████▏  | 28/39 [00:00<00:00, 35.92it/s, loss=0.2078, rec=0.1785, t=0.9717]
Epoch 13/60:  72%|███████▏  | 28/39 [00:00<00:00, 35.92it/s, loss=0.2078, rec=0.1785, t=0.9716]
Epoch 13/60:  72%|███████▏  | 28/39 [00:00<00:00, 35.92it/s, loss=0.2078, rec=0.1784, t=0.9716]
Epoch 13/60:  72%|███████▏  | 28/39 [00:00<00:00, 35.92it/s, loss=0.2079, rec=0.1785, t=0.9715]
Epoch 13/60:  72%|███████▏  | 28/39 [00:00<00:00, 35.92it/s, loss=0.2079, rec=0.1785, t=0.9715]
Epoch 13/60:  82%|████████▏ | 32/39 [00:00<00:00, 36.33it/s, loss=0.2079, rec=0.1785, t=0.9715]
Epoch 13/60:  82%|████████▏ | 32/39 [00:00<00:00, 36.33it/s, loss=0.2078, rec=0.1784, t=0.9714]
Epoch 13/60:  82%|████████▏ | 32/39 [00:00<00:00, 36.33it/s, loss=0.2079, rec=0.1785, t=0.9714]
Epoch 13/60:  82%|████████▏ | 32/39 [00:00<00:00, 36.33it/s, loss=0.2079, rec=0.1785, t=0.9713]
Epoch 13/60:  82%|████████▏ | 32/39 [00:01<00:00, 36.33it/s, loss=0.2080, rec=0.1786, t=0.9712]
Epoch 13/60:  92%|█████████▏| 36/39 [00:01<00:00, 36.49it/s, loss=0.2080, rec=0.1786, t=0.9712]
Epoch 13/60:  92%|█████████▏| 36/39 [00:01<00:00, 36.49it/s, loss=0.2080, rec=0.1786, t=0.9712]
Epoch 13/60:  92%|█████████▏| 36/39 [00:01<00:00, 36.49it/s, loss=0.2080, rec=0.1786, t=0.9711]
Epoch 13/60:  92%|█████████▏| 36/39 [00:01<00:00, 36.49it/s, loss=0.2080, rec=0.1786, t=0.9711]
                                                                                               
[Epoch   13/60] loss=0.208041 | rec=0.178644 | cb=0.019617 | com=0.019617 | uniq=0.450608 | rqvae=0.006866 | t=0.971078 | global_step=507

Epoch 14/60:   0%|          | 0/39 [00:00<?, ?it/s, loss=0.2068, rec=0.1775, t=0.9710]
Epoch 14/60:   0%|          | 0/39 [00:00<?, ?it/s, loss=0.2069, rec=0.1776, t=0.9710]
Epoch 14/60:   0%|          | 0/39 [00:00<?, ?it/s, loss=0.2066, rec=0.1773, t=0.9709]
Epoch 14/60:   0%|          | 0/39 [00:00<?, ?it/s, loss=0.2069, rec=0.1775, t=0.9709]
Epoch 14/60:  10%|█         | 4/39 [00:00<00:01, 33.01it/s, loss=0.2069, rec=0.1775, t=0.9709]
Epoch 14/60:  10%|█         | 4/39 [00:00<00:01, 33.01it/s, loss=0.2070, rec=0.1776, t=0.9708]
Epoch 14/60:  10%|█         | 4/39 [00:00<00:01, 33.01it/s, loss=0.2071, rec=0.1777, t=0.9707]
Epoch 14/60:  10%|█         | 4/39 [00:00<00:01, 33.01it/s, loss=0.2074, rec=0.1779, t=0.9707]
Epoch 14/60:  10%|█         | 4/39 [00:00<00:01, 33.01it/s, loss=0.2074, rec=0.1779, t=0.9706]
Epoch 14/60:  21%|██        | 8/39 [00:00<00:00, 35.53it/s, loss=0.2074, rec=0.1779, t=0.9706]
Epoch 14/60:  21%|██        | 8/39 [00:00<00:00, 35.53it/s, loss=0.2071, rec=0.1777, t=0.9706]
Epoch 14/60:  21%|██        | 8/39 [00:00<00:00, 35.53it/s, loss=0.2073, rec=0.1779, t=0.9705]
Epoch 14/60:  21%|██        | 8/39 [00:00<00:00, 35.53it/s, loss=0.2074, rec=0.1779, t=0.9705]
Epoch 14/60:  21%|██        | 8/39 [00:00<00:00, 35.53it/s, loss=0.2074, rec=0.1779, t=0.9704]
Epoch 14/60:  31%|███       | 12/39 [00:00<00:00, 35.28it/s, loss=0.2074, rec=0.1779, t=0.9704]
Epoch 14/60:  31%|███       | 12/39 [00:00<00:00, 35.28it/s, loss=0.2075, rec=0.1780, t=0.9703]
Epoch 14/60:  31%|███       | 12/39 [00:00<00:00, 35.28it/s, loss=0.2072, rec=0.1778, t=0.9703]
Epoch 14/60:  31%|███       | 12/39 [00:00<00:00, 35.28it/s, loss=0.2070, rec=0.1776, t=0.9702]
Epoch 14/60:  31%|███       | 12/39 [00:00<00:00, 35.28it/s, loss=0.2071, rec=0.1776, t=0.9702]
Epoch 14/60:  41%|████      | 16/39 [00:00<00:00, 35.29it/s, loss=0.2071, rec=0.1776, t=0.9702]
Epoch 14/60:  41%|████      | 16/39 [00:00<00:00, 35.29it/s, loss=0.2071, rec=0.1776, t=0.9701]
Epoch 14/60:  41%|████      | 16/39 [00:00<00:00, 35.29it/s, loss=0.2070, rec=0.1775, t=0.9701]
Epoch 14/60:  41%|████      | 16/39 [00:00<00:00, 35.29it/s, loss=0.2070, rec=0.1774, t=0.9700]
Epoch 14/60:  41%|████      | 16/39 [00:00<00:00, 35.29it/s, loss=0.2070, rec=0.1774, t=0.9700]
Epoch 14/60:  51%|█████▏    | 20/39 [00:00<00:00, 35.62it/s, loss=0.2070, rec=0.1774, t=0.9700]
Epoch 14/60:  51%|█████▏    | 20/39 [00:00<00:00, 35.62it/s, loss=0.2071, rec=0.1775, t=0.9699]
Epoch 14/60:  51%|█████▏    | 20/39 [00:00<00:00, 35.62it/s, loss=0.2071, rec=0.1775, t=0.9698]
Epoch 14/60:  51%|█████▏    | 20/39 [00:00<00:00, 35.62it/s, loss=0.2071, rec=0.1775, t=0.9698]
Epoch 14/60:  51%|█████▏    | 20/39 [00:00<00:00, 35.62it/s, loss=0.2070, rec=0.1773, t=0.9697]
Epoch 14/60:  62%|██████▏   | 24/39 [00:00<00:00, 32.60it/s, loss=0.2070, rec=0.1773, t=0.9697]
Epoch 14/60:  62%|██████▏   | 24/39 [00:00<00:00, 32.60it/s, loss=0.2069, rec=0.1773, t=0.9697]
Epoch 14/60:  62%|██████▏   | 24/39 [00:00<00:00, 32.60it/s, loss=0.2069, rec=0.1772, t=0.9696]
Epoch 14/60:  62%|██████▏   | 24/39 [00:00<00:00, 32.60it/s, loss=0.2069, rec=0.1772, t=0.9696]
Epoch 14/60:  62%|██████▏   | 24/39 [00:00<00:00, 32.60it/s, loss=0.2070, rec=0.1773, t=0.9695]
Epoch 14/60:  72%|███████▏  | 28/39 [00:00<00:00, 30.73it/s, loss=0.2070, rec=0.1773, t=0.9695]
Epoch 14/60:  72%|███████▏  | 28/39 [00:00<00:00, 30.73it/s, loss=0.2069, rec=0.1772, t=0.9694]
Epoch 14/60:  72%|███████▏  | 28/39 [00:00<00:00, 30.73it/s, loss=0.2069, rec=0.1772, t=0.9694]
Epoch 14/60:  72%|███████▏  | 28/39 [00:00<00:00, 30.73it/s, loss=0.2069, rec=0.1772, t=0.9693]
Epoch 14/60:  72%|███████▏  | 28/39 [00:00<00:00, 30.73it/s, loss=0.2070, rec=0.1773, t=0.9693]
Epoch 14/60:  82%|████████▏ | 32/39 [00:00<00:00, 29.66it/s, loss=0.2070, rec=0.1773, t=0.9693]
Epoch 14/60:  82%|████████▏ | 32/39 [00:01<00:00, 29.66it/s, loss=0.2070, rec=0.1773, t=0.9692]
Epoch 14/60:  82%|████████▏ | 32/39 [00:01<00:00, 29.66it/s, loss=0.2070, rec=0.1773, t=0.9692]
Epoch 14/60:  82%|████████▏ | 32/39 [00:01<00:00, 29.66it/s, loss=0.2070, rec=0.1773, t=0.9691]
Epoch 14/60:  82%|████████▏ | 32/39 [00:01<00:00, 29.66it/s, loss=0.2071, rec=0.1774, t=0.9691]
Epoch 14/60:  92%|█████████▏| 36/39 [00:01<00:00, 29.19it/s, loss=0.2071, rec=0.1774, t=0.9691]
Epoch 14/60:  92%|█████████▏| 36/39 [00:01<00:00, 29.19it/s, loss=0.2071, rec=0.1774, t=0.9690]
Epoch 14/60:  92%|█████████▏| 36/39 [00:01<00:00, 29.19it/s, loss=0.2071, rec=0.1773, t=0.9689]
Epoch 14/60:  92%|█████████▏| 36/39 [00:01<00:00, 29.19it/s, loss=0.2071, rec=0.1773, t=0.9689]
                                                                                               
[Epoch   14/60] loss=0.207075 | rec=0.177331 | cb=0.021036 | com=0.021036 | uniq=0.447633 | rqvae=0.007363 | t=0.968884 | global_step=546

Epoch 15/60:   0%|          | 0/39 [00:00<?, ?it/s, loss=0.2084, rec=0.1789, t=0.9688]
Epoch 15/60:   0%|          | 0/39 [00:00<?, ?it/s, loss=0.2082, rec=0.1783, t=0.9688]
Epoch 15/60:   0%|          | 0/39 [00:00<?, ?it/s, loss=0.2081, rec=0.1782, t=0.9687]
Epoch 15/60:   8%|▊         | 3/39 [00:00<00:01, 23.15it/s, loss=0.2081, rec=0.1782, t=0.9687]
Epoch 15/60:   8%|▊         | 3/39 [00:00<00:01, 23.15it/s, loss=0.2084, rec=0.1786, t=0.9687]
Epoch 15/60:   8%|▊         | 3/39 [00:00<00:01, 23.15it/s, loss=0.2076, rec=0.1777, t=0.9686]
Epoch 15/60:   8%|▊         | 3/39 [00:00<00:01, 23.15it/s, loss=0.2074, rec=0.1775, t=0.9685]
Epoch 15/60:  15%|█▌        | 6/39 [00:00<00:01, 19.76it/s, loss=0.2074, rec=0.1775, t=0.9685]
Epoch 15/60:  15%|█▌        | 6/39 [00:00<00:01, 19.76it/s, loss=0.2074, rec=0.1775, t=0.9685]
Epoch 15/60:  15%|█▌        | 6/39 [00:00<00:01, 19.76it/s, loss=0.2072, rec=0.1773, t=0.9684]
Epoch 15/60:  15%|█▌        | 6/39 [00:00<00:01, 19.76it/s, loss=0.2072, rec=0.1772, t=0.9684]
Epoch 15/60:  23%|██▎       | 9/39 [00:00<00:01, 21.68it/s, loss=0.2072, rec=0.1772, t=0.9684]
Epoch 15/60:  23%|██▎       | 9/39 [00:00<00:01, 21.68it/s, loss=0.2070, rec=0.1771, t=0.9683]
Epoch 15/60:  23%|██▎       | 9/39 [00:00<00:01, 21.68it/s, loss=0.2069, rec=0.1769, t=0.9683]
Epoch 15/60:  23%|██▎       | 9/39 [00:00<00:01, 21.68it/s, loss=0.2070, rec=0.1770, t=0.9682]
Epoch 15/60:  31%|███       | 12/39 [00:00<00:01, 22.72it/s, loss=0.2070, rec=0.1770, t=0.9682]
Epoch 15/60:  31%|███       | 12/39 [00:00<00:01, 22.72it/s, loss=0.2069, rec=0.1769, t=0.9682]
Epoch 15/60:  31%|███       | 12/39 [00:00<00:01, 22.72it/s, loss=0.2069, rec=0.1769, t=0.9681]
Epoch 15/60:  31%|███       | 12/39 [00:00<00:01, 22.72it/s, loss=0.2070, rec=0.1769, t=0.9680]
Epoch 15/60:  38%|███▊      | 15/39 [00:00<00:01, 23.58it/s, loss=0.2070, rec=0.1769, t=0.9680]
Epoch 15/60:  38%|███▊      | 15/39 [00:00<00:01, 23.58it/s, loss=0.2068, rec=0.1769, t=0.9680]
Epoch 15/60:  38%|███▊      | 15/39 [00:00<00:01, 23.58it/s, loss=0.2069, rec=0.1769, t=0.9679]
Epoch 15/60:  38%|███▊      | 15/39 [00:00<00:01, 23.58it/s, loss=0.2069, rec=0.1768, t=0.9679]
Epoch 15/60:  46%|████▌     | 18/39 [00:00<00:00, 23.12it/s, loss=0.2069, rec=0.1768, t=0.9679]
Epoch 15/60:  46%|████▌     | 18/39 [00:00<00:00, 23.12it/s, loss=0.2068, rec=0.1768, t=0.9678]
Epoch 15/60:  46%|████▌     | 18/39 [00:00<00:00, 23.12it/s, loss=0.2070, rec=0.1770, t=0.9678]
Epoch 15/60:  46%|████▌     | 18/39 [00:00<00:00, 23.12it/s, loss=0.2070, rec=0.1770, t=0.9677]
Epoch 15/60:  54%|█████▍    | 21/39 [00:00<00:00, 23.51it/s, loss=0.2070, rec=0.1770, t=0.9677]
Epoch 15/60:  54%|█████▍    | 21/39 [00:00<00:00, 23.51it/s, loss=0.2070, rec=0.1770, t=0.9676]
Epoch 15/60:  54%|█████▍    | 21/39 [00:00<00:00, 23.51it/s, loss=0.2072, rec=0.1771, t=0.9676]
Epoch 15/60:  54%|█████▍    | 21/39 [00:01<00:00, 23.51it/s, loss=0.2072, rec=0.1771, t=0.9675]
Epoch 15/60:  62%|██████▏   | 24/39 [00:01<00:00, 23.83it/s, loss=0.2072, rec=0.1771, t=0.9675]
Epoch 15/60:  62%|██████▏   | 24/39 [00:01<00:00, 23.83it/s, loss=0.2072, rec=0.1771, t=0.9675]
Epoch 15/60:  62%|██████▏   | 24/39 [00:01<00:00, 23.83it/s, loss=0.2073, rec=0.1771, t=0.9674]
Epoch 15/60:  62%|██████▏   | 24/39 [00:01<00:00, 23.83it/s, loss=0.2074, rec=0.1771, t=0.9674]
Epoch 15/60:  69%|██████▉   | 27/39 [00:01<00:00, 24.37it/s, loss=0.2074, rec=0.1771, t=0.9674]
Epoch 15/60:  69%|██████▉   | 27/39 [00:01<00:00, 24.37it/s, loss=0.2076, rec=0.1773, t=0.9673]
Epoch 15/60:  69%|██████▉   | 27/39 [00:01<00:00, 24.37it/s, loss=0.2076, rec=0.1773, t=0.9673]
Epoch 15/60:  69%|██████▉   | 27/39 [00:01<00:00, 24.37it/s, loss=0.2076, rec=0.1773, t=0.9672]
Epoch 15/60:  77%|███████▋  | 30/39 [00:01<00:00, 25.63it/s, loss=0.2076, rec=0.1773, t=0.9672]
Epoch 15/60:  77%|███████▋  | 30/39 [00:01<00:00, 25.63it/s, loss=0.2076, rec=0.1773, t=0.9671]
Epoch 15/60:  77%|███████▋  | 30/39 [00:01<00:00, 25.63it/s, loss=0.2075, rec=0.1772, t=0.9671]
Epoch 15/60:  77%|███████▋  | 30/39 [00:01<00:00, 25.63it/s, loss=0.2076, rec=0.1772, t=0.9670]
Epoch 15/60:  85%|████████▍ | 33/39 [00:01<00:00, 24.26it/s, loss=0.2076, rec=0.1772, t=0.9670]
Epoch 15/60:  85%|████████▍ | 33/39 [00:01<00:00, 24.26it/s, loss=0.2076, rec=0.1773, t=0.9670]
Epoch 15/60:  85%|████████▍ | 33/39 [00:01<00:00, 24.26it/s, loss=0.2076, rec=0.1773, t=0.9669]
Epoch 15/60:  85%|████████▍ | 33/39 [00:01<00:00, 24.26it/s, loss=0.2077, rec=0.1773, t=0.9669]
Epoch 15/60:  92%|█████████▏| 36/39 [00:01<00:00, 24.85it/s, loss=0.2077, rec=0.1773, t=0.9669]
Epoch 15/60:  92%|█████████▏| 36/39 [00:01<00:00, 24.85it/s, loss=0.2077, rec=0.1773, t=0.9668]
Epoch 15/60:  92%|█████████▏| 36/39 [00:01<00:00, 24.85it/s, loss=0.2076, rec=0.1773, t=0.9668]
Epoch 15/60:  92%|█████████▏| 36/39 [00:01<00:00, 24.85it/s, loss=0.2076, rec=0.1773, t=0.9667]
                                                                                               
[Epoch   15/60] loss=0.207568 | rec=0.177266 | cb=0.023196 | com=0.023196 | uniq=0.443661 | rqvae=0.008119 | t=0.966695 | global_step=585

Epoch 16/60:   0%|          | 0/39 [00:00<?, ?it/s, loss=0.2059, rec=0.1752, t=0.9666]
Epoch 16/60:   0%|          | 0/39 [00:00<?, ?it/s, loss=0.2062, rec=0.1755, t=0.9666]
Epoch 16/60:   0%|          | 0/39 [00:00<?, ?it/s, loss=0.2077, rec=0.1771, t=0.9665]
Epoch 16/60:   8%|▊         | 3/39 [00:00<00:01, 24.56it/s, loss=0.2077, rec=0.1771, t=0.9665]
Epoch 16/60:   8%|▊         | 3/39 [00:00<00:01, 24.56it/s, loss=0.2081, rec=0.1775, t=0.9665]
Epoch 16/60:   8%|▊         | 3/39 [00:00<00:01, 24.56it/s, loss=0.2084, rec=0.1778, t=0.9664]
Epoch 16/60:   8%|▊         | 3/39 [00:00<00:01, 24.56it/s, loss=0.2082, rec=0.1777, t=0.9664]
Epoch 16/60:  15%|█▌        | 6/39 [00:00<00:01, 25.97it/s, loss=0.2082, rec=0.1777, t=0.9664]
Epoch 16/60:  15%|█▌        | 6/39 [00:00<00:01, 25.97it/s, loss=0.2082, rec=0.1778, t=0.9663]
Epoch 16/60:  15%|█▌        | 6/39 [00:00<00:01, 25.97it/s, loss=0.2080, rec=0.1777, t=0.9662]
Epoch 16/60:  15%|█▌        | 6/39 [00:00<00:01, 25.97it/s, loss=0.2079, rec=0.1775, t=0.9662]
Epoch 16/60:  23%|██▎       | 9/39 [00:00<00:01, 27.46it/s, loss=0.2079, rec=0.1775, t=0.9662]
Epoch 16/60:  23%|██▎       | 9/39 [00:00<00:01, 27.46it/s, loss=0.2075, rec=0.1771, t=0.9661]
Epoch 16/60:  23%|██▎       | 9/39 [00:00<00:01, 27.46it/s, loss=0.2075, rec=0.1772, t=0.9661]
Epoch 16/60:  23%|██▎       | 9/39 [00:00<00:01, 27.46it/s, loss=0.2076, rec=0.1772, t=0.9660]
Epoch 16/60:  31%|███       | 12/39 [00:00<00:00, 27.92it/s, loss=0.2076, rec=0.1772, t=0.9660]
Epoch 16/60:  31%|███       | 12/39 [00:00<00:00, 27.92it/s, loss=0.2075, rec=0.1772, t=0.9660]
Epoch 16/60:  31%|███       | 12/39 [00:00<00:00, 27.92it/s, loss=0.2074, rec=0.1771, t=0.9659]
Epoch 16/60:  31%|███       | 12/39 [00:00<00:00, 27.92it/s, loss=0.2075, rec=0.1772, t=0.9659]
Epoch 16/60:  38%|███▊      | 15/39 [00:00<00:00, 27.81it/s, loss=0.2075, rec=0.1772, t=0.9659]
Epoch 16/60:  38%|███▊      | 15/39 [00:00<00:00, 27.81it/s, loss=0.2075, rec=0.1773, t=0.9658]
Epoch 16/60:  38%|███▊      | 15/39 [00:00<00:00, 27.81it/s, loss=0.2075, rec=0.1772, t=0.9657]
Epoch 16/60:  38%|███▊      | 15/39 [00:00<00:00, 27.81it/s, loss=0.2076, rec=0.1773, t=0.9657]
Epoch 16/60:  38%|███▊      | 15/39 [00:00<00:00, 27.81it/s, loss=0.2076, rec=0.1772, t=0.9656]
Epoch 16/60:  49%|████▊     | 19/39 [00:00<00:00, 29.49it/s, loss=0.2076, rec=0.1772, t=0.9656]
Epoch 16/60:  49%|████▊     | 19/39 [00:00<00:00, 29.49it/s, loss=0.2076, rec=0.1771, t=0.9656]
Epoch 16/60:  49%|████▊     | 19/39 [00:00<00:00, 29.49it/s, loss=0.2075, rec=0.1770, t=0.9655]
Epoch 16/60:  49%|████▊     | 19/39 [00:00<00:00, 29.49it/s, loss=0.2075, rec=0.1770, t=0.9655]
Epoch 16/60:  49%|████▊     | 19/39 [00:00<00:00, 29.49it/s, loss=0.2074, rec=0.1770, t=0.9654]
Epoch 16/60:  59%|█████▉    | 23/39 [00:00<00:00, 30.41it/s, loss=0.2074, rec=0.1770, t=0.9654]
Epoch 16/60:  59%|█████▉    | 23/39 [00:00<00:00, 30.41it/s, loss=0.2074, rec=0.1769, t=0.9654]
Epoch 16/60:  59%|█████▉    | 23/39 [00:00<00:00, 30.41it/s, loss=0.2073, rec=0.1769, t=0.9653]
Epoch 16/60:  59%|█████▉    | 23/39 [00:00<00:00, 30.41it/s, loss=0.2074, rec=0.1769, t=0.9652]
Epoch 16/60:  59%|█████▉    | 23/39 [00:00<00:00, 30.41it/s, loss=0.2073, rec=0.1768, t=0.9652]
Epoch 16/60:  69%|██████▉   | 27/39 [00:00<00:00, 32.09it/s, loss=0.2073, rec=0.1768, t=0.9652]
Epoch 16/60:  69%|██████▉   | 27/39 [00:00<00:00, 32.09it/s, loss=0.2073, rec=0.1768, t=0.9651]
Epoch 16/60:  69%|██████▉   | 27/39 [00:00<00:00, 32.09it/s, loss=0.2072, rec=0.1768, t=0.9651]
Epoch 16/60:  69%|██████▉   | 27/39 [00:00<00:00, 32.09it/s, loss=0.2071, rec=0.1766, t=0.9650]
Epoch 16/60:  69%|██████▉   | 27/39 [00:01<00:00, 32.09it/s, loss=0.2070, rec=0.1766, t=0.9650]
Epoch 16/60:  79%|███████▉  | 31/39 [00:01<00:00, 33.38it/s, loss=0.2070, rec=0.1766, t=0.9650]
Epoch 16/60:  79%|███████▉  | 31/39 [00:01<00:00, 33.38it/s, loss=0.2070, rec=0.1765, t=0.9649]
Epoch 16/60:  79%|███████▉  | 31/39 [00:01<00:00, 33.38it/s, loss=0.2069, rec=0.1765, t=0.9648]
Epoch 16/60:  79%|███████▉  | 31/39 [00:01<00:00, 33.38it/s, loss=0.2069, rec=0.1765, t=0.9648]
Epoch 16/60:  79%|███████▉  | 31/39 [00:01<00:00, 33.38it/s, loss=0.2069, rec=0.1765, t=0.9647]
Epoch 16/60:  90%|████████▉ | 35/39 [00:01<00:00, 29.29it/s, loss=0.2069, rec=0.1765, t=0.9647]
Epoch 16/60:  90%|████████▉ | 35/39 [00:01<00:00, 29.29it/s, loss=0.2069, rec=0.1765, t=0.9647]
Epoch 16/60:  90%|████████▉ | 35/39 [00:01<00:00, 29.29it/s, loss=0.2068, rec=0.1764, t=0.9646]
Epoch 16/60:  90%|████████▉ | 35/39 [00:01<00:00, 29.29it/s, loss=0.2068, rec=0.1764, t=0.9646]
Epoch 16/60:  90%|████████▉ | 35/39 [00:01<00:00, 29.29it/s, loss=0.2068, rec=0.1764, t=0.9645]
                                                                                               
[Epoch   16/60] loss=0.206831 | rec=0.176423 | cb=0.023914 | com=0.023914 | uniq=0.440754 | rqvae=0.008370 | t=0.964511 | global_step=624

Epoch 17/60:   0%|          | 0/39 [00:00<?, ?it/s, loss=0.2049, rec=0.1735, t=0.9645]
Epoch 17/60:   0%|          | 0/39 [00:00<?, ?it/s, loss=0.2067, rec=0.1756, t=0.9644]
Epoch 17/60:   0%|          | 0/39 [00:00<?, ?it/s, loss=0.2068, rec=0.1758, t=0.9643]
Epoch 17/60:   0%|          | 0/39 [00:00<?, ?it/s, loss=0.2068, rec=0.1757, t=0.9643]
Epoch 17/60:  10%|█         | 4/39 [00:00<00:01, 31.09it/s, loss=0.2068, rec=0.1757, t=0.9643]
Epoch 17/60:  10%|█         | 4/39 [00:00<00:01, 31.09it/s, loss=0.2071, rec=0.1759, t=0.9642]
Epoch 17/60:  10%|█         | 4/39 [00:00<00:01, 31.09it/s, loss=0.2067, rec=0.1756, t=0.9642]
Epoch 17/60:  10%|█         | 4/39 [00:00<00:01, 31.09it/s, loss=0.2067, rec=0.1757, t=0.9641]
Epoch 17/60:  10%|█         | 4/39 [00:00<00:01, 31.09it/s, loss=0.2067, rec=0.1758, t=0.9641]
Epoch 17/60:  21%|██        | 8/39 [00:00<00:01, 30.84it/s, loss=0.2067, rec=0.1758, t=0.9641]
Epoch 17/60:  21%|██        | 8/39 [00:00<00:01, 30.84it/s, loss=0.2064, rec=0.1755, t=0.9640]
Epoch 17/60:  21%|██        | 8/39 [00:00<00:01, 30.84it/s, loss=0.2063, rec=0.1754, t=0.9640]
Epoch 17/60:  21%|██        | 8/39 [00:00<00:01, 30.84it/s, loss=0.2062, rec=0.1754, t=0.9639]
Epoch 17/60:  21%|██        | 8/39 [00:00<00:01, 30.84it/s, loss=0.2060, rec=0.1752, t=0.9638]
Epoch 17/60:  31%|███       | 12/39 [00:00<00:00, 28.82it/s, loss=0.2060, rec=0.1752, t=0.9638]
Epoch 17/60:  31%|███       | 12/39 [00:00<00:00, 28.82it/s, loss=0.2060, rec=0.1752, t=0.9638]
Epoch 17/60:  31%|███       | 12/39 [00:00<00:00, 28.82it/s, loss=0.2060, rec=0.1751, t=0.9637]
Epoch 17/60:  31%|███       | 12/39 [00:00<00:00, 28.82it/s, loss=0.2061, rec=0.1752, t=0.9637]
Epoch 17/60:  38%|███▊      | 15/39 [00:00<00:00, 27.94it/s, loss=0.2061, rec=0.1752, t=0.9637]
Epoch 17/60:  38%|███▊      | 15/39 [00:00<00:00, 27.94it/s, loss=0.2059, rec=0.1751, t=0.9636]
Epoch 17/60:  38%|███▊      | 15/39 [00:00<00:00, 27.94it/s, loss=0.2059, rec=0.1751, t=0.9636]
Epoch 17/60:  38%|███▊      | 15/39 [00:00<00:00, 27.94it/s, loss=0.2059, rec=0.1751, t=0.9635]
Epoch 17/60:  46%|████▌     | 18/39 [00:00<00:00, 27.83it/s, loss=0.2059, rec=0.1751, t=0.9635]
Epoch 17/60:  46%|████▌     | 18/39 [00:00<00:00, 27.83it/s, loss=0.2059, rec=0.1751, t=0.9634]
Epoch 17/60:  46%|████▌     | 18/39 [00:00<00:00, 27.83it/s, loss=0.2060, rec=0.1751, t=0.9634]
Epoch 17/60:  46%|████▌     | 18/39 [00:00<00:00, 27.83it/s, loss=0.2060, rec=0.1752, t=0.9633]
Epoch 17/60:  54%|█████▍    | 21/39 [00:00<00:00, 28.15it/s, loss=0.2060, rec=0.1752, t=0.9633]
Epoch 17/60:  54%|█████▍    | 21/39 [00:00<00:00, 28.15it/s, loss=0.2060, rec=0.1752, t=0.9633]
Epoch 17/60:  54%|█████▍    | 21/39 [00:00<00:00, 28.15it/s, loss=0.2060, rec=0.1751, t=0.9632]
Epoch 17/60:  54%|█████▍    | 21/39 [00:00<00:00, 28.15it/s, loss=0.2059, rec=0.1751, t=0.9632]
Epoch 17/60:  62%|██████▏   | 24/39 [00:00<00:00, 28.33it/s, loss=0.2059, rec=0.1751, t=0.9632]
Epoch 17/60:  62%|██████▏   | 24/39 [00:00<00:00, 28.33it/s, loss=0.2059, rec=0.1751, t=0.9631]
Epoch 17/60:  62%|██████▏   | 24/39 [00:00<00:00, 28.33it/s, loss=0.2060, rec=0.1751, t=0.9631]
Epoch 17/60:  62%|██████▏   | 24/39 [00:00<00:00, 28.33it/s, loss=0.2060, rec=0.1751, t=0.9630]
Epoch 17/60:  69%|██████▉   | 27/39 [00:00<00:00, 27.72it/s, loss=0.2060, rec=0.1751, t=0.9630]
Epoch 17/60:  69%|██████▉   | 27/39 [00:00<00:00, 27.72it/s, loss=0.2059, rec=0.1751, t=0.9629]
Epoch 17/60:  69%|██████▉   | 27/39 [00:01<00:00, 27.72it/s, loss=0.2059, rec=0.1751, t=0.9629]
Epoch 17/60:  69%|██████▉   | 27/39 [00:01<00:00, 27.72it/s, loss=0.2058, rec=0.1751, t=0.9628]
Epoch 17/60:  77%|███████▋  | 30/39 [00:01<00:00, 27.78it/s, loss=0.2058, rec=0.1751, t=0.9628]
Epoch 17/60:  77%|███████▋  | 30/39 [00:01<00:00, 27.78it/s, loss=0.2058, rec=0.1751, t=0.9628]
Epoch 17/60:  77%|███████▋  | 30/39 [00:01<00:00, 27.78it/s, loss=0.2057, rec=0.1750, t=0.9627]
Epoch 17/60:  77%|███████▋  | 30/39 [00:01<00:00, 27.78it/s, loss=0.2057, rec=0.1750, t=0.9627]
Epoch 17/60:  85%|████████▍ | 33/39 [00:01<00:00, 28.07it/s, loss=0.2057, rec=0.1750, t=0.9627]
Epoch 17/60:  85%|████████▍ | 33/39 [00:01<00:00, 28.07it/s, loss=0.2057, rec=0.1750, t=0.9626]
Epoch 17/60:  85%|████████▍ | 33/39 [00:01<00:00, 28.07it/s, loss=0.2057, rec=0.1750, t=0.9626]
Epoch 17/60:  85%|████████▍ | 33/39 [00:01<00:00, 28.07it/s, loss=0.2057, rec=0.1750, t=0.9625]
Epoch 17/60:  92%|█████████▏| 36/39 [00:01<00:00, 28.33it/s, loss=0.2057, rec=0.1750, t=0.9625]
Epoch 17/60:  92%|█████████▏| 36/39 [00:01<00:00, 28.33it/s, loss=0.2056, rec=0.1749, t=0.9624]
Epoch 17/60:  92%|█████████▏| 36/39 [00:01<00:00, 28.33it/s, loss=0.2055, rec=0.1748, t=0.9624]
Epoch 17/60:  92%|█████████▏| 36/39 [00:01<00:00, 28.33it/s, loss=0.2055, rec=0.1748, t=0.9623]
                                                                                               
[Epoch   17/60] loss=0.205494 | rec=0.174809 | cb=0.024575 | com=0.024575 | uniq=0.441661 | rqvae=0.008601 | t=0.962332 | global_step=663

Epoch 18/60:   0%|          | 0/39 [00:00<?, ?it/s, loss=0.2041, rec=0.1735, t=0.9623]
Epoch 18/60:   0%|          | 0/39 [00:00<?, ?it/s, loss=0.2038, rec=0.1730, t=0.9622]
Epoch 18/60:   0%|          | 0/39 [00:00<?, ?it/s, loss=0.2029, rec=0.1721, t=0.9622]
Epoch 18/60:   8%|▊         | 3/39 [00:00<00:01, 25.34it/s, loss=0.2029, rec=0.1721, t=0.9622]
Epoch 18/60:   8%|▊         | 3/39 [00:00<00:01, 25.34it/s, loss=0.2035, rec=0.1727, t=0.9621]
Epoch 18/60:   8%|▊         | 3/39 [00:00<00:01, 25.34it/s, loss=0.2037, rec=0.1728, t=0.9621]
Epoch 18/60:   8%|▊         | 3/39 [00:00<00:01, 25.34it/s, loss=0.2037, rec=0.1729, t=0.9620]
Epoch 18/60:  15%|█▌        | 6/39 [00:00<00:01, 26.02it/s, loss=0.2037, rec=0.1729, t=0.9620]
Epoch 18/60:  15%|█▌        | 6/39 [00:00<00:01, 26.02it/s, loss=0.2039, rec=0.1730, t=0.9619]
Epoch 18/60:  15%|█▌        | 6/39 [00:00<00:01, 26.02it/s, loss=0.2039, rec=0.1731, t=0.9619]
Epoch 18/60:  15%|█▌        | 6/39 [00:00<00:01, 26.02it/s, loss=0.2041, rec=0.1732, t=0.9618]
Epoch 18/60:  23%|██▎       | 9/39 [00:00<00:01, 27.41it/s, loss=0.2041, rec=0.1732, t=0.9618]
Epoch 18/60:  23%|██▎       | 9/39 [00:00<00:01, 27.41it/s, loss=0.2039, rec=0.1730, t=0.9618]
Epoch 18/60:  23%|██▎       | 9/39 [00:00<00:01, 27.41it/s, loss=0.2040, rec=0.1731, t=0.9617]
Epoch 18/60:  23%|██▎       | 9/39 [00:00<00:01, 27.41it/s, loss=0.2042, rec=0.1733, t=0.9617]
Epoch 18/60:  31%|███       | 12/39 [00:00<00:00, 27.35it/s, loss=0.2042, rec=0.1733, t=0.9617]
Epoch 18/60:  31%|███       | 12/39 [00:00<00:00, 27.35it/s, loss=0.2043, rec=0.1735, t=0.9616]
Epoch 18/60:  31%|███       | 12/39 [00:00<00:00, 27.35it/s, loss=0.2044, rec=0.1736, t=0.9616]
Epoch 18/60:  31%|███       | 12/39 [00:00<00:00, 27.35it/s, loss=0.2044, rec=0.1735, t=0.9615]
Epoch 18/60:  38%|███▊      | 15/39 [00:00<00:00, 28.12it/s, loss=0.2044, rec=0.1735, t=0.9615]
Epoch 18/60:  38%|███▊      | 15/39 [00:00<00:00, 28.12it/s, loss=0.2043, rec=0.1734, t=0.9614]
Epoch 18/60:  38%|███▊      | 15/39 [00:00<00:00, 28.12it/s, loss=0.2042, rec=0.1733, t=0.9614]
Epoch 18/60:  38%|███▊      | 15/39 [00:00<00:00, 28.12it/s, loss=0.2041, rec=0.1732, t=0.9613]
Epoch 18/60:  46%|████▌     | 18/39 [00:00<00:00, 28.11it/s, loss=0.2041, rec=0.1732, t=0.9613]
Epoch 18/60:  46%|████▌     | 18/39 [00:00<00:00, 28.11it/s, loss=0.2041, rec=0.1732, t=0.9613]
Epoch 18/60:  46%|████▌     | 18/39 [00:00<00:00, 28.11it/s, loss=0.2040, rec=0.1731, t=0.9612]
Epoch 18/60:  46%|████▌     | 18/39 [00:00<00:00, 28.11it/s, loss=0.2040, rec=0.1730, t=0.9612]
Epoch 18/60:  54%|█████▍    | 21/39 [00:00<00:00, 28.17it/s, loss=0.2040, rec=0.1730, t=0.9612]
Epoch 18/60:  54%|█████▍    | 21/39 [00:00<00:00, 28.17it/s, loss=0.2040, rec=0.1731, t=0.9611]
Epoch 18/60:  54%|█████▍    | 21/39 [00:00<00:00, 28.17it/s, loss=0.2040, rec=0.1730, t=0.9610]
Epoch 18/60:  54%|█████▍    | 21/39 [00:00<00:00, 28.17it/s, loss=0.2039, rec=0.1729, t=0.9610]
Epoch 18/60:  62%|██████▏   | 24/39 [00:00<00:00, 28.18it/s, loss=0.2039, rec=0.1729, t=0.9610]
Epoch 18/60:  62%|██████▏   | 24/39 [00:00<00:00, 28.18it/s, loss=0.2039, rec=0.1729, t=0.9609]
Epoch 18/60:  62%|██████▏   | 24/39 [00:00<00:00, 28.18it/s, loss=0.2039, rec=0.1728, t=0.9609]
Epoch 18/60:  62%|██████▏   | 24/39 [00:00<00:00, 28.18it/s, loss=0.2039, rec=0.1729, t=0.9608]
Epoch 18/60:  69%|██████▉   | 27/39 [00:00<00:00, 28.58it/s, loss=0.2039, rec=0.1729, t=0.9608]
Epoch 18/60:  69%|██████▉   | 27/39 [00:01<00:00, 28.58it/s, loss=0.2040, rec=0.1729, t=0.9608]
Epoch 18/60:  69%|██████▉   | 27/39 [00:01<00:00, 28.58it/s, loss=0.2041, rec=0.1730, t=0.9607]
Epoch 18/60:  69%|██████▉   | 27/39 [00:01<00:00, 28.58it/s, loss=0.2042, rec=0.1731, t=0.9607]
Epoch 18/60:  69%|██████▉   | 27/39 [00:01<00:00, 28.58it/s, loss=0.2042, rec=0.1731, t=0.9606]
Epoch 18/60:  79%|███████▉  | 31/39 [00:01<00:00, 29.57it/s, loss=0.2042, rec=0.1731, t=0.9606]
Epoch 18/60:  79%|███████▉  | 31/39 [00:01<00:00, 29.57it/s, loss=0.2042, rec=0.1730, t=0.9605]
Epoch 18/60:  79%|███████▉  | 31/39 [00:01<00:00, 29.57it/s, loss=0.2042, rec=0.1731, t=0.9605]
Epoch 18/60:  79%|███████▉  | 31/39 [00:01<00:00, 29.57it/s, loss=0.2042, rec=0.1731, t=0.9604]
Epoch 18/60:  79%|███████▉  | 31/39 [00:01<00:00, 29.57it/s, loss=0.2042, rec=0.1731, t=0.9604]
Epoch 18/60:  90%|████████▉ | 35/39 [00:01<00:00, 31.25it/s, loss=0.2042, rec=0.1731, t=0.9604]
Epoch 18/60:  90%|████████▉ | 35/39 [00:01<00:00, 31.25it/s, loss=0.2042, rec=0.1730, t=0.9603]
Epoch 18/60:  90%|████████▉ | 35/39 [00:01<00:00, 31.25it/s, loss=0.2042, rec=0.1731, t=0.9603]
Epoch 18/60:  90%|████████▉ | 35/39 [00:01<00:00, 31.25it/s, loss=0.2041, rec=0.1730, t=0.9602]
Epoch 18/60:  90%|████████▉ | 35/39 [00:01<00:00, 31.25it/s, loss=0.2041, rec=0.1730, t=0.9602]
                                                                                               
[Epoch   18/60] loss=0.204119 | rec=0.172982 | cb=0.025529 | com=0.025529 | uniq=0.444036 | rqvae=0.008935 | t=0.960157 | global_step=702

Epoch 19/60:   0%|          | 0/39 [00:00<?, ?it/s, loss=0.2015, rec=0.1705, t=0.9601]
Epoch 19/60:   0%|          | 0/39 [00:00<?, ?it/s, loss=0.2031, rec=0.1720, t=0.9600]
Epoch 19/60:   5%|▌         | 2/39 [00:00<00:02, 16.89it/s, loss=0.2031, rec=0.1720, t=0.9600]
Epoch 19/60:   5%|▌         | 2/39 [00:00<00:02, 16.89it/s, loss=0.2032, rec=0.1719, t=0.9600]
Epoch 19/60:   5%|▌         | 2/39 [00:00<00:02, 16.89it/s, loss=0.2031, rec=0.1719, t=0.9599]
Epoch 19/60:   5%|▌         | 2/39 [00:00<00:02, 16.89it/s, loss=0.2035, rec=0.1723, t=0.9599]
Epoch 19/60:  13%|█▎        | 5/39 [00:00<00:01, 21.33it/s, loss=0.2035, rec=0.1723, t=0.9599]
Epoch 19/60:  13%|█▎        | 5/39 [00:00<00:01, 21.33it/s, loss=0.2035, rec=0.1722, t=0.9598]
Epoch 19/60:  13%|█▎        | 5/39 [00:00<00:01, 21.33it/s, loss=0.2036, rec=0.1724, t=0.9598]
Epoch 19/60:  13%|█▎        | 5/39 [00:00<00:01, 21.33it/s, loss=0.2034, rec=0.1722, t=0.9597]
Epoch 19/60:  13%|█▎        | 5/39 [00:00<00:01, 21.33it/s, loss=0.2032, rec=0.1720, t=0.9597]
Epoch 19/60:  23%|██▎       | 9/39 [00:00<00:01, 25.78it/s, loss=0.2032, rec=0.1720, t=0.9597]
Epoch 19/60:  23%|██▎       | 9/39 [00:00<00:01, 25.78it/s, loss=0.2032, rec=0.1721, t=0.9596]
Epoch 19/60:  23%|██▎       | 9/39 [00:00<00:01, 25.78it/s, loss=0.2035, rec=0.1723, t=0.9595]
Epoch 19/60:  23%|██▎       | 9/39 [00:00<00:01, 25.78it/s, loss=0.2038, rec=0.1725, t=0.9595]
Epoch 19/60:  23%|██▎       | 9/39 [00:00<00:01, 25.78it/s, loss=0.2037, rec=0.1723, t=0.9594]
Epoch 19/60:  33%|███▎      | 13/39 [00:00<00:00, 28.10it/s, loss=0.2037, rec=0.1723, t=0.9594]
Epoch 19/60:  33%|███▎      | 13/39 [00:00<00:00, 28.10it/s, loss=0.2038, rec=0.1723, t=0.9594]
Epoch 19/60:  33%|███▎      | 13/39 [00:00<00:00, 28.10it/s, loss=0.2038, rec=0.1723, t=0.9593]
Epoch 19/60:  33%|███▎      | 13/39 [00:00<00:00, 28.10it/s, loss=0.2038, rec=0.1723, t=0.9593]
Epoch 19/60:  33%|███▎      | 13/39 [00:00<00:00, 28.10it/s, loss=0.2039, rec=0.1723, t=0.9592]
Epoch 19/60:  44%|████▎     | 17/39 [00:00<00:00, 29.64it/s, loss=0.2039, rec=0.1723, t=0.9592]
Epoch 19/60:  44%|████▎     | 17/39 [00:00<00:00, 29.64it/s, loss=0.2038, rec=0.1722, t=0.9592]
Epoch 19/60:  44%|████▎     | 17/39 [00:00<00:00, 29.64it/s, loss=0.2038, rec=0.1722, t=0.9591]
Epoch 19/60:  44%|████▎     | 17/39 [00:00<00:00, 29.64it/s, loss=0.2038, rec=0.1722, t=0.9590]
Epoch 19/60:  44%|████▎     | 17/39 [00:00<00:00, 29.64it/s, loss=0.2038, rec=0.1721, t=0.9590]
Epoch 19/60:  54%|█████▍    | 21/39 [00:00<00:00, 30.07it/s, loss=0.2038, rec=0.1721, t=0.9590]
Epoch 19/60:  54%|█████▍    | 21/39 [00:00<00:00, 30.07it/s, loss=0.2039, rec=0.1723, t=0.9589]
Epoch 19/60:  54%|█████▍    | 21/39 [00:00<00:00, 30.07it/s, loss=0.2038, rec=0.1722, t=0.9589]
Epoch 19/60:  54%|█████▍    | 21/39 [00:00<00:00, 30.07it/s, loss=0.2038, rec=0.1722, t=0.9588]
Epoch 19/60:  54%|█████▍    | 21/39 [00:00<00:00, 30.07it/s, loss=0.2039, rec=0.1723, t=0.9588]
Epoch 19/60:  64%|██████▍   | 25/39 [00:00<00:00, 30.13it/s, loss=0.2039, rec=0.1723, t=0.9588]
Epoch 19/60:  64%|██████▍   | 25/39 [00:00<00:00, 30.13it/s, loss=0.2039, rec=0.1723, t=0.9587]
Epoch 19/60:  64%|██████▍   | 25/39 [00:00<00:00, 30.13it/s, loss=0.2038, rec=0.1723, t=0.9587]
Epoch 19/60:  64%|██████▍   | 25/39 [00:00<00:00, 30.13it/s, loss=0.2038, rec=0.1723, t=0.9586]
Epoch 19/60:  64%|██████▍   | 25/39 [00:01<00:00, 30.13it/s, loss=0.2039, rec=0.1723, t=0.9585]
Epoch 19/60:  74%|███████▍  | 29/39 [00:01<00:00, 29.96it/s, loss=0.2039, rec=0.1723, t=0.9585]
Epoch 19/60:  74%|███████▍  | 29/39 [00:01<00:00, 29.96it/s, loss=0.2037, rec=0.1722, t=0.9585]
Epoch 19/60:  74%|███████▍  | 29/39 [00:01<00:00, 29.96it/s, loss=0.2037, rec=0.1721, t=0.9584]
Epoch 19/60:  74%|███████▍  | 29/39 [00:01<00:00, 29.96it/s, loss=0.2035, rec=0.1720, t=0.9584]
Epoch 19/60:  74%|███████▍  | 29/39 [00:01<00:00, 29.96it/s, loss=0.2035, rec=0.1720, t=0.9583]
Epoch 19/60:  85%|████████▍ | 33/39 [00:01<00:00, 30.28it/s, loss=0.2035, rec=0.1720, t=0.9583]
Epoch 19/60:  85%|████████▍ | 33/39 [00:01<00:00, 30.28it/s, loss=0.2035, rec=0.1720, t=0.9583]
Epoch 19/60:  85%|████████▍ | 33/39 [00:01<00:00, 30.28it/s, loss=0.2034, rec=0.1719, t=0.9582]
Epoch 19/60:  85%|████████▍ | 33/39 [00:01<00:00, 30.28it/s, loss=0.2035, rec=0.1719, t=0.9582]
Epoch 19/60:  85%|████████▍ | 33/39 [00:01<00:00, 30.28it/s, loss=0.2035, rec=0.1719, t=0.9581]
Epoch 19/60:  95%|█████████▍| 37/39 [00:01<00:00, 29.45it/s, loss=0.2035, rec=0.1719, t=0.9581]
Epoch 19/60:  95%|█████████▍| 37/39 [00:01<00:00, 29.45it/s, loss=0.2035, rec=0.1719, t=0.9580]
Epoch 19/60:  95%|█████████▍| 37/39 [00:01<00:00, 29.45it/s, loss=0.2034, rec=0.1718, t=0.9580]
                                                                                               
[Epoch   19/60] loss=0.203437 | rec=0.171849 | cb=0.027368 | com=0.027368 | uniq=0.440164 | rqvae=0.009579 | t=0.957988 | global_step=741

Epoch 20/60:   0%|          | 0/39 [00:00<?, ?it/s, loss=0.2027, rec=0.1705, t=0.9579]
Epoch 20/60:   0%|          | 0/39 [00:00<?, ?it/s, loss=0.2032, rec=0.1709, t=0.9579]
Epoch 20/60:   0%|          | 0/39 [00:00<?, ?it/s, loss=0.2029, rec=0.1709, t=0.9578]
Epoch 20/60:   8%|▊         | 3/39 [00:00<00:01, 24.74it/s, loss=0.2029, rec=0.1709, t=0.9578]
Epoch 20/60:   8%|▊         | 3/39 [00:00<00:01, 24.74it/s, loss=0.2030, rec=0.1709, t=0.9578]
Epoch 20/60:   8%|▊         | 3/39 [00:00<00:01, 24.74it/s, loss=0.2025, rec=0.1704, t=0.9577]
Epoch 20/60:   8%|▊         | 3/39 [00:00<00:01, 24.74it/s, loss=0.2024, rec=0.1703, t=0.9577]
Epoch 20/60:   8%|▊         | 3/39 [00:00<00:01, 24.74it/s, loss=0.2025, rec=0.1707, t=0.9576]
Epoch 20/60:  18%|█▊        | 7/39 [00:00<00:01, 27.97it/s, loss=0.2025, rec=0.1707, t=0.9576]
Epoch 20/60:  18%|█▊        | 7/39 [00:00<00:01, 27.97it/s, loss=0.2025, rec=0.1706, t=0.9575]
Epoch 20/60:  18%|█▊        | 7/39 [00:00<00:01, 27.97it/s, loss=0.2024, rec=0.1706, t=0.9575]
Epoch 20/60:  18%|█▊        | 7/39 [00:00<00:01, 27.97it/s, loss=0.2025, rec=0.1707, t=0.9574]
Epoch 20/60:  26%|██▌       | 10/39 [00:00<00:01, 27.77it/s, loss=0.2025, rec=0.1707, t=0.9574]
Epoch 20/60:  26%|██▌       | 10/39 [00:00<00:01, 27.77it/s, loss=0.2027, rec=0.1709, t=0.9574]
Epoch 20/60:  26%|██▌       | 10/39 [00:00<00:01, 27.77it/s, loss=0.2027, rec=0.1709, t=0.9573]
Epoch 20/60:  26%|██▌       | 10/39 [00:00<00:01, 27.77it/s, loss=0.2027, rec=0.1709, t=0.9573]
Epoch 20/60:  33%|███▎      | 13/39 [00:00<00:01, 23.57it/s, loss=0.2027, rec=0.1709, t=0.9573]
Epoch 20/60:  33%|███▎      | 13/39 [00:00<00:01, 23.57it/s, loss=0.2028, rec=0.1709, t=0.9572]
Epoch 20/60:  33%|███▎      | 13/39 [00:00<00:01, 23.57it/s, loss=0.2027, rec=0.1708, t=0.9572]
Epoch 20/60:  33%|███▎      | 13/39 [00:00<00:01, 23.57it/s, loss=0.2026, rec=0.1707, t=0.9571]
Epoch 20/60:  41%|████      | 16/39 [00:00<00:00, 24.58it/s, loss=0.2026, rec=0.1707, t=0.9571]
Epoch 20/60:  41%|████      | 16/39 [00:00<00:00, 24.58it/s, loss=0.2026, rec=0.1706, t=0.9570]
Epoch 20/60:  41%|████      | 16/39 [00:00<00:00, 24.58it/s, loss=0.2026, rec=0.1706, t=0.9570]
Epoch 20/60:  41%|████      | 16/39 [00:00<00:00, 24.58it/s, loss=0.2027, rec=0.1706, t=0.9569]
Epoch 20/60:  41%|████      | 16/39 [00:00<00:00, 24.58it/s, loss=0.2026, rec=0.1705, t=0.9569]
Epoch 20/60:  51%|█████▏    | 20/39 [00:00<00:00, 26.75it/s, loss=0.2026, rec=0.1705, t=0.9569]
Epoch 20/60:  51%|█████▏    | 20/39 [00:00<00:00, 26.75it/s, loss=0.2026, rec=0.1705, t=0.9568]
Epoch 20/60:  51%|█████▏    | 20/39 [00:00<00:00, 26.75it/s, loss=0.2026, rec=0.1705, t=0.9568]
Epoch 20/60:  51%|█████▏    | 20/39 [00:00<00:00, 26.75it/s, loss=0.2026, rec=0.1705, t=0.9567]
Epoch 20/60:  51%|█████▏    | 20/39 [00:00<00:00, 26.75it/s, loss=0.2025, rec=0.1704, t=0.9567]
Epoch 20/60:  62%|██████▏   | 24/39 [00:00<00:00, 28.03it/s, loss=0.2025, rec=0.1704, t=0.9567]
Epoch 20/60:  62%|██████▏   | 24/39 [00:00<00:00, 28.03it/s, loss=0.2025, rec=0.1703, t=0.9566]
Epoch 20/60:  62%|██████▏   | 24/39 [00:00<00:00, 28.03it/s, loss=0.2026, rec=0.1704, t=0.9565]
Epoch 20/60:  62%|██████▏   | 24/39 [00:00<00:00, 28.03it/s, loss=0.2026, rec=0.1704, t=0.9565]
Epoch 20/60:  62%|██████▏   | 24/39 [00:01<00:00, 28.03it/s, loss=0.2026, rec=0.1704, t=0.9564]
Epoch 20/60:  72%|███████▏  | 28/39 [00:01<00:00, 28.68it/s, loss=0.2026, rec=0.1704, t=0.9564]
Epoch 20/60:  72%|███████▏  | 28/39 [00:01<00:00, 28.68it/s, loss=0.2025, rec=0.1703, t=0.9564]
Epoch 20/60:  72%|███████▏  | 28/39 [00:01<00:00, 28.68it/s, loss=0.2024, rec=0.1702, t=0.9563]
Epoch 20/60:  72%|███████▏  | 28/39 [00:01<00:00, 28.68it/s, loss=0.2023, rec=0.1701, t=0.9563]
Epoch 20/60:  72%|███████▏  | 28/39 [00:01<00:00, 28.68it/s, loss=0.2024, rec=0.1702, t=0.9562]
Epoch 20/60:  82%|████████▏ | 32/39 [00:01<00:00, 29.22it/s, loss=0.2024, rec=0.1702, t=0.9562]
Epoch 20/60:  82%|████████▏ | 32/39 [00:01<00:00, 29.22it/s, loss=0.2024, rec=0.1702, t=0.9562]
Epoch 20/60:  82%|████████▏ | 32/39 [00:01<00:00, 29.22it/s, loss=0.2024, rec=0.1702, t=0.9561]
Epoch 20/60:  82%|████████▏ | 32/39 [00:01<00:00, 29.22it/s, loss=0.2024, rec=0.1702, t=0.9560]
Epoch 20/60:  82%|████████▏ | 32/39 [00:01<00:00, 29.22it/s, loss=0.2025, rec=0.1702, t=0.9560]
Epoch 20/60:  92%|█████████▏| 36/39 [00:01<00:00, 29.54it/s, loss=0.2025, rec=0.1702, t=0.9560]
Epoch 20/60:  92%|█████████▏| 36/39 [00:01<00:00, 29.54it/s, loss=0.2025, rec=0.1702, t=0.9559]
Epoch 20/60:  92%|█████████▏| 36/39 [00:01<00:00, 29.54it/s, loss=0.2025, rec=0.1702, t=0.9559]
Epoch 20/60:  92%|█████████▏| 36/39 [00:01<00:00, 29.54it/s, loss=0.2024, rec=0.1702, t=0.9558]
                                                                                               
[Epoch   20/60] loss=0.202433 | rec=0.170175 | cb=0.029406 | com=0.029406 | uniq=0.439313 | rqvae=0.010292 | t=0.955824 | global_step=780
[Validation epoch 20] loss=0.202915 | rec=0.170346 | cb=0.029573 | com=0.029573 | uniq=0.444368 | rqvae=0.010350
[Best Checkpoint] Total Loss improved -> <scratch>/mid_run_article/checkpoint_best_total.pt
[Best Checkpoint] Reconstruction Loss improved -> <scratch>/mid_run_article/checkpoint_best_rec.pt
[EarlyStopping] epoch=20 | improved_total=True | improved_rec=True | counter=0/20 | best_total=0.202915@20 | best_rec=0.170346@20

Epoch 21/60:   0%|          | 0/39 [00:00<?, ?it/s, loss=0.2032, rec=0.1702, t=0.9558]
Epoch 21/60:   0%|          | 0/39 [00:00<?, ?it/s, loss=0.2025, rec=0.1694, t=0.9557]
Epoch 21/60:   0%|          | 0/39 [00:00<?, ?it/s, loss=0.2027, rec=0.1697, t=0.9557]
Epoch 21/60:   8%|▊         | 3/39 [00:00<00:01, 23.93it/s, loss=0.2027, rec=0.1697, t=0.9557]
Epoch 21/60:   8%|▊         | 3/39 [00:00<00:01, 23.93it/s, loss=0.2023, rec=0.1695, t=0.9556]
Epoch 21/60:   8%|▊         | 3/39 [00:00<00:01, 23.93it/s, loss=0.2025, rec=0.1697, t=0.9555]
Epoch 21/60:   8%|▊         | 3/39 [00:00<00:01, 23.93it/s, loss=0.2030, rec=0.1700, t=0.9555]
Epoch 21/60:  15%|█▌        | 6/39 [00:00<00:01, 25.11it/s, loss=0.2030, rec=0.1700, t=0.9555]
Epoch 21/60:  15%|█▌        | 6/39 [00:00<00:01, 25.11it/s, loss=0.2033, rec=0.1703, t=0.9554]
Epoch 21/60:  15%|█▌        | 6/39 [00:00<00:01, 25.11it/s, loss=0.2036, rec=0.1705, t=0.9554]
Epoch 21/60:  15%|█▌        | 6/39 [00:00<00:01, 25.11it/s, loss=0.2036, rec=0.1705, t=0.9553]
Epoch 21/60:  23%|██▎       | 9/39 [00:00<00:01, 25.76it/s, loss=0.2036, rec=0.1705, t=0.9553]
Epoch 21/60:  23%|██▎       | 9/39 [00:00<00:01, 25.76it/s, loss=0.2036, rec=0.1705, t=0.9553]
Epoch 21/60:  23%|██▎       | 9/39 [00:00<00:01, 25.76it/s, loss=0.2034, rec=0.1703, t=0.9552]
Epoch 21/60:  23%|██▎       | 9/39 [00:00<00:01, 25.76it/s, loss=0.2031, rec=0.1700, t=0.9552]
Epoch 21/60:  31%|███       | 12/39 [00:00<00:01, 26.77it/s, loss=0.2031, rec=0.1700, t=0.9552]
Epoch 21/60:  31%|███       | 12/39 [00:00<00:01, 26.77it/s, loss=0.2030, rec=0.1700, t=0.9551]
Epoch 21/60:  31%|███       | 12/39 [00:00<00:01, 26.77it/s, loss=0.2030, rec=0.1700, t=0.9550]
Epoch 21/60:  31%|███       | 12/39 [00:00<00:01, 26.77it/s, loss=0.2029, rec=0.1699, t=0.9550]
Epoch 21/60:  38%|███▊      | 15/39 [00:00<00:00, 27.27it/s, loss=0.2029, rec=0.1699, t=0.9550]
Epoch 21/60:  38%|███▊      | 15/39 [00:00<00:00, 27.27it/s, loss=0.2028, rec=0.1699, t=0.9549]
Epoch 21/60:  38%|███▊      | 15/39 [00:00<00:00, 27.27it/s, loss=0.2028, rec=0.1698, t=0.9549]
Epoch 21/60:  38%|███▊      | 15/39 [00:00<00:00, 27.27it/s, loss=0.2027, rec=0.1697, t=0.9548]
Epoch 21/60:  46%|████▌     | 18/39 [00:00<00:00, 26.58it/s, loss=0.2027, rec=0.1697, t=0.9548]
Epoch 21/60:  46%|████▌     | 18/39 [00:00<00:00, 26.58it/s, loss=0.2027, rec=0.1698, t=0.9548]
Epoch 21/60:  46%|████▌     | 18/39 [00:00<00:00, 26.58it/s, loss=0.2027, rec=0.1697, t=0.9547]
Epoch 21/60:  46%|████▌     | 18/39 [00:00<00:00, 26.58it/s, loss=0.2029, rec=0.1698, t=0.9547]
Epoch 21/60:  54%|█████▍    | 21/39 [00:00<00:00, 26.51it/s, loss=0.2029, rec=0.1698, t=0.9547]
Epoch 21/60:  54%|█████▍    | 21/39 [00:00<00:00, 26.51it/s, loss=0.2028, rec=0.1698, t=0.9546]
Epoch 21/60:  54%|█████▍    | 21/39 [00:00<00:00, 26.51it/s, loss=0.2029, rec=0.1698, t=0.9545]
Epoch 21/60:  54%|█████▍    | 21/39 [00:00<00:00, 26.51it/s, loss=0.2028, rec=0.1698, t=0.9545]
Epoch 21/60:  62%|██████▏   | 24/39 [00:00<00:00, 27.13it/s, loss=0.2028, rec=0.1698, t=0.9545]
Epoch 21/60:  62%|██████▏   | 24/39 [00:00<00:00, 27.13it/s, loss=0.2028, rec=0.1697, t=0.9544]
Epoch 21/60:  62%|██████▏   | 24/39 [00:00<00:00, 27.13it/s, loss=0.2028, rec=0.1697, t=0.9544]
Epoch 21/60:  62%|██████▏   | 24/39 [00:01<00:00, 27.13it/s, loss=0.2029, rec=0.1698, t=0.9543]
Epoch 21/60:  69%|██████▉   | 27/39 [00:01<00:00, 27.80it/s, loss=0.2029, rec=0.1698, t=0.9543]
Epoch 21/60:  69%|██████▉   | 27/39 [00:01<00:00, 27.80it/s, loss=0.2030, rec=0.1699, t=0.9543]
Epoch 21/60:  69%|██████▉   | 27/39 [00:01<00:00, 27.80it/s, loss=0.2031, rec=0.1700, t=0.9542]
Epoch 21/60:  69%|██████▉   | 27/39 [00:01<00:00, 27.80it/s, loss=0.2032, rec=0.1701, t=0.9542]
Epoch 21/60:  77%|███████▋  | 30/39 [00:01<00:00, 27.83it/s, loss=0.2032, rec=0.1701, t=0.9542]
Epoch 21/60:  77%|███████▋  | 30/39 [00:01<00:00, 27.83it/s, loss=0.2033, rec=0.1701, t=0.9541]
Epoch 21/60:  77%|███████▋  | 30/39 [00:01<00:00, 27.83it/s, loss=0.2032, rec=0.1701, t=0.9541]
Epoch 21/60:  77%|███████▋  | 30/39 [00:01<00:00, 27.83it/s, loss=0.2033, rec=0.1701, t=0.9540]
Epoch 21/60:  85%|████████▍ | 33/39 [00:01<00:00, 27.82it/s, loss=0.2033, rec=0.1701, t=0.9540]
Epoch 21/60:  85%|████████▍ | 33/39 [00:01<00:00, 27.82it/s, loss=0.2033, rec=0.1702, t=0.9539]
Epoch 21/60:  85%|████████▍ | 33/39 [00:01<00:00, 27.82it/s, loss=0.2033, rec=0.1702, t=0.9539]
Epoch 21/60:  85%|████████▍ | 33/39 [00:01<00:00, 27.82it/s, loss=0.2033, rec=0.1702, t=0.9538]
Epoch 21/60:  92%|█████████▏| 36/39 [00:01<00:00, 27.84it/s, loss=0.2033, rec=0.1702, t=0.9538]
Epoch 21/60:  92%|█████████▏| 36/39 [00:01<00:00, 27.84it/s, loss=0.2033, rec=0.1702, t=0.9538]
Epoch 21/60:  92%|█████████▏| 36/39 [00:01<00:00, 27.84it/s, loss=0.2033, rec=0.1702, t=0.9537]
Epoch 21/60:  92%|█████████▏| 36/39 [00:01<00:00, 27.84it/s, loss=0.2032, rec=0.1702, t=0.9537]
                                                                                               
[Epoch   21/60] loss=0.203249 | rec=0.170178 | cb=0.032987 | com=0.032987 | uniq=0.430505 | rqvae=0.011545 | t=0.953664 | global_step=819

Epoch 22/60:   0%|          | 0/39 [00:00<?, ?it/s, loss=0.2002, rec=0.1669, t=0.9536]
Epoch 22/60:   0%|          | 0/39 [00:00<?, ?it/s, loss=0.2007, rec=0.1683, t=0.9536]
Epoch 22/60:   0%|          | 0/39 [00:00<?, ?it/s, loss=0.2017, rec=0.1691, t=0.9535]
Epoch 22/60:   8%|▊         | 3/39 [00:00<00:01, 24.13it/s, loss=0.2017, rec=0.1691, t=0.9535]
Epoch 22/60:   8%|▊         | 3/39 [00:00<00:01, 24.13it/s, loss=0.2022, rec=0.1694, t=0.9534]
Epoch 22/60:   8%|▊         | 3/39 [00:00<00:01, 24.13it/s, loss=0.2019, rec=0.1693, t=0.9534]
Epoch 22/60:   8%|▊         | 3/39 [00:00<00:01, 24.13it/s, loss=0.2022, rec=0.1694, t=0.9533]
Epoch 22/60:  15%|█▌        | 6/39 [00:00<00:01, 26.13it/s, loss=0.2022, rec=0.1694, t=0.9533]
Epoch 22/60:  15%|█▌        | 6/39 [00:00<00:01, 26.13it/s, loss=0.2022, rec=0.1696, t=0.9533]
Epoch 22/60:  15%|█▌        | 6/39 [00:00<00:01, 26.13it/s, loss=0.2024, rec=0.1698, t=0.9532]
Epoch 22/60:  15%|█▌        | 6/39 [00:00<00:01, 26.13it/s, loss=0.2023, rec=0.1696, t=0.9532]
Epoch 22/60:  23%|██▎       | 9/39 [00:00<00:01, 27.68it/s, loss=0.2023, rec=0.1696, t=0.9532]
Epoch 22/60:  23%|██▎       | 9/39 [00:00<00:01, 27.68it/s, loss=0.2026, rec=0.1698, t=0.9531]
Epoch 22/60:  23%|██▎       | 9/39 [00:00<00:01, 27.68it/s, loss=0.2023, rec=0.1697, t=0.9531]
Epoch 22/60:  23%|██▎       | 9/39 [00:00<00:01, 27.68it/s, loss=0.2023, rec=0.1697, t=0.9530]
Epoch 22/60:  31%|███       | 12/39 [00:00<00:00, 28.01it/s, loss=0.2023, rec=0.1697, t=0.9530]
Epoch 22/60:  31%|███       | 12/39 [00:00<00:00, 28.01it/s, loss=0.2022, rec=0.1695, t=0.9529]
Epoch 22/60:  31%|███       | 12/39 [00:00<00:00, 28.01it/s, loss=0.2023, rec=0.1697, t=0.9529]
Epoch 22/60:  31%|███       | 12/39 [00:00<00:00, 28.01it/s, loss=0.2021, rec=0.1695, t=0.9528]
Epoch 22/60:  38%|███▊      | 15/39 [00:00<00:00, 27.92it/s, loss=0.2021, rec=0.1695, t=0.9528]
Epoch 22/60:  38%|███▊      | 15/39 [00:00<00:00, 27.92it/s, loss=0.2022, rec=0.1696, t=0.9528]
Epoch 22/60:  38%|███▊      | 15/39 [00:00<00:00, 27.92it/s, loss=0.2023, rec=0.1696, t=0.9527]
Epoch 22/60:  38%|███▊      | 15/39 [00:00<00:00, 27.92it/s, loss=0.2024, rec=0.1696, t=0.9527]
Epoch 22/60:  46%|████▌     | 18/39 [00:00<00:00, 28.06it/s, loss=0.2024, rec=0.1696, t=0.9527]
Epoch 22/60:  46%|████▌     | 18/39 [00:00<00:00, 28.06it/s, loss=0.2025, rec=0.1697, t=0.9526]
Epoch 22/60:  46%|████▌     | 18/39 [00:00<00:00, 28.06it/s, loss=0.2025, rec=0.1697, t=0.9526]
Epoch 22/60:  46%|████▌     | 18/39 [00:00<00:00, 28.06it/s, loss=0.2025, rec=0.1697, t=0.9525]
Epoch 22/60:  54%|█████▍    | 21/39 [00:00<00:00, 28.27it/s, loss=0.2025, rec=0.1697, t=0.9525]
Epoch 22/60:  54%|█████▍    | 21/39 [00:00<00:00, 28.27it/s, loss=0.2026, rec=0.1697, t=0.9524]
Epoch 22/60:  54%|█████▍    | 21/39 [00:00<00:00, 28.27it/s, loss=0.2025, rec=0.1695, t=0.9524]
Epoch 22/60:  54%|█████▍    | 21/39 [00:00<00:00, 28.27it/s, loss=0.2025, rec=0.1695, t=0.9523]
Epoch 22/60:  62%|██████▏   | 24/39 [00:00<00:00, 28.35it/s, loss=0.2025, rec=0.1695, t=0.9523]
Epoch 22/60:  62%|██████▏   | 24/39 [00:00<00:00, 28.35it/s, loss=0.2024, rec=0.1693, t=0.9523]
Epoch 22/60:  62%|██████▏   | 24/39 [00:00<00:00, 28.35it/s, loss=0.2023, rec=0.1692, t=0.9522]
Epoch 22/60:  62%|██████▏   | 24/39 [00:00<00:00, 28.35it/s, loss=0.2023, rec=0.1692, t=0.9522]
Epoch 22/60:  69%|██████▉   | 27/39 [00:00<00:00, 28.56it/s, loss=0.2023, rec=0.1692, t=0.9522]
Epoch 22/60:  69%|██████▉   | 27/39 [00:00<00:00, 28.56it/s, loss=0.2023, rec=0.1692, t=0.9521]
Epoch 22/60:  69%|██████▉   | 27/39 [00:01<00:00, 28.56it/s, loss=0.2023, rec=0.1692, t=0.9521]
Epoch 22/60:  69%|██████▉   | 27/39 [00:01<00:00, 28.56it/s, loss=0.2023, rec=0.1692, t=0.9520]
Epoch 22/60:  69%|██████▉   | 27/39 [00:01<00:00, 28.56it/s, loss=0.2022, rec=0.1690, t=0.9520]
Epoch 22/60:  79%|███████▉  | 31/39 [00:01<00:00, 29.16it/s, loss=0.2022, rec=0.1690, t=0.9520]
Epoch 22/60:  79%|███████▉  | 31/39 [00:01<00:00, 29.16it/s, loss=0.2021, rec=0.1690, t=0.9519]
Epoch 22/60:  79%|███████▉  | 31/39 [00:01<00:00, 29.16it/s, loss=0.2022, rec=0.1691, t=0.9518]
Epoch 22/60:  79%|███████▉  | 31/39 [00:01<00:00, 29.16it/s, loss=0.2022, rec=0.1690, t=0.9518]
Epoch 22/60:  87%|████████▋ | 34/39 [00:01<00:00, 29.34it/s, loss=0.2022, rec=0.1690, t=0.9518]
Epoch 22/60:  87%|████████▋ | 34/39 [00:01<00:00, 29.34it/s, loss=0.2022, rec=0.1690, t=0.9517]
Epoch 22/60:  87%|████████▋ | 34/39 [00:01<00:00, 29.34it/s, loss=0.2022, rec=0.1690, t=0.9517]
Epoch 22/60:  87%|████████▋ | 34/39 [00:01<00:00, 29.34it/s, loss=0.2022, rec=0.1690, t=0.9516]
Epoch 22/60:  95%|█████████▍| 37/39 [00:01<00:00, 29.44it/s, loss=0.2022, rec=0.1690, t=0.9516]
Epoch 22/60:  95%|█████████▍| 37/39 [00:01<00:00, 29.44it/s, loss=0.2022, rec=0.1689, t=0.9516]
Epoch 22/60:  95%|█████████▍| 37/39 [00:01<00:00, 29.44it/s, loss=0.2022, rec=0.1690, t=0.9515]
                                                                                               
[Epoch   22/60] loss=0.202179 | rec=0.168957 | cb=0.034167 | com=0.034167 | uniq=0.425271 | rqvae=0.011958 | t=0.951509 | global_step=858

Epoch 23/60:   0%|          | 0/39 [00:00<?, ?it/s, loss=0.2019, rec=0.1696, t=0.9515]
Epoch 23/60:   0%|          | 0/39 [00:00<?, ?it/s, loss=0.2006, rec=0.1673, t=0.9514]
Epoch 23/60:   0%|          | 0/39 [00:00<?, ?it/s, loss=0.2020, rec=0.1685, t=0.9513]
Epoch 23/60:   8%|▊         | 3/39 [00:00<00:01, 26.05it/s, loss=0.2020, rec=0.1685, t=0.9513]
Epoch 23/60:   8%|▊         | 3/39 [00:00<00:01, 26.05it/s, loss=0.1968, rec=0.1685, t=0.9513]
Epoch 23/60:   8%|▊         | 3/39 [00:00<00:01, 26.05it/s, loss=0.1980, rec=0.1686, t=0.9512]
Epoch 23/60:   8%|▊         | 3/39 [00:00<00:01, 26.05it/s, loss=0.1989, rec=0.1686, t=0.9512]
Epoch 23/60:  15%|█▌        | 6/39 [00:00<00:01, 28.07it/s, loss=0.1989, rec=0.1686, t=0.9512]
Epoch 23/60:  15%|█▌        | 6/39 [00:00<00:01, 28.07it/s, loss=0.1989, rec=0.1681, t=0.9511]
Epoch 23/60:  15%|█▌        | 6/39 [00:00<00:01, 28.07it/s, loss=0.1990, rec=0.1679, t=0.9511]
Epoch 23/60:  15%|█▌        | 6/39 [00:00<00:01, 28.07it/s, loss=0.1994, rec=0.1678, t=0.9510]
Epoch 23/60:  23%|██▎       | 9/39 [00:00<00:01, 28.18it/s, loss=0.1994, rec=0.1678, t=0.9510]
Epoch 23/60:  23%|██▎       | 9/39 [00:00<00:01, 28.18it/s, loss=0.1993, rec=0.1675, t=0.9510]
Epoch 23/60:  23%|██▎       | 9/39 [00:00<00:01, 28.18it/s, loss=0.1993, rec=0.1674, t=0.9509]
Epoch 23/60:  23%|██▎       | 9/39 [00:00<00:01, 28.18it/s, loss=0.1997, rec=0.1676, t=0.9508]
Epoch 23/60:  31%|███       | 12/39 [00:00<00:00, 28.78it/s, loss=0.1997, rec=0.1676, t=0.9508]
Epoch 23/60:  31%|███       | 12/39 [00:00<00:00, 28.78it/s, loss=0.2001, rec=0.1677, t=0.9508]
Epoch 23/60:  31%|███       | 12/39 [00:00<00:00, 28.78it/s, loss=0.2000, rec=0.1676, t=0.9507]
Epoch 23/60:  31%|███       | 12/39 [00:00<00:00, 28.78it/s, loss=0.2000, rec=0.1676, t=0.9507]
Epoch 23/60:  38%|███▊      | 15/39 [00:00<00:00, 28.94it/s, loss=0.2000, rec=0.1676, t=0.9507]
Epoch 23/60:  38%|███▊      | 15/39 [00:00<00:00, 28.94it/s, loss=0.2002, rec=0.1676, t=0.9506]
Epoch 23/60:  38%|███▊      | 15/39 [00:00<00:00, 28.94it/s, loss=0.2003, rec=0.1676, t=0.9506]
Epoch 23/60:  38%|███▊      | 15/39 [00:00<00:00, 28.94it/s, loss=0.2003, rec=0.1675, t=0.9505]
Epoch 23/60:  46%|████▌     | 18/39 [00:00<00:00, 29.11it/s, loss=0.2003, rec=0.1675, t=0.9505]
Epoch 23/60:  46%|████▌     | 18/39 [00:00<00:00, 29.11it/s, loss=0.2003, rec=0.1674, t=0.9505]
Epoch 23/60:  46%|████▌     | 18/39 [00:00<00:00, 29.11it/s, loss=0.2004, rec=0.1674, t=0.9504]
Epoch 23/60:  46%|████▌     | 18/39 [00:00<00:00, 29.11it/s, loss=0.2003, rec=0.1674, t=0.9504]
Epoch 23/60:  46%|████▌     | 18/39 [00:00<00:00, 29.11it/s, loss=0.2002, rec=0.1673, t=0.9503]
Epoch 23/60:  56%|█████▋    | 22/39 [00:00<00:00, 29.57it/s, loss=0.2002, rec=0.1673, t=0.9503]
Epoch 23/60:  56%|█████▋    | 22/39 [00:00<00:00, 29.57it/s, loss=0.2003, rec=0.1673, t=0.9502]
Epoch 23/60:  56%|█████▋    | 22/39 [00:00<00:00, 29.57it/s, loss=0.2003, rec=0.1672, t=0.9502]
Epoch 23/60:  56%|█████▋    | 22/39 [00:00<00:00, 29.57it/s, loss=0.2003, rec=0.1672, t=0.9501]
Epoch 23/60:  56%|█████▋    | 22/39 [00:00<00:00, 29.57it/s, loss=0.2003, rec=0.1671, t=0.9501]
Epoch 23/60:  67%|██████▋   | 26/39 [00:00<00:00, 29.87it/s, loss=0.2003, rec=0.1671, t=0.9501]
Epoch 23/60:  67%|██████▋   | 26/39 [00:00<00:00, 29.87it/s, loss=0.2002, rec=0.1671, t=0.9500]
Epoch 23/60:  67%|██████▋   | 26/39 [00:00<00:00, 29.87it/s, loss=0.2002, rec=0.1671, t=0.9500]
Epoch 23/60:  67%|██████▋   | 26/39 [00:01<00:00, 29.87it/s, loss=0.2002, rec=0.1670, t=0.9499]
Epoch 23/60:  74%|███████▍  | 29/39 [00:01<00:00, 28.37it/s, loss=0.2002, rec=0.1670, t=0.9499]
Epoch 23/60:  74%|███████▍  | 29/39 [00:01<00:00, 28.37it/s, loss=0.2002, rec=0.1670, t=0.9499]
Epoch 23/60:  74%|███████▍  | 29/39 [00:01<00:00, 28.37it/s, loss=0.2003, rec=0.1670, t=0.9498]
Epoch 23/60:  74%|███████▍  | 29/39 [00:01<00:00, 28.37it/s, loss=0.2003, rec=0.1670, t=0.9497]
Epoch 23/60:  82%|████████▏ | 32/39 [00:01<00:00, 28.80it/s, loss=0.2003, rec=0.1670, t=0.9497]
Epoch 23/60:  82%|████████▏ | 32/39 [00:01<00:00, 28.80it/s, loss=0.2003, rec=0.1670, t=0.9497]
Epoch 23/60:  82%|████████▏ | 32/39 [00:01<00:00, 28.80it/s, loss=0.2004, rec=0.1670, t=0.9496]
Epoch 23/60:  82%|████████▏ | 32/39 [00:01<00:00, 28.80it/s, loss=0.2004, rec=0.1669, t=0.9496]
Epoch 23/60:  82%|████████▏ | 32/39 [00:01<00:00, 28.80it/s, loss=0.2003, rec=0.1669, t=0.9495]
Epoch 23/60:  92%|█████████▏| 36/39 [00:01<00:00, 29.33it/s, loss=0.2003, rec=0.1669, t=0.9495]
Epoch 23/60:  92%|█████████▏| 36/39 [00:01<00:00, 29.33it/s, loss=0.2003, rec=0.1668, t=0.9495]
Epoch 23/60:  92%|█████████▏| 36/39 [00:01<00:00, 29.33it/s, loss=0.2003, rec=0.1668, t=0.9494]
Epoch 23/60:  92%|█████████▏| 36/39 [00:01<00:00, 29.33it/s, loss=0.2003, rec=0.1668, t=0.9494]
                                                                                               
[Epoch   23/60] loss=0.200326 | rec=0.166831 | cb=0.036730 | com=0.036730 | uniq=0.412796 | rqvae=0.012855 | t=0.949359 | global_step=897

Epoch 24/60:   0%|          | 0/39 [00:00<?, ?it/s, loss=0.2003, rec=0.1664, t=0.9493]
Epoch 24/60:   0%|          | 0/39 [00:00<?, ?it/s, loss=0.2009, rec=0.1663, t=0.9492]
Epoch 24/60:   5%|▌         | 2/39 [00:00<00:02, 17.38it/s, loss=0.2009, rec=0.1663, t=0.9492]
Epoch 24/60:   5%|▌         | 2/39 [00:00<00:02, 17.38it/s, loss=0.2013, rec=0.1664, t=0.9492]
Epoch 24/60:   5%|▌         | 2/39 [00:00<00:02, 17.38it/s, loss=0.2015, rec=0.1664, t=0.9491]
Epoch 24/60:   5%|▌         | 2/39 [00:00<00:02, 17.38it/s, loss=0.2012, rec=0.1661, t=0.9491]
Epoch 24/60:  13%|█▎        | 5/39 [00:00<00:01, 21.95it/s, loss=0.2012, rec=0.1661, t=0.9491]
Epoch 24/60:  13%|█▎        | 5/39 [00:00<00:01, 21.95it/s, loss=0.2013, rec=0.1663, t=0.9490]
Epoch 24/60:  13%|█▎        | 5/39 [00:00<00:01, 21.95it/s, loss=0.2012, rec=0.1663, t=0.9490]
Epoch 24/60:  13%|█▎        | 5/39 [00:00<00:01, 21.95it/s, loss=0.2009, rec=0.1662, t=0.9489]
Epoch 24/60:  21%|██        | 8/39 [00:00<00:01, 22.79it/s, loss=0.2009, rec=0.1662, t=0.9489]
Epoch 24/60:  21%|██        | 8/39 [00:00<00:01, 22.79it/s, loss=0.2008, rec=0.1662, t=0.9489]
Epoch 24/60:  21%|██        | 8/39 [00:00<00:01, 22.79it/s, loss=0.2006, rec=0.1659, t=0.9488]
Epoch 24/60:  21%|██        | 8/39 [00:00<00:01, 22.79it/s, loss=0.2006, rec=0.1659, t=0.9488]
Epoch 24/60:  28%|██▊       | 11/39 [00:00<00:01, 24.64it/s, loss=0.2006, rec=0.1659, t=0.9488]
Epoch 24/60:  28%|██▊       | 11/39 [00:00<00:01, 24.64it/s, loss=0.2008, rec=0.1659, t=0.9487]
Epoch 24/60:  28%|██▊       | 11/39 [00:00<00:01, 24.64it/s, loss=0.2009, rec=0.1660, t=0.9486]
Epoch 24/60:  28%|██▊       | 11/39 [00:00<00:01, 24.64it/s, loss=0.2010, rec=0.1661, t=0.9486]
Epoch 24/60:  36%|███▌      | 14/39 [00:00<00:00, 26.01it/s, loss=0.2010, rec=0.1661, t=0.9486]
Epoch 24/60:  36%|███▌      | 14/39 [00:00<00:00, 26.01it/s, loss=0.2011, rec=0.1661, t=0.9485]
Epoch 24/60:  36%|███▌      | 14/39 [00:00<00:00, 26.01it/s, loss=0.2011, rec=0.1662, t=0.9485]
Epoch 24/60:  36%|███▌      | 14/39 [00:00<00:00, 26.01it/s, loss=0.2012, rec=0.1662, t=0.9484]
Epoch 24/60:  44%|████▎     | 17/39 [00:00<00:00, 26.77it/s, loss=0.2012, rec=0.1662, t=0.9484]
Epoch 24/60:  44%|████▎     | 17/39 [00:00<00:00, 26.77it/s, loss=0.2012, rec=0.1662, t=0.9484]
Epoch 24/60:  44%|████▎     | 17/39 [00:00<00:00, 26.77it/s, loss=0.2014, rec=0.1663, t=0.9483]
Epoch 24/60:  44%|████▎     | 17/39 [00:00<00:00, 26.77it/s, loss=0.2014, rec=0.1664, t=0.9483]
Epoch 24/60:  51%|█████▏    | 20/39 [00:00<00:00, 27.49it/s, loss=0.2014, rec=0.1664, t=0.9483]
Epoch 24/60:  51%|█████▏    | 20/39 [00:00<00:00, 27.49it/s, loss=0.2014, rec=0.1663, t=0.9482]
Epoch 24/60:  51%|█████▏    | 20/39 [00:00<00:00, 27.49it/s, loss=0.2014, rec=0.1663, t=0.9481]
Epoch 24/60:  51%|█████▏    | 20/39 [00:00<00:00, 27.49it/s, loss=0.2017, rec=0.1665, t=0.9481]
Epoch 24/60:  51%|█████▏    | 20/39 [00:00<00:00, 27.49it/s, loss=0.2022, rec=0.1669, t=0.9480]
Epoch 24/60:  62%|██████▏   | 24/39 [00:00<00:00, 29.16it/s, loss=0.2022, rec=0.1669, t=0.9480]
Epoch 24/60:  62%|██████▏   | 24/39 [00:00<00:00, 29.16it/s, loss=0.2027, rec=0.1673, t=0.9480]
Epoch 24/60:  62%|██████▏   | 24/39 [00:00<00:00, 29.16it/s, loss=0.2029, rec=0.1675, t=0.9479]
Epoch 24/60:  62%|██████▏   | 24/39 [00:01<00:00, 29.16it/s, loss=0.2031, rec=0.1676, t=0.9479]
Epoch 24/60:  62%|██████▏   | 24/39 [00:01<00:00, 29.16it/s, loss=0.2031, rec=0.1676, t=0.9478]
Epoch 24/60:  72%|███████▏  | 28/39 [00:01<00:00, 29.80it/s, loss=0.2031, rec=0.1676, t=0.9478]
Epoch 24/60:  72%|███████▏  | 28/39 [00:01<00:00, 29.80it/s, loss=0.2031, rec=0.1676, t=0.9478]
Epoch 24/60:  72%|███████▏  | 28/39 [00:01<00:00, 29.80it/s, loss=0.2031, rec=0.1676, t=0.9477]
Epoch 24/60:  72%|███████▏  | 28/39 [00:01<00:00, 29.80it/s, loss=0.2031, rec=0.1675, t=0.9477]
Epoch 24/60:  72%|███████▏  | 28/39 [00:01<00:00, 29.80it/s, loss=0.2031, rec=0.1676, t=0.9476]
Epoch 24/60:  82%|████████▏ | 32/39 [00:01<00:00, 30.27it/s, loss=0.2031, rec=0.1676, t=0.9476]
Epoch 24/60:  82%|████████▏ | 32/39 [00:01<00:00, 30.27it/s, loss=0.2030, rec=0.1676, t=0.9475]
Epoch 24/60:  82%|████████▏ | 32/39 [00:01<00:00, 30.27it/s, loss=0.2031, rec=0.1677, t=0.9475]
Epoch 24/60:  82%|████████▏ | 32/39 [00:01<00:00, 30.27it/s, loss=0.2031, rec=0.1677, t=0.9474]
Epoch 24/60:  82%|████████▏ | 32/39 [00:01<00:00, 30.27it/s, loss=0.2030, rec=0.1677, t=0.9474]
Epoch 24/60:  92%|█████████▏| 36/39 [00:01<00:00, 29.73it/s, loss=0.2030, rec=0.1677, t=0.9474]
Epoch 24/60:  92%|█████████▏| 36/39 [00:01<00:00, 29.73it/s, loss=0.2030, rec=0.1676, t=0.9473]
Epoch 24/60:  92%|█████████▏| 36/39 [00:01<00:00, 29.73it/s, loss=0.2029, rec=0.1676, t=0.9473]
Epoch 24/60:  92%|█████████▏| 36/39 [00:01<00:00, 29.73it/s, loss=0.2029, rec=0.1676, t=0.9472]
                                                                                               
[Epoch   24/60] loss=0.202923 | rec=0.167620 | cb=0.041057 | com=0.041057 | uniq=0.418647 | rqvae=0.014370 | t=0.947214 | global_step=936

Epoch 25/60:   0%|          | 0/39 [00:00<?, ?it/s, loss=0.1995, rec=0.1645, t=0.9472]
Epoch 25/60:   0%|          | 0/39 [00:00<?, ?it/s, loss=0.1998, rec=0.1646, t=0.9471]
Epoch 25/60:   0%|          | 0/39 [00:00<?, ?it/s, loss=0.2003, rec=0.1650, t=0.9470]
Epoch 25/60:   8%|▊         | 3/39 [00:00<00:01, 28.15it/s, loss=0.2003, rec=0.1650, t=0.9470]
Epoch 25/60:   8%|▊         | 3/39 [00:00<00:01, 28.15it/s, loss=0.2005, rec=0.1654, t=0.9470]
Epoch 25/60:   8%|▊         | 3/39 [00:00<00:01, 28.15it/s, loss=0.2011, rec=0.1658, t=0.9469]
Epoch 25/60:   8%|▊         | 3/39 [00:00<00:01, 28.15it/s, loss=0.2010, rec=0.1659, t=0.9469]
Epoch 25/60:   8%|▊         | 3/39 [00:00<00:01, 28.15it/s, loss=0.2007, rec=0.1657, t=0.9468]
Epoch 25/60:  18%|█▊        | 7/39 [00:00<00:01, 30.51it/s, loss=0.2007, rec=0.1657, t=0.9468]
Epoch 25/60:  18%|█▊        | 7/39 [00:00<00:01, 30.51it/s, loss=0.2009, rec=0.1658, t=0.9468]
Epoch 25/60:  18%|█▊        | 7/39 [00:00<00:01, 30.51it/s, loss=0.2008, rec=0.1657, t=0.9467]
Epoch 25/60:  18%|█▊        | 7/39 [00:00<00:01, 30.51it/s, loss=0.2010, rec=0.1658, t=0.9467]
Epoch 25/60:  18%|█▊        | 7/39 [00:00<00:01, 30.51it/s, loss=0.2010, rec=0.1658, t=0.9466]
Epoch 25/60:  28%|██▊       | 11/39 [00:00<00:00, 30.99it/s, loss=0.2010, rec=0.1658, t=0.9466]
Epoch 25/60:  28%|██▊       | 11/39 [00:00<00:00, 30.99it/s, loss=0.2011, rec=0.1659, t=0.9466]
Epoch 25/60:  28%|██▊       | 11/39 [00:00<00:00, 30.99it/s, loss=0.2013, rec=0.1661, t=0.9465]
Epoch 25/60:  28%|██▊       | 11/39 [00:00<00:00, 30.99it/s, loss=0.2013, rec=0.1659, t=0.9464]
Epoch 25/60:  28%|██▊       | 11/39 [00:00<00:00, 30.99it/s, loss=0.2014, rec=0.1659, t=0.9464]
Epoch 25/60:  38%|███▊      | 15/39 [00:00<00:00, 30.07it/s, loss=0.2014, rec=0.1659, t=0.9464]
Epoch 25/60:  38%|███▊      | 15/39 [00:00<00:00, 30.07it/s, loss=0.2013, rec=0.1658, t=0.9463]
Epoch 25/60:  38%|███▊      | 15/39 [00:00<00:00, 30.07it/s, loss=0.2013, rec=0.1659, t=0.9463]
Epoch 25/60:  38%|███▊      | 15/39 [00:00<00:00, 30.07it/s, loss=0.2013, rec=0.1658, t=0.9462]
Epoch 25/60:  38%|███▊      | 15/39 [00:00<00:00, 30.07it/s, loss=0.2013, rec=0.1657, t=0.9462]
Epoch 25/60:  49%|████▊     | 19/39 [00:00<00:00, 29.73it/s, loss=0.2013, rec=0.1657, t=0.9462]
Epoch 25/60:  49%|████▊     | 19/39 [00:00<00:00, 29.73it/s, loss=0.2012, rec=0.1656, t=0.9461]
Epoch 25/60:  49%|████▊     | 19/39 [00:00<00:00, 29.73it/s, loss=0.2012, rec=0.1656, t=0.9461]
Epoch 25/60:  49%|████▊     | 19/39 [00:00<00:00, 29.73it/s, loss=0.2014, rec=0.1657, t=0.9460]
Epoch 25/60:  49%|████▊     | 19/39 [00:00<00:00, 29.73it/s, loss=0.2014, rec=0.1657, t=0.9460]
Epoch 25/60:  59%|█████▉    | 23/39 [00:00<00:00, 30.34it/s, loss=0.2014, rec=0.1657, t=0.9460]
Epoch 25/60:  59%|█████▉    | 23/39 [00:00<00:00, 30.34it/s, loss=0.2013, rec=0.1657, t=0.9459]
Epoch 25/60:  59%|█████▉    | 23/39 [00:00<00:00, 30.34it/s, loss=0.2013, rec=0.1658, t=0.9458]
Epoch 25/60:  59%|█████▉    | 23/39 [00:00<00:00, 30.34it/s, loss=0.2013, rec=0.1658, t=0.9458]
Epoch 25/60:  59%|█████▉    | 23/39 [00:00<00:00, 30.34it/s, loss=0.2013, rec=0.1658, t=0.9457]
Epoch 25/60:  69%|██████▉   | 27/39 [00:00<00:00, 28.74it/s, loss=0.2013, rec=0.1658, t=0.9457]
Epoch 25/60:  69%|██████▉   | 27/39 [00:00<00:00, 28.74it/s, loss=0.2012, rec=0.1657, t=0.9457]
Epoch 25/60:  69%|██████▉   | 27/39 [00:00<00:00, 28.74it/s, loss=0.2012, rec=0.1657, t=0.9456]
Epoch 25/60:  69%|██████▉   | 27/39 [00:01<00:00, 28.74it/s, loss=0.2012, rec=0.1656, t=0.9456]
Epoch 25/60:  69%|██████▉   | 27/39 [00:01<00:00, 28.74it/s, loss=0.2012, rec=0.1657, t=0.9455]
Epoch 25/60:  79%|███████▉  | 31/39 [00:01<00:00, 29.58it/s, loss=0.2012, rec=0.1657, t=0.9455]
Epoch 25/60:  79%|███████▉  | 31/39 [00:01<00:00, 29.58it/s, loss=0.2012, rec=0.1656, t=0.9455]
Epoch 25/60:  79%|███████▉  | 31/39 [00:01<00:00, 29.58it/s, loss=0.2012, rec=0.1656, t=0.9454]
Epoch 25/60:  79%|███████▉  | 31/39 [00:01<00:00, 29.58it/s, loss=0.2013, rec=0.1656, t=0.9453]
Epoch 25/60:  87%|████████▋ | 34/39 [00:01<00:00, 28.68it/s, loss=0.2013, rec=0.1656, t=0.9453]
Epoch 25/60:  87%|████████▋ | 34/39 [00:01<00:00, 28.68it/s, loss=0.2014, rec=0.1656, t=0.9453]
Epoch 25/60:  87%|████████▋ | 34/39 [00:01<00:00, 28.68it/s, loss=0.2014, rec=0.1656, t=0.9452]
Epoch 25/60:  87%|████████▋ | 34/39 [00:01<00:00, 28.68it/s, loss=0.2014, rec=0.1656, t=0.9452]
Epoch 25/60:  95%|█████████▍| 37/39 [00:01<00:00, 28.28it/s, loss=0.2014, rec=0.1656, t=0.9452]
Epoch 25/60:  95%|█████████▍| 37/39 [00:01<00:00, 28.28it/s, loss=0.2014, rec=0.1656, t=0.9451]
Epoch 25/60:  95%|█████████▍| 37/39 [00:01<00:00, 28.28it/s, loss=0.2014, rec=0.1657, t=0.9451]
                                                                                               
[Epoch   25/60] loss=0.201404 | rec=0.165651 | cb=0.042768 | com=0.042768 | uniq=0.415687 | rqvae=0.014969 | t=0.945074 | global_step=975

Epoch 26/60:   0%|          | 0/39 [00:00<?, ?it/s, loss=0.2044, rec=0.1666, t=0.9450]
Epoch 26/60:   0%|          | 0/39 [00:00<?, ?it/s, loss=0.2038, rec=0.1666, t=0.9450]
Epoch 26/60:   0%|          | 0/39 [00:00<?, ?it/s, loss=0.2030, rec=0.1662, t=0.9449]
Epoch 26/60:   8%|▊         | 3/39 [00:00<00:01, 24.99it/s, loss=0.2030, rec=0.1662, t=0.9449]
Epoch 26/60:   8%|▊         | 3/39 [00:00<00:01, 24.99it/s, loss=0.2026, rec=0.1658, t=0.9449]
Epoch 26/60:   8%|▊         | 3/39 [00:00<00:01, 24.99it/s, loss=0.2022, rec=0.1657, t=0.9448]
Epoch 26/60:   8%|▊         | 3/39 [00:00<00:01, 24.99it/s, loss=0.2014, rec=0.1651, t=0.9447]
Epoch 26/60:   8%|▊         | 3/39 [00:00<00:01, 24.99it/s, loss=0.2009, rec=0.1648, t=0.9447]
Epoch 26/60:  18%|█▊        | 7/39 [00:00<00:01, 29.11it/s, loss=0.2009, rec=0.1648, t=0.9447]
Epoch 26/60:  18%|█▊        | 7/39 [00:00<00:01, 29.11it/s, loss=0.2011, rec=0.1648, t=0.9446]
Epoch 26/60:  18%|█▊        | 7/39 [00:00<00:01, 29.11it/s, loss=0.2014, rec=0.1651, t=0.9446]
Epoch 26/60:  18%|█▊        | 7/39 [00:00<00:01, 29.11it/s, loss=0.2013, rec=0.1650, t=0.9445]
Epoch 26/60:  18%|█▊        | 7/39 [00:00<00:01, 29.11it/s, loss=0.2012, rec=0.1649, t=0.9445]
Epoch 26/60:  28%|██▊       | 11/39 [00:00<00:00, 30.15it/s, loss=0.2012, rec=0.1649, t=0.9445]
Epoch 26/60:  28%|██▊       | 11/39 [00:00<00:00, 30.15it/s, loss=0.2013, rec=0.1649, t=0.9444]
Epoch 26/60:  28%|██▊       | 11/39 [00:00<00:00, 30.15it/s, loss=0.2014, rec=0.1650, t=0.9444]
Epoch 26/60:  28%|██▊       | 11/39 [00:00<00:00, 30.15it/s, loss=0.2013, rec=0.1649, t=0.9443]
Epoch 26/60:  28%|██▊       | 11/39 [00:00<00:00, 30.15it/s, loss=0.2014, rec=0.1650, t=0.9443]
Epoch 26/60:  38%|███▊      | 15/39 [00:00<00:00, 30.23it/s, loss=0.2014, rec=0.1650, t=0.9443]
Epoch 26/60:  38%|███▊      | 15/39 [00:00<00:00, 30.23it/s, loss=0.2013, rec=0.1650, t=0.9442]
Epoch 26/60:  38%|███▊      | 15/39 [00:00<00:00, 30.23it/s, loss=0.2013, rec=0.1649, t=0.9441]
Epoch 26/60:  38%|███▊      | 15/39 [00:00<00:00, 30.23it/s, loss=0.2013, rec=0.1650, t=0.9441]
Epoch 26/60:  38%|███▊      | 15/39 [00:00<00:00, 30.23it/s, loss=0.2015, rec=0.1651, t=0.9440]
Epoch 26/60:  49%|████▊     | 19/39 [00:00<00:00, 30.98it/s, loss=0.2015, rec=0.1651, t=0.9440]
Epoch 26/60:  49%|████▊     | 19/39 [00:00<00:00, 30.98it/s, loss=0.2016, rec=0.1650, t=0.9440]
Epoch 26/60:  49%|████▊     | 19/39 [00:00<00:00, 30.98it/s, loss=0.2019, rec=0.1652, t=0.9439]
Epoch 26/60:  49%|████▊     | 19/39 [00:00<00:00, 30.98it/s, loss=0.2024, rec=0.1657, t=0.9439]
Epoch 26/60:  49%|████▊     | 19/39 [00:00<00:00, 30.98it/s, loss=0.2029, rec=0.1661, t=0.9438]
Epoch 26/60:  59%|█████▉    | 23/39 [00:00<00:00, 31.55it/s, loss=0.2029, rec=0.1661, t=0.9438]
Epoch 26/60:  59%|█████▉    | 23/39 [00:00<00:00, 31.55it/s, loss=0.2030, rec=0.1661, t=0.9438]
Epoch 26/60:  59%|█████▉    | 23/39 [00:00<00:00, 31.55it/s, loss=0.2029, rec=0.1660, t=0.9437]
Epoch 26/60:  59%|█████▉    | 23/39 [00:00<00:00, 31.55it/s, loss=0.2029, rec=0.1660, t=0.9436]
Epoch 26/60:  59%|█████▉    | 23/39 [00:00<00:00, 31.55it/s, loss=0.2028, rec=0.1659, t=0.9436]
Epoch 26/60:  69%|██████▉   | 27/39 [00:00<00:00, 31.61it/s, loss=0.2028, rec=0.1659, t=0.9436]
Epoch 26/60:  69%|██████▉   | 27/39 [00:00<00:00, 31.61it/s, loss=0.2027, rec=0.1659, t=0.9435]
Epoch 26/60:  69%|██████▉   | 27/39 [00:00<00:00, 31.61it/s, loss=0.2027, rec=0.1658, t=0.9435]
Epoch 26/60:  69%|██████▉   | 27/39 [00:00<00:00, 31.61it/s, loss=0.2026, rec=0.1658, t=0.9434]
Epoch 26/60:  69%|██████▉   | 27/39 [00:01<00:00, 31.61it/s, loss=0.2026, rec=0.1658, t=0.9434]
Epoch 26/60:  79%|███████▉  | 31/39 [00:01<00:00, 31.39it/s, loss=0.2026, rec=0.1658, t=0.9434]
Epoch 26/60:  79%|███████▉  | 31/39 [00:01<00:00, 31.39it/s, loss=0.2025, rec=0.1657, t=0.9433]
Epoch 26/60:  79%|███████▉  | 31/39 [00:01<00:00, 31.39it/s, loss=0.2024, rec=0.1657, t=0.9433]
Epoch 26/60:  79%|███████▉  | 31/39 [00:01<00:00, 31.39it/s, loss=0.2025, rec=0.1657, t=0.9432]
Epoch 26/60:  79%|███████▉  | 31/39 [00:01<00:00, 31.39it/s, loss=0.2025, rec=0.1657, t=0.9432]
Epoch 26/60:  90%|████████▉ | 35/39 [00:01<00:00, 31.77it/s, loss=0.2025, rec=0.1657, t=0.9432]
Epoch 26/60:  90%|████████▉ | 35/39 [00:01<00:00, 31.77it/s, loss=0.2024, rec=0.1657, t=0.9431]
Epoch 26/60:  90%|████████▉ | 35/39 [00:01<00:00, 31.77it/s, loss=0.2024, rec=0.1656, t=0.9430]
Epoch 26/60:  90%|████████▉ | 35/39 [00:01<00:00, 31.77it/s, loss=0.2024, rec=0.1656, t=0.9430]
Epoch 26/60:  90%|████████▉ | 35/39 [00:01<00:00, 31.77it/s, loss=0.2023, rec=0.1656, t=0.9429]
                                                                                               
[Epoch   26/60] loss=0.202320 | rec=0.165598 | cb=0.046756 | com=0.046756 | uniq=0.407150 | rqvae=0.016365 | t=0.942939 | global_step=1014

Epoch 27/60:   0%|          | 0/39 [00:00<?, ?it/s, loss=0.2012, rec=0.1642, t=0.9429]
Epoch 27/60:   0%|          | 0/39 [00:00<?, ?it/s, loss=0.1998, rec=0.1637, t=0.9428]
Epoch 27/60:   0%|          | 0/39 [00:00<?, ?it/s, loss=0.1998, rec=0.1635, t=0.9428]
Epoch 27/60:   8%|▊         | 3/39 [00:00<00:01, 25.61it/s, loss=0.1998, rec=0.1635, t=0.9428]
Epoch 27/60:   8%|▊         | 3/39 [00:00<00:01, 25.61it/s, loss=0.2006, rec=0.1646, t=0.9427]
Epoch 27/60:   8%|▊         | 3/39 [00:00<00:01, 25.61it/s, loss=0.2009, rec=0.1651, t=0.9427]
Epoch 27/60:   8%|▊         | 3/39 [00:00<00:01, 25.61it/s, loss=0.2007, rec=0.1648, t=0.9426]
Epoch 27/60:   8%|▊         | 3/39 [00:00<00:01, 25.61it/s, loss=0.2008, rec=0.1649, t=0.9426]
Epoch 27/60:  18%|█▊        | 7/39 [00:00<00:01, 30.18it/s, loss=0.2008, rec=0.1649, t=0.9426]
Epoch 27/60:  18%|█▊        | 7/39 [00:00<00:01, 30.18it/s, loss=0.2008, rec=0.1647, t=0.9425]
Epoch 27/60:  18%|█▊        | 7/39 [00:00<00:01, 30.18it/s, loss=0.2012, rec=0.1649, t=0.9424]
Epoch 27/60:  18%|█▊        | 7/39 [00:00<00:01, 30.18it/s, loss=0.2012, rec=0.1648, t=0.9424]
Epoch 27/60:  18%|█▊        | 7/39 [00:00<00:01, 30.18it/s, loss=0.2012, rec=0.1648, t=0.9423]
Epoch 27/60:  28%|██▊       | 11/39 [00:00<00:00, 31.43it/s, loss=0.2012, rec=0.1648, t=0.9423]
Epoch 27/60:  28%|██▊       | 11/39 [00:00<00:00, 31.43it/s, loss=0.2012, rec=0.1648, t=0.9423]
Epoch 27/60:  28%|██▊       | 11/39 [00:00<00:00, 31.43it/s, loss=0.2011, rec=0.1647, t=0.9422]
Epoch 27/60:  28%|██▊       | 11/39 [00:00<00:00, 31.43it/s, loss=0.2010, rec=0.1645, t=0.9422]
Epoch 27/60:  28%|██▊       | 11/39 [00:00<00:00, 31.43it/s, loss=0.2009, rec=0.1644, t=0.9421]
Epoch 27/60:  38%|███▊      | 15/39 [00:00<00:00, 31.60it/s, loss=0.2009, rec=0.1644, t=0.9421]
Epoch 27/60:  38%|███▊      | 15/39 [00:00<00:00, 31.60it/s, loss=0.2008, rec=0.1643, t=0.9421]
Epoch 27/60:  38%|███▊      | 15/39 [00:00<00:00, 31.60it/s, loss=0.2009, rec=0.1642, t=0.9420]
Epoch 27/60:  38%|███▊      | 15/39 [00:00<00:00, 31.60it/s, loss=0.2007, rec=0.1642, t=0.9420]
Epoch 27/60:  38%|███▊      | 15/39 [00:00<00:00, 31.60it/s, loss=0.2008, rec=0.1642, t=0.9419]
Epoch 27/60:  49%|████▊     | 19/39 [00:00<00:00, 31.57it/s, loss=0.2008, rec=0.1642, t=0.9419]
Epoch 27/60:  49%|████▊     | 19/39 [00:00<00:00, 31.57it/s, loss=0.2008, rec=0.1642, t=0.9418]
Epoch 27/60:  49%|████▊     | 19/39 [00:00<00:00, 31.57it/s, loss=0.2009, rec=0.1642, t=0.9418]
Epoch 27/60:  49%|████▊     | 19/39 [00:00<00:00, 31.57it/s, loss=0.2008, rec=0.1641, t=0.9417]
Epoch 27/60:  49%|████▊     | 19/39 [00:00<00:00, 31.57it/s, loss=0.2009, rec=0.1641, t=0.9417]
Epoch 27/60:  59%|█████▉    | 23/39 [00:00<00:00, 30.94it/s, loss=0.2009, rec=0.1641, t=0.9417]
Epoch 27/60:  59%|█████▉    | 23/39 [00:00<00:00, 30.94it/s, loss=0.2009, rec=0.1641, t=0.9416]
Epoch 27/60:  59%|█████▉    | 23/39 [00:00<00:00, 30.94it/s, loss=0.2009, rec=0.1641, t=0.9416]
Epoch 27/60:  59%|█████▉    | 23/39 [00:00<00:00, 30.94it/s, loss=0.2010, rec=0.1641, t=0.9415]
Epoch 27/60:  59%|█████▉    | 23/39 [00:00<00:00, 30.94it/s, loss=0.2009, rec=0.1640, t=0.9415]
Epoch 27/60:  69%|██████▉   | 27/39 [00:00<00:00, 30.66it/s, loss=0.2009, rec=0.1640, t=0.9415]
Epoch 27/60:  69%|██████▉   | 27/39 [00:00<00:00, 30.66it/s, loss=0.2010, rec=0.1641, t=0.9414]
Epoch 27/60:  69%|██████▉   | 27/39 [00:00<00:00, 30.66it/s, loss=0.2010, rec=0.1641, t=0.9414]
Epoch 27/60:  69%|██████▉   | 27/39 [00:00<00:00, 30.66it/s, loss=0.2011, rec=0.1641, t=0.9413]
Epoch 27/60:  69%|██████▉   | 27/39 [00:01<00:00, 30.66it/s, loss=0.2011, rec=0.1641, t=0.9412]
Epoch 27/60:  79%|███████▉  | 31/39 [00:01<00:00, 30.48it/s, loss=0.2011, rec=0.1641, t=0.9412]
Epoch 27/60:  79%|███████▉  | 31/39 [00:01<00:00, 30.48it/s, loss=0.2012, rec=0.1641, t=0.9412]
Epoch 27/60:  79%|███████▉  | 31/39 [00:01<00:00, 30.48it/s, loss=0.2013, rec=0.1641, t=0.9411]
Epoch 27/60:  79%|███████▉  | 31/39 [00:01<00:00, 30.48it/s, loss=0.2014, rec=0.1642, t=0.9411]
Epoch 27/60:  79%|███████▉  | 31/39 [00:01<00:00, 30.48it/s, loss=0.2014, rec=0.1642, t=0.9410]
Epoch 27/60:  90%|████████▉ | 35/39 [00:01<00:00, 29.26it/s, loss=0.2014, rec=0.1642, t=0.9410]
Epoch 27/60:  90%|████████▉ | 35/39 [00:01<00:00, 29.26it/s, loss=0.2015, rec=0.1642, t=0.9410]
Epoch 27/60:  90%|████████▉ | 35/39 [00:01<00:00, 29.26it/s, loss=0.2015, rec=0.1642, t=0.9409]
Epoch 27/60:  90%|████████▉ | 35/39 [00:01<00:00, 29.26it/s, loss=0.2015, rec=0.1642, t=0.9409]
Epoch 27/60:  90%|████████▉ | 35/39 [00:01<00:00, 29.26it/s, loss=0.2015, rec=0.1642, t=0.9408]
                                                                                               
[Epoch   27/60] loss=0.201456 | rec=0.164178 | cb=0.049091 | com=0.049091 | uniq=0.401931 | rqvae=0.017182 | t=0.940808 | global_step=1053

Epoch 28/60:   0%|          | 0/39 [00:00<?, ?it/s, loss=0.1992, rec=0.1636, t=0.9408]
Epoch 28/60:   0%|          | 0/39 [00:00<?, ?it/s, loss=0.2015, rec=0.1644, t=0.9407]
Epoch 28/60:   0%|          | 0/39 [00:00<?, ?it/s, loss=0.2011, rec=0.1635, t=0.9406]
Epoch 28/60:   8%|▊         | 3/39 [00:00<00:01, 26.44it/s, loss=0.2011, rec=0.1635, t=0.9406]
Epoch 28/60:   8%|▊         | 3/39 [00:00<00:01, 26.44it/s, loss=0.2014, rec=0.1638, t=0.9406]
Epoch 28/60:   8%|▊         | 3/39 [00:00<00:01, 26.44it/s, loss=0.2017, rec=0.1641, t=0.9405]
Epoch 28/60:   8%|▊         | 3/39 [00:00<00:01, 26.44it/s, loss=0.2016, rec=0.1638, t=0.9405]
Epoch 28/60:   8%|▊         | 3/39 [00:00<00:01, 26.44it/s, loss=0.2012, rec=0.1633, t=0.9404]
Epoch 28/60:  18%|█▊        | 7/39 [00:00<00:01, 29.42it/s, loss=0.2012, rec=0.1633, t=0.9404]
Epoch 28/60:  18%|█▊        | 7/39 [00:00<00:01, 29.42it/s, loss=0.2014, rec=0.1633, t=0.9404]
Epoch 28/60:  18%|█▊        | 7/39 [00:00<00:01, 29.42it/s, loss=0.2013, rec=0.1631, t=0.9403]
Epoch 28/60:  18%|█▊        | 7/39 [00:00<00:01, 29.42it/s, loss=0.2013, rec=0.1633, t=0.9403]
Epoch 28/60:  18%|█▊        | 7/39 [00:00<00:01, 29.42it/s, loss=0.2015, rec=0.1634, t=0.9402]
Epoch 28/60:  28%|██▊       | 11/39 [00:00<00:00, 30.64it/s, loss=0.2015, rec=0.1634, t=0.9402]
Epoch 28/60:  28%|██▊       | 11/39 [00:00<00:00, 30.64it/s, loss=0.2014, rec=0.1635, t=0.9402]
Epoch 28/60:  28%|██▊       | 11/39 [00:00<00:00, 30.64it/s, loss=0.2015, rec=0.1635, t=0.9401]
Epoch 28/60:  28%|██▊       | 11/39 [00:00<00:00, 30.64it/s, loss=0.2015, rec=0.1635, t=0.9400]
Epoch 28/60:  28%|██▊       | 11/39 [00:00<00:00, 30.64it/s, loss=0.2015, rec=0.1634, t=0.9400]
Epoch 28/60:  38%|███▊      | 15/39 [00:00<00:00, 30.70it/s, loss=0.2015, rec=0.1634, t=0.9400]
Epoch 28/60:  38%|███▊      | 15/39 [00:00<00:00, 30.70it/s, loss=0.2016, rec=0.1635, t=0.9399]
Epoch 28/60:  38%|███▊      | 15/39 [00:00<00:00, 30.70it/s, loss=0.2017, rec=0.1635, t=0.9399]
Epoch 28/60:  38%|███▊      | 15/39 [00:00<00:00, 30.70it/s, loss=0.2021, rec=0.1637, t=0.9398]
Epoch 28/60:  38%|███▊      | 15/39 [00:00<00:00, 30.70it/s, loss=0.2022, rec=0.1638, t=0.9398]
Epoch 28/60:  49%|████▊     | 19/39 [00:00<00:00, 31.26it/s, loss=0.2022, rec=0.1638, t=0.9398]
Epoch 28/60:  49%|████▊     | 19/39 [00:00<00:00, 31.26it/s, loss=0.2024, rec=0.1638, t=0.9397]
Epoch 28/60:  49%|████▊     | 19/39 [00:00<00:00, 31.26it/s, loss=0.2026, rec=0.1640, t=0.9397]
Epoch 28/60:  49%|████▊     | 19/39 [00:00<00:00, 31.26it/s, loss=0.2027, rec=0.1640, t=0.9396]
Epoch 28/60:  49%|████▊     | 19/39 [00:00<00:00, 31.26it/s, loss=0.2029, rec=0.1641, t=0.9396]
Epoch 28/60:  59%|█████▉    | 23/39 [00:00<00:00, 31.70it/s, loss=0.2029, rec=0.1641, t=0.9396]
Epoch 28/60:  59%|█████▉    | 23/39 [00:00<00:00, 31.70it/s, loss=0.2029, rec=0.1642, t=0.9395]
Epoch 28/60:  59%|█████▉    | 23/39 [00:00<00:00, 31.70it/s, loss=0.2029, rec=0.1642, t=0.9394]
Epoch 28/60:  59%|█████▉    | 23/39 [00:00<00:00, 31.70it/s, loss=0.2028, rec=0.1641, t=0.9394]
Epoch 28/60:  59%|█████▉    | 23/39 [00:00<00:00, 31.70it/s, loss=0.2028, rec=0.1641, t=0.9393]
Epoch 28/60:  69%|██████▉   | 27/39 [00:00<00:00, 31.96it/s, loss=0.2028, rec=0.1641, t=0.9393]
Epoch 28/60:  69%|██████▉   | 27/39 [00:00<00:00, 31.96it/s, loss=0.2029, rec=0.1641, t=0.9393]
Epoch 28/60:  69%|██████▉   | 27/39 [00:00<00:00, 31.96it/s, loss=0.2029, rec=0.1641, t=0.9392]
Epoch 28/60:  69%|██████▉   | 27/39 [00:00<00:00, 31.96it/s, loss=0.2028, rec=0.1641, t=0.9392]
Epoch 28/60:  69%|██████▉   | 27/39 [00:00<00:00, 31.96it/s, loss=0.2028, rec=0.1640, t=0.9391]
Epoch 28/60:  79%|███████▉  | 31/39 [00:00<00:00, 32.07it/s, loss=0.2028, rec=0.1640, t=0.9391]
Epoch 28/60:  79%|███████▉  | 31/39 [00:01<00:00, 32.07it/s, loss=0.2029, rec=0.1641, t=0.9391]
Epoch 28/60:  79%|███████▉  | 31/39 [00:01<00:00, 32.07it/s, loss=0.2029, rec=0.1641, t=0.9390]
Epoch 28/60:  79%|███████▉  | 31/39 [00:01<00:00, 32.07it/s, loss=0.2029, rec=0.1640, t=0.9390]
Epoch 28/60:  79%|███████▉  | 31/39 [00:01<00:00, 32.07it/s, loss=0.2027, rec=0.1639, t=0.9389]
Epoch 28/60:  90%|████████▉ | 35/39 [00:01<00:00, 31.44it/s, loss=0.2027, rec=0.1639, t=0.9389]
Epoch 28/60:  90%|████████▉ | 35/39 [00:01<00:00, 31.44it/s, loss=0.2027, rec=0.1639, t=0.9388]
Epoch 28/60:  90%|████████▉ | 35/39 [00:01<00:00, 31.44it/s, loss=0.2027, rec=0.1639, t=0.9388]
Epoch 28/60:  90%|████████▉ | 35/39 [00:01<00:00, 31.44it/s, loss=0.2026, rec=0.1639, t=0.9387]
Epoch 28/60:  90%|████████▉ | 35/39 [00:01<00:00, 31.44it/s, loss=0.2026, rec=0.1639, t=0.9387]
                                                                                               
[Epoch   28/60] loss=0.202626 | rec=0.163905 | cb=0.054128 | com=0.054128 | uniq=0.395521 | rqvae=0.018945 | t=0.938682 | global_step=1092

Epoch 29/60:   0%|          | 0/39 [00:00<?, ?it/s, loss=0.2011, rec=0.1631, t=0.9386]
Epoch 29/60:   0%|          | 0/39 [00:00<?, ?it/s, loss=0.2035, rec=0.1645, t=0.9386]
Epoch 29/60:   0%|          | 0/39 [00:00<?, ?it/s, loss=0.2037, rec=0.1644, t=0.9385]
Epoch 29/60:   8%|▊         | 3/39 [00:00<00:01, 27.02it/s, loss=0.2037, rec=0.1644, t=0.9385]
Epoch 29/60:   8%|▊         | 3/39 [00:00<00:01, 27.02it/s, loss=0.2037, rec=0.1640, t=0.9385]
Epoch 29/60:   8%|▊         | 3/39 [00:00<00:01, 27.02it/s, loss=0.2032, rec=0.1641, t=0.9384]
Epoch 29/60:   8%|▊         | 3/39 [00:00<00:01, 27.02it/s, loss=0.2037, rec=0.1648, t=0.9384]
Epoch 29/60:   8%|▊         | 3/39 [00:00<00:01, 27.02it/s, loss=0.2045, rec=0.1655, t=0.9383]
Epoch 29/60:  18%|█▊        | 7/39 [00:00<00:01, 29.78it/s, loss=0.2045, rec=0.1655, t=0.9383]
Epoch 29/60:  18%|█▊        | 7/39 [00:00<00:01, 29.78it/s, loss=0.2048, rec=0.1655, t=0.9382]
Epoch 29/60:  18%|█▊        | 7/39 [00:00<00:01, 29.78it/s, loss=0.2048, rec=0.1654, t=0.9382]
Epoch 29/60:  18%|█▊        | 7/39 [00:00<00:01, 29.78it/s, loss=0.2048, rec=0.1654, t=0.9381]
Epoch 29/60:  18%|█▊        | 7/39 [00:00<00:01, 29.78it/s, loss=0.2044, rec=0.1651, t=0.9381]
Epoch 29/60:  28%|██▊       | 11/39 [00:00<00:00, 30.43it/s, loss=0.2044, rec=0.1651, t=0.9381]
Epoch 29/60:  28%|██▊       | 11/39 [00:00<00:00, 30.43it/s, loss=0.2043, rec=0.1649, t=0.9380]
Epoch 29/60:  28%|██▊       | 11/39 [00:00<00:00, 30.43it/s, loss=0.2040, rec=0.1647, t=0.9380]
Epoch 29/60:  28%|██▊       | 11/39 [00:00<00:00, 30.43it/s, loss=0.2038, rec=0.1647, t=0.9379]
Epoch 29/60:  28%|██▊       | 11/39 [00:00<00:00, 30.43it/s, loss=0.2039, rec=0.1647, t=0.9379]
Epoch 29/60:  38%|███▊      | 15/39 [00:00<00:00, 31.72it/s, loss=0.2039, rec=0.1647, t=0.9379]
Epoch 29/60:  38%|███▊      | 15/39 [00:00<00:00, 31.72it/s, loss=0.2038, rec=0.1647, t=0.9378]
Epoch 29/60:  38%|███▊      | 15/39 [00:00<00:00, 31.72it/s, loss=0.2037, rec=0.1647, t=0.9378]
Epoch 29/60:  38%|███▊      | 15/39 [00:00<00:00, 31.72it/s, loss=0.2037, rec=0.1646, t=0.9377]
Epoch 29/60:  38%|███▊      | 15/39 [00:00<00:00, 31.72it/s, loss=0.2037, rec=0.1645, t=0.9376]
Epoch 29/60:  49%|████▊     | 19/39 [00:00<00:00, 32.44it/s, loss=0.2037, rec=0.1645, t=0.9376]
Epoch 29/60:  49%|████▊     | 19/39 [00:00<00:00, 32.44it/s, loss=0.2035, rec=0.1645, t=0.9376]
Epoch 29/60:  49%|████▊     | 19/39 [00:00<00:00, 32.44it/s, loss=0.2034, rec=0.1643, t=0.9375]
Epoch 29/60:  49%|████▊     | 19/39 [00:00<00:00, 32.44it/s, loss=0.2033, rec=0.1642, t=0.9375]
Epoch 29/60:  49%|████▊     | 19/39 [00:00<00:00, 32.44it/s, loss=0.2033, rec=0.1642, t=0.9374]
Epoch 29/60:  59%|█████▉    | 23/39 [00:00<00:00, 32.83it/s, loss=0.2033, rec=0.1642, t=0.9374]
Epoch 29/60:  59%|█████▉    | 23/39 [00:00<00:00, 32.83it/s, loss=0.2034, rec=0.1642, t=0.9374]
Epoch 29/60:  59%|█████▉    | 23/39 [00:00<00:00, 32.83it/s, loss=0.2034, rec=0.1642, t=0.9373]
Epoch 29/60:  59%|█████▉    | 23/39 [00:00<00:00, 32.83it/s, loss=0.2034, rec=0.1641, t=0.9373]
Epoch 29/60:  59%|█████▉    | 23/39 [00:00<00:00, 32.83it/s, loss=0.2033, rec=0.1640, t=0.9372]
Epoch 29/60:  69%|██████▉   | 27/39 [00:00<00:00, 33.14it/s, loss=0.2033, rec=0.1640, t=0.9372]
Epoch 29/60:  69%|██████▉   | 27/39 [00:00<00:00, 33.14it/s, loss=0.2033, rec=0.1640, t=0.9372]
Epoch 29/60:  69%|██████▉   | 27/39 [00:00<00:00, 33.14it/s, loss=0.2033, rec=0.1639, t=0.9371]
Epoch 29/60:  69%|██████▉   | 27/39 [00:00<00:00, 33.14it/s, loss=0.2033, rec=0.1640, t=0.9371]
Epoch 29/60:  69%|██████▉   | 27/39 [00:00<00:00, 33.14it/s, loss=0.2033, rec=0.1640, t=0.9370]
Epoch 29/60:  79%|███████▉  | 31/39 [00:00<00:00, 33.26it/s, loss=0.2033, rec=0.1640, t=0.9370]
Epoch 29/60:  79%|███████▉  | 31/39 [00:00<00:00, 33.26it/s, loss=0.2034, rec=0.1640, t=0.9369]
Epoch 29/60:  79%|███████▉  | 31/39 [00:01<00:00, 33.26it/s, loss=0.2033, rec=0.1639, t=0.9369]
Epoch 29/60:  79%|███████▉  | 31/39 [00:01<00:00, 33.26it/s, loss=0.2033, rec=0.1639, t=0.9368]
Epoch 29/60:  79%|███████▉  | 31/39 [00:01<00:00, 33.26it/s, loss=0.2033, rec=0.1639, t=0.9368]
Epoch 29/60:  90%|████████▉ | 35/39 [00:01<00:00, 33.41it/s, loss=0.2033, rec=0.1639, t=0.9368]
Epoch 29/60:  90%|████████▉ | 35/39 [00:01<00:00, 33.41it/s, loss=0.2033, rec=0.1639, t=0.9367]
Epoch 29/60:  90%|████████▉ | 35/39 [00:01<00:00, 33.41it/s, loss=0.2033, rec=0.1639, t=0.9367]
Epoch 29/60:  90%|████████▉ | 35/39 [00:01<00:00, 33.41it/s, loss=0.2032, rec=0.1638, t=0.9366]
Epoch 29/60:  90%|████████▉ | 35/39 [00:01<00:00, 33.41it/s, loss=0.2032, rec=0.1638, t=0.9366]
                                                                                               
[Epoch   29/60] loss=0.203206 | rec=0.163790 | cb=0.056996 | com=0.056996 | uniq=0.389342 | rqvae=0.019949 | t=0.936562 | global_step=1131

Epoch 30/60:   0%|          | 0/39 [00:00<?, ?it/s, loss=0.2013, rec=0.1631, t=0.9365]
Epoch 30/60:   0%|          | 0/39 [00:00<?, ?it/s, loss=0.1997, rec=0.1606, t=0.9365]
Epoch 30/60:   0%|          | 0/39 [00:00<?, ?it/s, loss=0.2000, rec=0.1604, t=0.9364]
Epoch 30/60:   8%|▊         | 3/39 [00:00<00:01, 27.69it/s, loss=0.2000, rec=0.1604, t=0.9364]
Epoch 30/60:   8%|▊         | 3/39 [00:00<00:01, 27.69it/s, loss=0.2003, rec=0.1608, t=0.9363]
Epoch 30/60:   8%|▊         | 3/39 [00:00<00:01, 27.69it/s, loss=0.2011, rec=0.1613, t=0.9363]
Epoch 30/60:   8%|▊         | 3/39 [00:00<00:01, 27.69it/s, loss=0.2011, rec=0.1614, t=0.9362]
Epoch 30/60:   8%|▊         | 3/39 [00:00<00:01, 27.69it/s, loss=0.2016, rec=0.1616, t=0.9362]
Epoch 30/60:  18%|█▊        | 7/39 [00:00<00:01, 31.76it/s, loss=0.2016, rec=0.1616, t=0.9362]
Epoch 30/60:  18%|█▊        | 7/39 [00:00<00:01, 31.76it/s, loss=0.2017, rec=0.1618, t=0.9361]
Epoch 30/60:  18%|█▊        | 7/39 [00:00<00:01, 31.76it/s, loss=0.2020, rec=0.1622, t=0.9361]
Epoch 30/60:  18%|█▊        | 7/39 [00:00<00:01, 31.76it/s, loss=0.2021, rec=0.1626, t=0.9360]
Epoch 30/60:  18%|█▊        | 7/39 [00:00<00:01, 31.76it/s, loss=0.2021, rec=0.1626, t=0.9360]
Epoch 30/60:  28%|██▊       | 11/39 [00:00<00:00, 31.11it/s, loss=0.2021, rec=0.1626, t=0.9360]
Epoch 30/60:  28%|██▊       | 11/39 [00:00<00:00, 31.11it/s, loss=0.2019, rec=0.1624, t=0.9359]
Epoch 30/60:  28%|██▊       | 11/39 [00:00<00:00, 31.11it/s, loss=0.2021, rec=0.1625, t=0.9359]
Epoch 30/60:  28%|██▊       | 11/39 [00:00<00:00, 31.11it/s, loss=0.2022, rec=0.1627, t=0.9358]
Epoch 30/60:  28%|██▊       | 11/39 [00:00<00:00, 31.11it/s, loss=0.2022, rec=0.1627, t=0.9357]
Epoch 30/60:  38%|███▊      | 15/39 [00:00<00:00, 31.81it/s, loss=0.2022, rec=0.1627, t=0.9357]
Epoch 30/60:  38%|███▊      | 15/39 [00:00<00:00, 31.81it/s, loss=0.2022, rec=0.1626, t=0.9357]
Epoch 30/60:  38%|███▊      | 15/39 [00:00<00:00, 31.81it/s, loss=0.2022, rec=0.1625, t=0.9356]
Epoch 30/60:  38%|███▊      | 15/39 [00:00<00:00, 31.81it/s, loss=0.2022, rec=0.1625, t=0.9356]
Epoch 30/60:  38%|███▊      | 15/39 [00:00<00:00, 31.81it/s, loss=0.2023, rec=0.1624, t=0.9355]
Epoch 30/60:  49%|████▊     | 19/39 [00:00<00:00, 31.85it/s, loss=0.2023, rec=0.1624, t=0.9355]
Epoch 30/60:  49%|████▊     | 19/39 [00:00<00:00, 31.85it/s, loss=0.2022, rec=0.1624, t=0.9355]
Epoch 30/60:  49%|████▊     | 19/39 [00:00<00:00, 31.85it/s, loss=0.2023, rec=0.1624, t=0.9354]
Epoch 30/60:  49%|████▊     | 19/39 [00:00<00:00, 31.85it/s, loss=0.2022, rec=0.1623, t=0.9354]
Epoch 30/60:  49%|████▊     | 19/39 [00:00<00:00, 31.85it/s, loss=0.2021, rec=0.1623, t=0.9353]
Epoch 30/60:  59%|█████▉    | 23/39 [00:00<00:00, 31.77it/s, loss=0.2021, rec=0.1623, t=0.9353]
Epoch 30/60:  59%|█████▉    | 23/39 [00:00<00:00, 31.77it/s, loss=0.2020, rec=0.1623, t=0.9353]
Epoch 30/60:  59%|█████▉    | 23/39 [00:00<00:00, 31.77it/s, loss=0.2018, rec=0.1621, t=0.9352]
Epoch 30/60:  59%|█████▉    | 23/39 [00:00<00:00, 31.77it/s, loss=0.2018, rec=0.1621, t=0.9352]
Epoch 30/60:  59%|█████▉    | 23/39 [00:00<00:00, 31.77it/s, loss=0.2019, rec=0.1622, t=0.9351]
Epoch 30/60:  69%|██████▉   | 27/39 [00:00<00:00, 32.28it/s, loss=0.2019, rec=0.1622, t=0.9351]
Epoch 30/60:  69%|██████▉   | 27/39 [00:00<00:00, 32.28it/s, loss=0.2020, rec=0.1623, t=0.9350]
Epoch 30/60:  69%|██████▉   | 27/39 [00:00<00:00, 32.28it/s, loss=0.2021, rec=0.1623, t=0.9350]
Epoch 30/60:  69%|██████▉   | 27/39 [00:00<00:00, 32.28it/s, loss=0.2021, rec=0.1623, t=0.9349]
Epoch 30/60:  69%|██████▉   | 27/39 [00:00<00:00, 32.28it/s, loss=0.2023, rec=0.1624, t=0.9349]
Epoch 30/60:  79%|███████▉  | 31/39 [00:00<00:00, 32.36it/s, loss=0.2023, rec=0.1624, t=0.9349]
Epoch 30/60:  79%|███████▉  | 31/39 [00:01<00:00, 32.36it/s, loss=0.2023, rec=0.1624, t=0.9348]
Epoch 30/60:  79%|███████▉  | 31/39 [00:01<00:00, 32.36it/s, loss=0.2025, rec=0.1625, t=0.9348]
Epoch 30/60:  79%|███████▉  | 31/39 [00:01<00:00, 32.36it/s, loss=0.2027, rec=0.1626, t=0.9347]
Epoch 30/60:  79%|███████▉  | 31/39 [00:01<00:00, 32.36it/s, loss=0.2028, rec=0.1626, t=0.9347]
Epoch 30/60:  90%|████████▉ | 35/39 [00:01<00:00, 31.28it/s, loss=0.2028, rec=0.1626, t=0.9347]
Epoch 30/60:  90%|████████▉ | 35/39 [00:01<00:00, 31.28it/s, loss=0.2029, rec=0.1627, t=0.9346]
Epoch 30/60:  90%|████████▉ | 35/39 [00:01<00:00, 31.28it/s, loss=0.2029, rec=0.1626, t=0.9346]
Epoch 30/60:  90%|████████▉ | 35/39 [00:01<00:00, 31.28it/s, loss=0.2030, rec=0.1627, t=0.9345]
Epoch 30/60:  90%|████████▉ | 35/39 [00:01<00:00, 31.28it/s, loss=0.2030, rec=0.1627, t=0.9344]
                                                                                               
[Epoch   30/60] loss=0.202952 | rec=0.162689 | cb=0.060753 | com=0.060753 | uniq=0.379984 | rqvae=0.021263 | t=0.934445 | global_step=1170
[Validation epoch 30] loss=0.205827 | rec=0.165223 | cb=0.060382 | com=0.060382 | uniq=0.389405 | rqvae=0.021134
[Best Checkpoint] Reconstruction Loss improved -> <scratch>/mid_run_article/checkpoint_best_rec.pt
[EarlyStopping] epoch=30 | improved_total=False | improved_rec=True | counter=0/20 | best_total=0.202915@20 | best_rec=0.165223@30

Epoch 31/60:   0%|          | 0/39 [00:00<?, ?it/s, loss=0.2042, rec=0.1625, t=0.9344]
Epoch 31/60:   0%|          | 0/39 [00:00<?, ?it/s, loss=0.2057, rec=0.1639, t=0.9343]
Epoch 31/60:   0%|          | 0/39 [00:00<?, ?it/s, loss=0.2046, rec=0.1631, t=0.9343]
Epoch 31/60:   8%|▊         | 3/39 [00:00<00:01, 26.81it/s, loss=0.2046, rec=0.1631, t=0.9343]
Epoch 31/60:   8%|▊         | 3/39 [00:00<00:01, 26.81it/s, loss=0.2044, rec=0.1630, t=0.9342]
Epoch 31/60:   8%|▊         | 3/39 [00:00<00:01, 26.81it/s, loss=0.2043, rec=0.1628, t=0.9342]
Epoch 31/60:   8%|▊         | 3/39 [00:00<00:01, 26.81it/s, loss=0.2038, rec=0.1628, t=0.9341]
Epoch 31/60:   8%|▊         | 3/39 [00:00<00:01, 26.81it/s, loss=0.2038, rec=0.1629, t=0.9341]
Epoch 31/60:  18%|█▊        | 7/39 [00:00<00:01, 29.35it/s, loss=0.2038, rec=0.1629, t=0.9341]
Epoch 31/60:  18%|█▊        | 7/39 [00:00<00:01, 29.35it/s, loss=0.2038, rec=0.1627, t=0.9340]
Epoch 31/60:  18%|█▊        | 7/39 [00:00<00:01, 29.35it/s, loss=0.2035, rec=0.1624, t=0.9340]
Epoch 31/60:  18%|█▊        | 7/39 [00:00<00:01, 29.35it/s, loss=0.2039, rec=0.1625, t=0.9339]
Epoch 31/60:  18%|█▊        | 7/39 [00:00<00:01, 29.35it/s, loss=0.2037, rec=0.1622, t=0.9338]
Epoch 31/60:  28%|██▊       | 11/39 [00:00<00:00, 30.16it/s, loss=0.2037, rec=0.1622, t=0.9338]
Epoch 31/60:  28%|██▊       | 11/39 [00:00<00:00, 30.16it/s, loss=0.2040, rec=0.1624, t=0.9338]
Epoch 31/60:  28%|██▊       | 11/39 [00:00<00:00, 30.16it/s, loss=0.2038, rec=0.1625, t=0.9337]
Epoch 31/60:  28%|██▊       | 11/39 [00:00<00:00, 30.16it/s, loss=0.2037, rec=0.1624, t=0.9337]
Epoch 31/60:  28%|██▊       | 11/39 [00:00<00:00, 30.16it/s, loss=0.2035, rec=0.1625, t=0.9336]
Epoch 31/60:  38%|███▊      | 15/39 [00:00<00:00, 30.11it/s, loss=0.2035, rec=0.1625, t=0.9336]
Epoch 31/60:  38%|███▊      | 15/39 [00:00<00:00, 30.11it/s, loss=0.2036, rec=0.1625, t=0.9336]
Epoch 31/60:  38%|███▊      | 15/39 [00:00<00:00, 30.11it/s, loss=0.2036, rec=0.1626, t=0.9335]
Epoch 31/60:  38%|███▊      | 15/39 [00:00<00:00, 30.11it/s, loss=0.2035, rec=0.1624, t=0.9335]
Epoch 31/60:  38%|███▊      | 15/39 [00:00<00:00, 30.11it/s, loss=0.2038, rec=0.1624, t=0.9334]
Epoch 31/60:  49%|████▊     | 19/39 [00:00<00:00, 30.33it/s, loss=0.2038, rec=0.1624, t=0.9334]
Epoch 31/60:  49%|████▊     | 19/39 [00:00<00:00, 30.33it/s, loss=0.2041, rec=0.1626, t=0.9334]
Epoch 31/60:  49%|████▊     | 19/39 [00:00<00:00, 30.33it/s, loss=0.2044, rec=0.1628, t=0.9333]
Epoch 31/60:  49%|████▊     | 19/39 [00:00<00:00, 30.33it/s, loss=0.2047, rec=0.1630, t=0.9333]
Epoch 31/60:  49%|████▊     | 19/39 [00:00<00:00, 30.33it/s, loss=0.2051, rec=0.1633, t=0.9332]
Epoch 31/60:  59%|█████▉    | 23/39 [00:00<00:00, 28.06it/s, loss=0.2051, rec=0.1633, t=0.9332]
Epoch 31/60:  59%|█████▉    | 23/39 [00:00<00:00, 28.06it/s, loss=0.2052, rec=0.1634, t=0.9331]
Epoch 31/60:  59%|█████▉    | 23/39 [00:00<00:00, 28.06it/s, loss=0.2052, rec=0.1634, t=0.9331]
Epoch 31/60:  59%|█████▉    | 23/39 [00:00<00:00, 28.06it/s, loss=0.2051, rec=0.1633, t=0.9330]
Epoch 31/60:  59%|█████▉    | 23/39 [00:00<00:00, 28.06it/s, loss=0.2051, rec=0.1633, t=0.9330]
Epoch 31/60:  69%|██████▉   | 27/39 [00:00<00:00, 29.16it/s, loss=0.2051, rec=0.1633, t=0.9330]
Epoch 31/60:  69%|██████▉   | 27/39 [00:00<00:00, 29.16it/s, loss=0.2050, rec=0.1632, t=0.9329]
Epoch 31/60:  69%|██████▉   | 27/39 [00:00<00:00, 29.16it/s, loss=0.2049, rec=0.1632, t=0.9329]
Epoch 31/60:  69%|██████▉   | 27/39 [00:01<00:00, 29.16it/s, loss=0.2048, rec=0.1631, t=0.9328]
Epoch 31/60:  69%|██████▉   | 27/39 [00:01<00:00, 29.16it/s, loss=0.2048, rec=0.1631, t=0.9328]
Epoch 31/60:  79%|███████▉  | 31/39 [00:01<00:00, 30.00it/s, loss=0.2048, rec=0.1631, t=0.9328]
Epoch 31/60:  79%|███████▉  | 31/39 [00:01<00:00, 30.00it/s, loss=0.2047, rec=0.1630, t=0.9327]
Epoch 31/60:  79%|███████▉  | 31/39 [00:01<00:00, 30.00it/s, loss=0.2047, rec=0.1630, t=0.9327]
Epoch 31/60:  79%|███████▉  | 31/39 [00:01<00:00, 30.00it/s, loss=0.2047, rec=0.1630, t=0.9326]
Epoch 31/60:  79%|███████▉  | 31/39 [00:01<00:00, 30.00it/s, loss=0.2047, rec=0.1630, t=0.9326]
Epoch 31/60:  90%|████████▉ | 35/39 [00:01<00:00, 30.95it/s, loss=0.2047, rec=0.1630, t=0.9326]
Epoch 31/60:  90%|████████▉ | 35/39 [00:01<00:00, 30.95it/s, loss=0.2046, rec=0.1630, t=0.9325]
Epoch 31/60:  90%|████████▉ | 35/39 [00:01<00:00, 30.95it/s, loss=0.2046, rec=0.1630, t=0.9324]
Epoch 31/60:  90%|████████▉ | 35/39 [00:01<00:00, 30.95it/s, loss=0.2046, rec=0.1630, t=0.9324]
Epoch 31/60:  90%|████████▉ | 35/39 [00:01<00:00, 30.95it/s, loss=0.2046, rec=0.1630, t=0.9323]
                                                                                               
[Epoch   31/60] loss=0.204566 | rec=0.162990 | cb=0.066314 | com=0.066314 | uniq=0.367328 | rqvae=0.023210 | t=0.932334 | global_step=1209

Epoch 32/60:   0%|          | 0/39 [00:00<?, ?it/s, loss=0.2038, rec=0.1604, t=0.9323]
Epoch 32/60:   0%|          | 0/39 [00:00<?, ?it/s, loss=0.1962, rec=0.1627, t=0.9322]
Epoch 32/60:   0%|          | 0/39 [00:00<?, ?it/s, loss=0.1994, rec=0.1626, t=0.9322]
Epoch 32/60:   8%|▊         | 3/39 [00:00<00:01, 28.74it/s, loss=0.1994, rec=0.1626, t=0.9322]
Epoch 32/60:   8%|▊         | 3/39 [00:00<00:01, 28.74it/s, loss=0.2008, rec=0.1625, t=0.9321]
Epoch 32/60:   8%|▊         | 3/39 [00:00<00:01, 28.74it/s, loss=0.2023, rec=0.1630, t=0.9321]
Epoch 32/60:   8%|▊         | 3/39 [00:00<00:01, 28.74it/s, loss=0.2031, rec=0.1630, t=0.9320]
Epoch 32/60:   8%|▊         | 3/39 [00:00<00:01, 28.74it/s, loss=0.2036, rec=0.1630, t=0.9320]
Epoch 32/60:  18%|█▊        | 7/39 [00:00<00:01, 31.51it/s, loss=0.2036, rec=0.1630, t=0.9320]
Epoch 32/60:  18%|█▊        | 7/39 [00:00<00:01, 31.51it/s, loss=0.2042, rec=0.1633, t=0.9319]
Epoch 32/60:  18%|█▊        | 7/39 [00:00<00:01, 31.51it/s, loss=0.2047, rec=0.1636, t=0.9318]
Epoch 32/60:  18%|█▊        | 7/39 [00:00<00:01, 31.51it/s, loss=0.2050, rec=0.1636, t=0.9318]
Epoch 32/60:  18%|█▊        | 7/39 [00:00<00:01, 31.51it/s, loss=0.2050, rec=0.1636, t=0.9317]
Epoch 32/60:  28%|██▊       | 11/39 [00:00<00:00, 30.75it/s, loss=0.2050, rec=0.1636, t=0.9317]
Epoch 32/60:  28%|██▊       | 11/39 [00:00<00:00, 30.75it/s, loss=0.2051, rec=0.1636, t=0.9317]
Epoch 32/60:  28%|██▊       | 11/39 [00:00<00:00, 30.75it/s, loss=0.2050, rec=0.1634, t=0.9316]
Epoch 32/60:  28%|██▊       | 11/39 [00:00<00:00, 30.75it/s, loss=0.2050, rec=0.1633, t=0.9316]
Epoch 32/60:  28%|██▊       | 11/39 [00:00<00:00, 30.75it/s, loss=0.2048, rec=0.1633, t=0.9315]
Epoch 32/60:  38%|███▊      | 15/39 [00:00<00:00, 30.58it/s, loss=0.2048, rec=0.1633, t=0.9315]
Epoch 32/60:  38%|███▊      | 15/39 [00:00<00:00, 30.58it/s, loss=0.2049, rec=0.1633, t=0.9315]
Epoch 32/60:  38%|███▊      | 15/39 [00:00<00:00, 30.58it/s, loss=0.2049, rec=0.1631, t=0.9314]
Epoch 32/60:  38%|███▊      | 15/39 [00:00<00:00, 30.58it/s, loss=0.2048, rec=0.1630, t=0.9314]
Epoch 32/60:  38%|███▊      | 15/39 [00:00<00:00, 30.58it/s, loss=0.2045, rec=0.1629, t=0.9313]
Epoch 32/60:  49%|████▊     | 19/39 [00:00<00:00, 31.24it/s, loss=0.2045, rec=0.1629, t=0.9313]
Epoch 32/60:  49%|████▊     | 19/39 [00:00<00:00, 31.24it/s, loss=0.2047, rec=0.1630, t=0.9313]
Epoch 32/60:  49%|████▊     | 19/39 [00:00<00:00, 31.24it/s, loss=0.2047, rec=0.1630, t=0.9312]
Epoch 32/60:  49%|████▊     | 19/39 [00:00<00:00, 31.24it/s, loss=0.2045, rec=0.1628, t=0.9311]
Epoch 32/60:  49%|████▊     | 19/39 [00:00<00:00, 31.24it/s, loss=0.2045, rec=0.1627, t=0.9311]
Epoch 32/60:  59%|█████▉    | 23/39 [00:00<00:00, 31.48it/s, loss=0.2045, rec=0.1627, t=0.9311]
Epoch 32/60:  59%|█████▉    | 23/39 [00:00<00:00, 31.48it/s, loss=0.2045, rec=0.1626, t=0.9310]
Epoch 32/60:  59%|█████▉    | 23/39 [00:00<00:00, 31.48it/s, loss=0.2045, rec=0.1625, t=0.9310]
Epoch 32/60:  59%|█████▉    | 23/39 [00:00<00:00, 31.48it/s, loss=0.2044, rec=0.1624, t=0.9309]
Epoch 32/60:  59%|█████▉    | 23/39 [00:00<00:00, 31.48it/s, loss=0.2045, rec=0.1624, t=0.9309]
Epoch 32/60:  69%|██████▉   | 27/39 [00:00<00:00, 30.36it/s, loss=0.2045, rec=0.1624, t=0.9309]
Epoch 32/60:  69%|██████▉   | 27/39 [00:00<00:00, 30.36it/s, loss=0.2045, rec=0.1624, t=0.9308]
Epoch 32/60:  69%|██████▉   | 27/39 [00:00<00:00, 30.36it/s, loss=0.2045, rec=0.1624, t=0.9308]
Epoch 32/60:  69%|██████▉   | 27/39 [00:00<00:00, 30.36it/s, loss=0.2045, rec=0.1624, t=0.9307]
Epoch 32/60:  69%|██████▉   | 27/39 [00:01<00:00, 30.36it/s, loss=0.2046, rec=0.1625, t=0.9307]
Epoch 32/60:  79%|███████▉  | 31/39 [00:01<00:00, 29.49it/s, loss=0.2046, rec=0.1625, t=0.9307]
Epoch 32/60:  79%|███████▉  | 31/39 [00:01<00:00, 29.49it/s, loss=0.2045, rec=0.1625, t=0.9306]
Epoch 32/60:  79%|███████▉  | 31/39 [00:01<00:00, 29.49it/s, loss=0.2046, rec=0.1625, t=0.9306]
Epoch 32/60:  79%|███████▉  | 31/39 [00:01<00:00, 29.49it/s, loss=0.2047, rec=0.1625, t=0.9305]
Epoch 32/60:  87%|████████▋ | 34/39 [00:01<00:00, 28.69it/s, loss=0.2047, rec=0.1625, t=0.9305]
Epoch 32/60:  87%|████████▋ | 34/39 [00:01<00:00, 28.69it/s, loss=0.2047, rec=0.1625, t=0.9304]
Epoch 32/60:  87%|████████▋ | 34/39 [00:01<00:00, 28.69it/s, loss=0.2047, rec=0.1624, t=0.9304]
Epoch 32/60:  87%|████████▋ | 34/39 [00:01<00:00, 28.69it/s, loss=0.2046, rec=0.1624, t=0.9303]
Epoch 32/60:  95%|█████████▍| 37/39 [00:01<00:00, 28.76it/s, loss=0.2046, rec=0.1624, t=0.9303]
Epoch 32/60:  95%|█████████▍| 37/39 [00:01<00:00, 28.76it/s, loss=0.2046, rec=0.1624, t=0.9303]
Epoch 32/60:  95%|█████████▍| 37/39 [00:01<00:00, 28.76it/s, loss=0.2046, rec=0.1625, t=0.9302]
                                                                                               
[Epoch   32/60] loss=0.204637 | rec=0.162455 | cb=0.068790 | com=0.068790 | uniq=0.362103 | rqvae=0.024076 | t=0.930228 | global_step=1248

Epoch 33/60:   0%|          | 0/39 [00:00<?, ?it/s, loss=0.2084, rec=0.1634, t=0.9302]
Epoch 33/60:   0%|          | 0/39 [00:00<?, ?it/s, loss=0.2045, rec=0.1611, t=0.9301]
Epoch 33/60:   5%|▌         | 2/39 [00:00<00:01, 18.83it/s, loss=0.2045, rec=0.1611, t=0.9301]
Epoch 33/60:   5%|▌         | 2/39 [00:00<00:01, 18.83it/s, loss=0.2037, rec=0.1614, t=0.9301]
Epoch 33/60:   5%|▌         | 2/39 [00:00<00:01, 18.83it/s, loss=0.2034, rec=0.1610, t=0.9300]
Epoch 33/60:   5%|▌         | 2/39 [00:00<00:01, 18.83it/s, loss=0.2032, rec=0.1607, t=0.9300]
Epoch 33/60:  13%|█▎        | 5/39 [00:00<00:01, 24.55it/s, loss=0.2032, rec=0.1607, t=0.9300]
Epoch 33/60:  13%|█▎        | 5/39 [00:00<00:01, 24.55it/s, loss=0.2005, rec=0.1609, t=0.9299]
Epoch 33/60:  13%|█▎        | 5/39 [00:00<00:01, 24.55it/s, loss=0.2010, rec=0.1608, t=0.9298]
Epoch 33/60:  13%|█▎        | 5/39 [00:00<00:01, 24.55it/s, loss=0.2014, rec=0.1607, t=0.9298]
Epoch 33/60:  13%|█▎        | 5/39 [00:00<00:01, 24.55it/s, loss=0.2020, rec=0.1609, t=0.9297]
Epoch 33/60:  23%|██▎       | 9/39 [00:00<00:01, 27.44it/s, loss=0.2020, rec=0.1609, t=0.9297]
Epoch 33/60:  23%|██▎       | 9/39 [00:00<00:01, 27.44it/s, loss=0.2021, rec=0.1607, t=0.9297]
Epoch 33/60:  23%|██▎       | 9/39 [00:00<00:01, 27.44it/s, loss=0.2025, rec=0.1609, t=0.9296]
Epoch 33/60:  23%|██▎       | 9/39 [00:00<00:01, 27.44it/s, loss=0.2030, rec=0.1609, t=0.9296]
Epoch 33/60:  31%|███       | 12/39 [00:00<00:00, 28.19it/s, loss=0.2030, rec=0.1609, t=0.9296]
Epoch 33/60:  31%|███       | 12/39 [00:00<00:00, 28.19it/s, loss=0.2033, rec=0.1611, t=0.9295]
Epoch 33/60:  31%|███       | 12/39 [00:00<00:00, 28.19it/s, loss=0.2039, rec=0.1612, t=0.9295]
Epoch 33/60:  31%|███       | 12/39 [00:00<00:00, 28.19it/s, loss=0.2043, rec=0.1614, t=0.9294]
Epoch 33/60:  38%|███▊      | 15/39 [00:00<00:00, 28.53it/s, loss=0.2043, rec=0.1614, t=0.9294]
Epoch 33/60:  38%|███▊      | 15/39 [00:00<00:00, 28.53it/s, loss=0.2044, rec=0.1613, t=0.9294]
Epoch 33/60:  38%|███▊      | 15/39 [00:00<00:00, 28.53it/s, loss=0.2045, rec=0.1614, t=0.9293]
Epoch 33/60:  38%|███▊      | 15/39 [00:00<00:00, 28.53it/s, loss=0.2045, rec=0.1614, t=0.9293]
Epoch 33/60:  46%|████▌     | 18/39 [00:00<00:00, 28.94it/s, loss=0.2045, rec=0.1614, t=0.9293]
Epoch 33/60:  46%|████▌     | 18/39 [00:00<00:00, 28.94it/s, loss=0.2045, rec=0.1614, t=0.9292]
Epoch 33/60:  46%|████▌     | 18/39 [00:00<00:00, 28.94it/s, loss=0.2045, rec=0.1613, t=0.9291]
Epoch 33/60:  46%|████▌     | 18/39 [00:00<00:00, 28.94it/s, loss=0.2046, rec=0.1613, t=0.9291]
Epoch 33/60:  54%|█████▍    | 21/39 [00:00<00:00, 29.18it/s, loss=0.2046, rec=0.1613, t=0.9291]
Epoch 33/60:  54%|█████▍    | 21/39 [00:00<00:00, 29.18it/s, loss=0.2047, rec=0.1613, t=0.9290]
Epoch 33/60:  54%|█████▍    | 21/39 [00:00<00:00, 29.18it/s, loss=0.2047, rec=0.1612, t=0.9290]
Epoch 33/60:  54%|█████▍    | 21/39 [00:00<00:00, 29.18it/s, loss=0.2048, rec=0.1613, t=0.9289]
Epoch 33/60:  62%|██████▏   | 24/39 [00:00<00:00, 29.39it/s, loss=0.2048, rec=0.1613, t=0.9289]
Epoch 33/60:  62%|██████▏   | 24/39 [00:00<00:00, 29.39it/s, loss=0.2049, rec=0.1613, t=0.9289]
Epoch 33/60:  62%|██████▏   | 24/39 [00:00<00:00, 29.39it/s, loss=0.2049, rec=0.1613, t=0.9288]
Epoch 33/60:  62%|██████▏   | 24/39 [00:00<00:00, 29.39it/s, loss=0.2049, rec=0.1613, t=0.9288]
Epoch 33/60:  62%|██████▏   | 24/39 [00:00<00:00, 29.39it/s, loss=0.2050, rec=0.1614, t=0.9287]
Epoch 33/60:  72%|███████▏  | 28/39 [00:00<00:00, 29.10it/s, loss=0.2050, rec=0.1614, t=0.9287]
Epoch 33/60:  72%|███████▏  | 28/39 [00:01<00:00, 29.10it/s, loss=0.2051, rec=0.1615, t=0.9287]
Epoch 33/60:  72%|███████▏  | 28/39 [00:01<00:00, 29.10it/s, loss=0.2050, rec=0.1615, t=0.9286]
Epoch 33/60:  72%|███████▏  | 28/39 [00:01<00:00, 29.10it/s, loss=0.2050, rec=0.1615, t=0.9286]
Epoch 33/60:  79%|███████▉  | 31/39 [00:01<00:00, 29.26it/s, loss=0.2050, rec=0.1615, t=0.9286]
Epoch 33/60:  79%|███████▉  | 31/39 [00:01<00:00, 29.26it/s, loss=0.2050, rec=0.1615, t=0.9285]
Epoch 33/60:  79%|███████▉  | 31/39 [00:01<00:00, 29.26it/s, loss=0.2050, rec=0.1615, t=0.9284]
Epoch 33/60:  79%|███████▉  | 31/39 [00:01<00:00, 29.26it/s, loss=0.2049, rec=0.1615, t=0.9284]
Epoch 33/60:  79%|███████▉  | 31/39 [00:01<00:00, 29.26it/s, loss=0.2052, rec=0.1616, t=0.9283]
Epoch 33/60:  90%|████████▉ | 35/39 [00:01<00:00, 30.62it/s, loss=0.2052, rec=0.1616, t=0.9283]
Epoch 33/60:  90%|████████▉ | 35/39 [00:01<00:00, 30.62it/s, loss=0.2053, rec=0.1617, t=0.9283]
Epoch 33/60:  90%|████████▉ | 35/39 [00:01<00:00, 30.62it/s, loss=0.2056, rec=0.1619, t=0.9282]
Epoch 33/60:  90%|████████▉ | 35/39 [00:01<00:00, 30.62it/s, loss=0.2058, rec=0.1621, t=0.9282]
Epoch 33/60:  90%|████████▉ | 35/39 [00:01<00:00, 30.62it/s, loss=0.2058, rec=0.1621, t=0.9281]
                                                                                               
[Epoch   33/60] loss=0.205815 | rec=0.162073 | cb=0.075206 | com=0.075206 | uniq=0.348406 | rqvae=0.026322 | t=0.928126 | global_step=1287

Epoch 34/60:   0%|          | 0/39 [00:00<?, ?it/s, loss=0.2068, rec=0.1624, t=0.9281]
Epoch 34/60:   0%|          | 0/39 [00:00<?, ?it/s, loss=0.2070, rec=0.1626, t=0.9280]
Epoch 34/60:   0%|          | 0/39 [00:00<?, ?it/s, loss=0.2067, rec=0.1629, t=0.9280]
Epoch 34/60:   8%|▊         | 3/39 [00:00<00:01, 29.61it/s, loss=0.2067, rec=0.1629, t=0.9280]
Epoch 34/60:   8%|▊         | 3/39 [00:00<00:01, 29.61it/s, loss=0.2067, rec=0.1635, t=0.9279]
Epoch 34/60:   8%|▊         | 3/39 [00:00<00:01, 29.61it/s, loss=0.2066, rec=0.1629, t=0.9279]
Epoch 34/60:   8%|▊         | 3/39 [00:00<00:01, 29.61it/s, loss=0.2066, rec=0.1629, t=0.9278]
Epoch 34/60:   8%|▊         | 3/39 [00:00<00:01, 29.61it/s, loss=0.2063, rec=0.1628, t=0.9277]
Epoch 34/60:  18%|█▊        | 7/39 [00:00<00:01, 31.06it/s, loss=0.2063, rec=0.1628, t=0.9277]
Epoch 34/60:  18%|█▊        | 7/39 [00:00<00:01, 31.06it/s, loss=0.2061, rec=0.1627, t=0.9277]
Epoch 34/60:  18%|█▊        | 7/39 [00:00<00:01, 31.06it/s, loss=0.2062, rec=0.1627, t=0.9276]
Epoch 34/60:  18%|█▊        | 7/39 [00:00<00:01, 31.06it/s, loss=0.2066, rec=0.1628, t=0.9276]
Epoch 34/60:  18%|█▊        | 7/39 [00:00<00:01, 31.06it/s, loss=0.2065, rec=0.1628, t=0.9275]
Epoch 34/60:  28%|██▊       | 11/39 [00:00<00:00, 30.52it/s, loss=0.2065, rec=0.1628, t=0.9275]
Epoch 34/60:  28%|██▊       | 11/39 [00:00<00:00, 30.52it/s, loss=0.2066, rec=0.1628, t=0.9275]
Epoch 34/60:  28%|██▊       | 11/39 [00:00<00:00, 30.52it/s, loss=0.2062, rec=0.1627, t=0.9274]
Epoch 34/60:  28%|██▊       | 11/39 [00:00<00:00, 30.52it/s, loss=0.2065, rec=0.1628, t=0.9274]
Epoch 34/60:  28%|██▊       | 11/39 [00:00<00:00, 30.52it/s, loss=0.2063, rec=0.1626, t=0.9273]
Epoch 34/60:  38%|███▊      | 15/39 [00:00<00:00, 30.15it/s, loss=0.2063, rec=0.1626, t=0.9273]
Epoch 34/60:  38%|███▊      | 15/39 [00:00<00:00, 30.15it/s, loss=0.2063, rec=0.1625, t=0.9273]
Epoch 34/60:  38%|███▊      | 15/39 [00:00<00:00, 30.15it/s, loss=0.2064, rec=0.1625, t=0.9272]
Epoch 34/60:  38%|███▊      | 15/39 [00:00<00:00, 30.15it/s, loss=0.2064, rec=0.1626, t=0.9272]
Epoch 34/60:  38%|███▊      | 15/39 [00:00<00:00, 30.15it/s, loss=0.2065, rec=0.1626, t=0.9271]
Epoch 34/60:  49%|████▊     | 19/39 [00:00<00:00, 30.64it/s, loss=0.2065, rec=0.1626, t=0.9271]
Epoch 34/60:  49%|████▊     | 19/39 [00:00<00:00, 30.64it/s, loss=0.2065, rec=0.1626, t=0.9270]
Epoch 34/60:  49%|████▊     | 19/39 [00:00<00:00, 30.64it/s, loss=0.2066, rec=0.1626, t=0.9270]
Epoch 34/60:  49%|████▊     | 19/39 [00:00<00:00, 30.64it/s, loss=0.2064, rec=0.1624, t=0.9269]
Epoch 34/60:  49%|████▊     | 19/39 [00:00<00:00, 30.64it/s, loss=0.2064, rec=0.1624, t=0.9269]
Epoch 34/60:  59%|█████▉    | 23/39 [00:00<00:00, 28.86it/s, loss=0.2064, rec=0.1624, t=0.9269]
Epoch 34/60:  59%|█████▉    | 23/39 [00:00<00:00, 28.86it/s, loss=0.2064, rec=0.1624, t=0.9268]
Epoch 34/60:  59%|█████▉    | 23/39 [00:00<00:00, 28.86it/s, loss=0.2062, rec=0.1623, t=0.9268]
Epoch 34/60:  59%|█████▉    | 23/39 [00:00<00:00, 28.86it/s, loss=0.2061, rec=0.1623, t=0.9267]
Epoch 34/60:  59%|█████▉    | 23/39 [00:00<00:00, 28.86it/s, loss=0.2060, rec=0.1622, t=0.9267]
Epoch 34/60:  69%|██████▉   | 27/39 [00:00<00:00, 29.69it/s, loss=0.2060, rec=0.1622, t=0.9267]
Epoch 34/60:  69%|██████▉   | 27/39 [00:00<00:00, 29.69it/s, loss=0.2059, rec=0.1621, t=0.9266]
Epoch 34/60:  69%|██████▉   | 27/39 [00:00<00:00, 29.69it/s, loss=0.2058, rec=0.1620, t=0.9266]
Epoch 34/60:  69%|██████▉   | 27/39 [00:01<00:00, 29.69it/s, loss=0.2059, rec=0.1620, t=0.9265]
Epoch 34/60:  69%|██████▉   | 27/39 [00:01<00:00, 29.69it/s, loss=0.2061, rec=0.1620, t=0.9265]
Epoch 34/60:  79%|███████▉  | 31/39 [00:01<00:00, 29.97it/s, loss=0.2061, rec=0.1620, t=0.9265]
Epoch 34/60:  79%|███████▉  | 31/39 [00:01<00:00, 29.97it/s, loss=0.2062, rec=0.1621, t=0.9264]
Epoch 34/60:  79%|███████▉  | 31/39 [00:01<00:00, 29.97it/s, loss=0.2062, rec=0.1620, t=0.9264]
Epoch 34/60:  79%|███████▉  | 31/39 [00:01<00:00, 29.97it/s, loss=0.2062, rec=0.1620, t=0.9263]
Epoch 34/60:  79%|███████▉  | 31/39 [00:01<00:00, 29.97it/s, loss=0.2062, rec=0.1620, t=0.9262]
Epoch 34/60:  90%|████████▉ | 35/39 [00:01<00:00, 29.89it/s, loss=0.2062, rec=0.1620, t=0.9262]
Epoch 34/60:  90%|████████▉ | 35/39 [00:01<00:00, 29.89it/s, loss=0.2063, rec=0.1620, t=0.9262]
Epoch 34/60:  90%|████████▉ | 35/39 [00:01<00:00, 29.89it/s, loss=0.2063, rec=0.1620, t=0.9261]
Epoch 34/60:  90%|████████▉ | 35/39 [00:01<00:00, 29.89it/s, loss=0.2064, rec=0.1619, t=0.9261]
Epoch 34/60:  90%|████████▉ | 35/39 [00:01<00:00, 29.89it/s, loss=0.2063, rec=0.1619, t=0.9260]
                                                                                               
[Epoch   34/60] loss=0.206325 | rec=0.161911 | cb=0.075754 | com=0.075754 | uniq=0.357999 | rqvae=0.026514 | t=0.926029 | global_step=1326

Epoch 35/60:   0%|          | 0/39 [00:00<?, ?it/s, loss=0.1887, rec=0.1604, t=0.9260]
Epoch 35/60:   0%|          | 0/39 [00:00<?, ?it/s, loss=0.1990, rec=0.1617, t=0.9259]
Epoch 35/60:   5%|▌         | 2/39 [00:00<00:02, 18.25it/s, loss=0.1990, rec=0.1617, t=0.9259]
Epoch 35/60:   5%|▌         | 2/39 [00:00<00:02, 18.25it/s, loss=0.2020, rec=0.1617, t=0.9259]
Epoch 35/60:   5%|▌         | 2/39 [00:00<00:02, 18.25it/s, loss=0.2037, rec=0.1617, t=0.9258]
Epoch 35/60:   5%|▌         | 2/39 [00:00<00:02, 18.25it/s, loss=0.2039, rec=0.1612, t=0.9258]
Epoch 35/60:  13%|█▎        | 5/39 [00:00<00:01, 23.62it/s, loss=0.2039, rec=0.1612, t=0.9258]
Epoch 35/60:  13%|█▎        | 5/39 [00:00<00:01, 23.62it/s, loss=0.2041, rec=0.1610, t=0.9257]
Epoch 35/60:  13%|█▎        | 5/39 [00:00<00:01, 23.62it/s, loss=0.2040, rec=0.1605, t=0.9257]
Epoch 35/60:  13%|█▎        | 5/39 [00:00<00:01, 23.62it/s, loss=0.2044, rec=0.1606, t=0.9256]
Epoch 35/60:  21%|██        | 8/39 [00:00<00:01, 25.40it/s, loss=0.2044, rec=0.1606, t=0.9256]
Epoch 35/60:  21%|██        | 8/39 [00:00<00:01, 25.40it/s, loss=0.2047, rec=0.1606, t=0.9255]
Epoch 35/60:  21%|██        | 8/39 [00:00<00:01, 25.40it/s, loss=0.2046, rec=0.1605, t=0.9255]
Epoch 35/60:  21%|██        | 8/39 [00:00<00:01, 25.40it/s, loss=0.2046, rec=0.1603, t=0.9254]
Epoch 35/60:  28%|██▊       | 11/39 [00:00<00:01, 26.23it/s, loss=0.2046, rec=0.1603, t=0.9254]
Epoch 35/60:  28%|██▊       | 11/39 [00:00<00:01, 26.23it/s, loss=0.2050, rec=0.1602, t=0.9254]
Epoch 35/60:  28%|██▊       | 11/39 [00:00<00:01, 26.23it/s, loss=0.2049, rec=0.1603, t=0.9253]
Epoch 35/60:  28%|██▊       | 11/39 [00:00<00:01, 26.23it/s, loss=0.2052, rec=0.1604, t=0.9253]
Epoch 35/60:  36%|███▌      | 14/39 [00:00<00:00, 26.03it/s, loss=0.2052, rec=0.1604, t=0.9253]
Epoch 35/60:  36%|███▌      | 14/39 [00:00<00:00, 26.03it/s, loss=0.2052, rec=0.1604, t=0.9252]
Epoch 35/60:  36%|███▌      | 14/39 [00:00<00:00, 26.03it/s, loss=0.2053, rec=0.1605, t=0.9252]
Epoch 35/60:  36%|███▌      | 14/39 [00:00<00:00, 26.03it/s, loss=0.2053, rec=0.1604, t=0.9251]
Epoch 35/60:  44%|████▎     | 17/39 [00:00<00:00, 25.39it/s, loss=0.2053, rec=0.1604, t=0.9251]
Epoch 35/60:  44%|████▎     | 17/39 [00:00<00:00, 25.39it/s, loss=0.2054, rec=0.1605, t=0.9251]
Epoch 35/60:  44%|████▎     | 17/39 [00:00<00:00, 25.39it/s, loss=0.2054, rec=0.1605, t=0.9250]
Epoch 35/60:  44%|████▎     | 17/39 [00:00<00:00, 25.39it/s, loss=0.2055, rec=0.1606, t=0.9250]
Epoch 35/60:  44%|████▎     | 17/39 [00:00<00:00, 25.39it/s, loss=0.2055, rec=0.1607, t=0.9249]
Epoch 35/60:  54%|█████▍    | 21/39 [00:00<00:00, 27.25it/s, loss=0.2055, rec=0.1607, t=0.9249]
Epoch 35/60:  54%|█████▍    | 21/39 [00:00<00:00, 27.25it/s, loss=0.2057, rec=0.1607, t=0.9248]
Epoch 35/60:  54%|█████▍    | 21/39 [00:00<00:00, 27.25it/s, loss=0.2060, rec=0.1606, t=0.9248]
Epoch 35/60:  54%|█████▍    | 21/39 [00:00<00:00, 27.25it/s, loss=0.2062, rec=0.1607, t=0.9247]
Epoch 35/60:  62%|██████▏   | 24/39 [00:00<00:00, 27.44it/s, loss=0.2062, rec=0.1607, t=0.9247]
Epoch 35/60:  62%|██████▏   | 24/39 [00:00<00:00, 27.44it/s, loss=0.2069, rec=0.1609, t=0.9247]
Epoch 35/60:  62%|██████▏   | 24/39 [00:01<00:00, 27.44it/s, loss=0.2073, rec=0.1612, t=0.9246]
Epoch 35/60:  62%|██████▏   | 24/39 [00:01<00:00, 27.44it/s, loss=0.2076, rec=0.1612, t=0.9246]
Epoch 35/60:  69%|██████▉   | 27/39 [00:01<00:00, 25.15it/s, loss=0.2076, rec=0.1612, t=0.9246]
Epoch 35/60:  69%|██████▉   | 27/39 [00:01<00:00, 25.15it/s, loss=0.2077, rec=0.1613, t=0.9245]
Epoch 35/60:  69%|██████▉   | 27/39 [00:01<00:00, 25.15it/s, loss=0.2078, rec=0.1613, t=0.9245]
Epoch 35/60:  69%|██████▉   | 27/39 [00:01<00:00, 25.15it/s, loss=0.2078, rec=0.1613, t=0.9244]
Epoch 35/60:  77%|███████▋  | 30/39 [00:01<00:00, 25.17it/s, loss=0.2078, rec=0.1613, t=0.9244]
Epoch 35/60:  77%|███████▋  | 30/39 [00:01<00:00, 25.17it/s, loss=0.2078, rec=0.1614, t=0.9244]
Epoch 35/60:  77%|███████▋  | 30/39 [00:01<00:00, 25.17it/s, loss=0.2077, rec=0.1614, t=0.9243]
Epoch 35/60:  77%|███████▋  | 30/39 [00:01<00:00, 25.17it/s, loss=0.2078, rec=0.1614, t=0.9243]
Epoch 35/60:  85%|████████▍ | 33/39 [00:01<00:00, 26.04it/s, loss=0.2078, rec=0.1614, t=0.9243]
Epoch 35/60:  85%|████████▍ | 33/39 [00:01<00:00, 26.04it/s, loss=0.2079, rec=0.1615, t=0.9242]
Epoch 35/60:  85%|████████▍ | 33/39 [00:01<00:00, 26.04it/s, loss=0.2081, rec=0.1616, t=0.9242]
Epoch 35/60:  85%|████████▍ | 33/39 [00:01<00:00, 26.04it/s, loss=0.2081, rec=0.1616, t=0.9241]
Epoch 35/60:  85%|████████▍ | 33/39 [00:01<00:00, 26.04it/s, loss=0.2081, rec=0.1616, t=0.9240]
Epoch 35/60:  95%|█████████▍| 37/39 [00:01<00:00, 27.32it/s, loss=0.2081, rec=0.1616, t=0.9240]
Epoch 35/60:  95%|█████████▍| 37/39 [00:01<00:00, 27.32it/s, loss=0.2081, rec=0.1617, t=0.9240]
Epoch 35/60:  95%|█████████▍| 37/39 [00:01<00:00, 27.32it/s, loss=0.2081, rec=0.1617, t=0.9239]
                                                                                               
[Epoch   35/60] loss=0.208053 | rec=0.161667 | cb=0.083521 | com=0.083521 | uniq=0.343077 | rqvae=0.029232 | t=0.923936 | global_step=1365

Epoch 36/60:   0%|          | 0/39 [00:00<?, ?it/s, loss=0.2044, rec=0.1582, t=0.9239]
Epoch 36/60:   0%|          | 0/39 [00:00<?, ?it/s, loss=0.2057, rec=0.1594, t=0.9238]
Epoch 36/60:   0%|          | 0/39 [00:00<?, ?it/s, loss=0.2067, rec=0.1602, t=0.9238]
Epoch 36/60:   8%|▊         | 3/39 [00:00<00:01, 25.91it/s, loss=0.2067, rec=0.1602, t=0.9238]
Epoch 36/60:   8%|▊         | 3/39 [00:00<00:01, 25.91it/s, loss=0.2065, rec=0.1607, t=0.9237]
Epoch 36/60:   8%|▊         | 3/39 [00:00<00:01, 25.91it/s, loss=0.2077, rec=0.1610, t=0.9237]
Epoch 36/60:   8%|▊         | 3/39 [00:00<00:01, 25.91it/s, loss=0.2078, rec=0.1612, t=0.9236]
Epoch 36/60:   8%|▊         | 3/39 [00:00<00:01, 25.91it/s, loss=0.2074, rec=0.1614, t=0.9236]
Epoch 36/60:  18%|█▊        | 7/39 [00:00<00:01, 28.57it/s, loss=0.2074, rec=0.1614, t=0.9236]
Epoch 36/60:  18%|█▊        | 7/39 [00:00<00:01, 28.57it/s, loss=0.2077, rec=0.1617, t=0.9235]
Epoch 36/60:  18%|█▊        | 7/39 [00:00<00:01, 28.57it/s, loss=0.2080, rec=0.1618, t=0.9235]
Epoch 36/60:  18%|█▊        | 7/39 [00:00<00:01, 28.57it/s, loss=0.2081, rec=0.1619, t=0.9234]
Epoch 36/60:  26%|██▌       | 10/39 [00:00<00:01, 28.25it/s, loss=0.2081, rec=0.1619, t=0.9234]
Epoch 36/60:  26%|██▌       | 10/39 [00:00<00:01, 28.25it/s, loss=0.2082, rec=0.1621, t=0.9233]
Epoch 36/60:  26%|██▌       | 10/39 [00:00<00:01, 28.25it/s, loss=0.2082, rec=0.1621, t=0.9233]
Epoch 36/60:  26%|██▌       | 10/39 [00:00<00:01, 28.25it/s, loss=0.2085, rec=0.1621, t=0.9232]
Epoch 36/60:  33%|███▎      | 13/39 [00:00<00:00, 28.60it/s, loss=0.2085, rec=0.1621, t=0.9232]
Epoch 36/60:  33%|███▎      | 13/39 [00:00<00:00, 28.60it/s, loss=0.2084, rec=0.1621, t=0.9232]
Epoch 36/60:  33%|███▎      | 13/39 [00:00<00:00, 28.60it/s, loss=0.2082, rec=0.1621, t=0.9231]
Epoch 36/60:  33%|███▎      | 13/39 [00:00<00:00, 28.60it/s, loss=0.2081, rec=0.1620, t=0.9231]
Epoch 36/60:  41%|████      | 16/39 [00:00<00:00, 29.00it/s, loss=0.2081, rec=0.1620, t=0.9231]
Epoch 36/60:  41%|████      | 16/39 [00:00<00:00, 29.00it/s, loss=0.2080, rec=0.1618, t=0.9230]
Epoch 36/60:  41%|████      | 16/39 [00:00<00:00, 29.00it/s, loss=0.2078, rec=0.1616, t=0.9230]
Epoch 36/60:  41%|████      | 16/39 [00:00<00:00, 29.00it/s, loss=0.2081, rec=0.1618, t=0.9229]
Epoch 36/60:  49%|████▊     | 19/39 [00:00<00:00, 28.88it/s, loss=0.2081, rec=0.1618, t=0.9229]
Epoch 36/60:  49%|████▊     | 19/39 [00:00<00:00, 28.88it/s, loss=0.2080, rec=0.1617, t=0.9229]
Epoch 36/60:  49%|████▊     | 19/39 [00:00<00:00, 28.88it/s, loss=0.2081, rec=0.1618, t=0.9228]
Epoch 36/60:  49%|████▊     | 19/39 [00:00<00:00, 28.88it/s, loss=0.2083, rec=0.1619, t=0.9228]
Epoch 36/60:  56%|█████▋    | 22/39 [00:00<00:00, 28.74it/s, loss=0.2083, rec=0.1619, t=0.9228]
Epoch 36/60:  56%|█████▋    | 22/39 [00:00<00:00, 28.74it/s, loss=0.2082, rec=0.1618, t=0.9227]
Epoch 36/60:  56%|█████▋    | 22/39 [00:00<00:00, 28.74it/s, loss=0.2082, rec=0.1618, t=0.9227]
Epoch 36/60:  56%|█████▋    | 22/39 [00:00<00:00, 28.74it/s, loss=0.2080, rec=0.1617, t=0.9226]
Epoch 36/60:  64%|██████▍   | 25/39 [00:00<00:00, 29.10it/s, loss=0.2080, rec=0.1617, t=0.9226]
Epoch 36/60:  64%|██████▍   | 25/39 [00:00<00:00, 29.10it/s, loss=0.2081, rec=0.1617, t=0.9225]
Epoch 36/60:  64%|██████▍   | 25/39 [00:00<00:00, 29.10it/s, loss=0.2080, rec=0.1616, t=0.9225]
Epoch 36/60:  64%|██████▍   | 25/39 [00:00<00:00, 29.10it/s, loss=0.2079, rec=0.1615, t=0.9224]
Epoch 36/60:  72%|███████▏  | 28/39 [00:00<00:00, 29.37it/s, loss=0.2079, rec=0.1615, t=0.9224]
Epoch 36/60:  72%|███████▏  | 28/39 [00:01<00:00, 29.37it/s, loss=0.2080, rec=0.1614, t=0.9224]
Epoch 36/60:  72%|███████▏  | 28/39 [00:01<00:00, 29.37it/s, loss=0.2079, rec=0.1614, t=0.9223]
Epoch 36/60:  72%|███████▏  | 28/39 [00:01<00:00, 29.37it/s, loss=0.2080, rec=0.1614, t=0.9223]
Epoch 36/60:  79%|███████▉  | 31/39 [00:01<00:00, 28.83it/s, loss=0.2080, rec=0.1614, t=0.9223]
Epoch 36/60:  79%|███████▉  | 31/39 [00:01<00:00, 28.83it/s, loss=0.2080, rec=0.1614, t=0.9222]
Epoch 36/60:  79%|███████▉  | 31/39 [00:01<00:00, 28.83it/s, loss=0.2080, rec=0.1614, t=0.9222]
Epoch 36/60:  79%|███████▉  | 31/39 [00:01<00:00, 28.83it/s, loss=0.2079, rec=0.1613, t=0.9221]
Epoch 36/60:  87%|████████▋ | 34/39 [00:01<00:00, 28.94it/s, loss=0.2079, rec=0.1613, t=0.9221]
Epoch 36/60:  87%|████████▋ | 34/39 [00:01<00:00, 28.94it/s, loss=0.2079, rec=0.1613, t=0.9221]
Epoch 36/60:  87%|████████▋ | 34/39 [00:01<00:00, 28.94it/s, loss=0.2079, rec=0.1612, t=0.9220]
Epoch 36/60:  87%|████████▋ | 34/39 [00:01<00:00, 28.94it/s, loss=0.2078, rec=0.1612, t=0.9220]
Epoch 36/60:  95%|█████████▍| 37/39 [00:01<00:00, 28.97it/s, loss=0.2078, rec=0.1612, t=0.9220]
Epoch 36/60:  95%|█████████▍| 37/39 [00:01<00:00, 28.97it/s, loss=0.2079, rec=0.1613, t=0.9219]
Epoch 36/60:  95%|█████████▍| 37/39 [00:01<00:00, 28.97it/s, loss=0.2079, rec=0.1612, t=0.9218]
                                                                                               
[Epoch   36/60] loss=0.207896 | rec=0.161245 | cb=0.083089 | com=0.083089 | uniq=0.351406 | rqvae=0.029081 | t=0.921849 | global_step=1404

Epoch 37/60:   0%|          | 0/39 [00:00<?, ?it/s, loss=0.2088, rec=0.1596, t=0.9218]
Epoch 37/60:   0%|          | 0/39 [00:00<?, ?it/s, loss=0.2085, rec=0.1591, t=0.9217]
Epoch 37/60:   0%|          | 0/39 [00:00<?, ?it/s, loss=0.2082, rec=0.1602, t=0.9217]
Epoch 37/60:   8%|▊         | 3/39 [00:00<00:01, 25.89it/s, loss=0.2082, rec=0.1602, t=0.9217]
Epoch 37/60:   8%|▊         | 3/39 [00:00<00:01, 25.89it/s, loss=0.2074, rec=0.1598, t=0.9216]
Epoch 37/60:   8%|▊         | 3/39 [00:00<00:01, 25.89it/s, loss=0.2076, rec=0.1597, t=0.9216]
Epoch 37/60:   8%|▊         | 3/39 [00:00<00:01, 25.89it/s, loss=0.2079, rec=0.1600, t=0.9215]
Epoch 37/60:  15%|█▌        | 6/39 [00:00<00:01, 27.99it/s, loss=0.2079, rec=0.1600, t=0.9215]
Epoch 37/60:  15%|█▌        | 6/39 [00:00<00:01, 27.99it/s, loss=0.2077, rec=0.1601, t=0.9215]
Epoch 37/60:  15%|█▌        | 6/39 [00:00<00:01, 27.99it/s, loss=0.2077, rec=0.1599, t=0.9214]
Epoch 37/60:  15%|█▌        | 6/39 [00:00<00:01, 27.99it/s, loss=0.2081, rec=0.1600, t=0.9214]
Epoch 37/60:  23%|██▎       | 9/39 [00:00<00:01, 28.82it/s, loss=0.2081, rec=0.1600, t=0.9214]
Epoch 37/60:  23%|██▎       | 9/39 [00:00<00:01, 28.82it/s, loss=0.2083, rec=0.1598, t=0.9213]
Epoch 37/60:  23%|██▎       | 9/39 [00:00<00:01, 28.82it/s, loss=0.2084, rec=0.1598, t=0.9213]
Epoch 37/60:  23%|██▎       | 9/39 [00:00<00:01, 28.82it/s, loss=0.2082, rec=0.1596, t=0.9212]
Epoch 37/60:  31%|███       | 12/39 [00:00<00:00, 29.00it/s, loss=0.2082, rec=0.1596, t=0.9212]
Epoch 37/60:  31%|███       | 12/39 [00:00<00:00, 29.00it/s, loss=0.2078, rec=0.1594, t=0.9212]
Epoch 37/60:  31%|███       | 12/39 [00:00<00:00, 29.00it/s, loss=0.2080, rec=0.1596, t=0.9211]
Epoch 37/60:  31%|███       | 12/39 [00:00<00:00, 29.00it/s, loss=0.2081, rec=0.1596, t=0.9210]
Epoch 37/60:  31%|███       | 12/39 [00:00<00:00, 29.00it/s, loss=0.2081, rec=0.1596, t=0.9210]
Epoch 37/60:  41%|████      | 16/39 [00:00<00:00, 29.29it/s, loss=0.2081, rec=0.1596, t=0.9210]
Epoch 37/60:  41%|████      | 16/39 [00:00<00:00, 29.29it/s, loss=0.2082, rec=0.1597, t=0.9209]
Epoch 37/60:  41%|████      | 16/39 [00:00<00:00, 29.29it/s, loss=0.2081, rec=0.1596, t=0.9209]
Epoch 37/60:  41%|████      | 16/39 [00:00<00:00, 29.29it/s, loss=0.2079, rec=0.1596, t=0.9208]
Epoch 37/60:  49%|████▊     | 19/39 [00:00<00:00, 29.42it/s, loss=0.2079, rec=0.1596, t=0.9208]
Epoch 37/60:  49%|████▊     | 19/39 [00:00<00:00, 29.42it/s, loss=0.2078, rec=0.1596, t=0.9208]
Epoch 37/60:  49%|████▊     | 19/39 [00:00<00:00, 29.42it/s, loss=0.2081, rec=0.1596, t=0.9207]
Epoch 37/60:  49%|████▊     | 19/39 [00:00<00:00, 29.42it/s, loss=0.2080, rec=0.1596, t=0.9207]
Epoch 37/60:  56%|█████▋    | 22/39 [00:00<00:00, 29.38it/s, loss=0.2080, rec=0.1596, t=0.9207]
Epoch 37/60:  56%|█████▋    | 22/39 [00:00<00:00, 29.38it/s, loss=0.2081, rec=0.1596, t=0.9206]
Epoch 37/60:  56%|█████▋    | 22/39 [00:00<00:00, 29.38it/s, loss=0.2081, rec=0.1596, t=0.9206]
Epoch 37/60:  56%|█████▋    | 22/39 [00:00<00:00, 29.38it/s, loss=0.2080, rec=0.1596, t=0.9205]
Epoch 37/60:  64%|██████▍   | 25/39 [00:00<00:00, 29.32it/s, loss=0.2080, rec=0.1596, t=0.9205]
Epoch 37/60:  64%|██████▍   | 25/39 [00:00<00:00, 29.32it/s, loss=0.2081, rec=0.1597, t=0.9205]
Epoch 37/60:  64%|██████▍   | 25/39 [00:00<00:00, 29.32it/s, loss=0.2081, rec=0.1598, t=0.9204]
Epoch 37/60:  64%|██████▍   | 25/39 [00:00<00:00, 29.32it/s, loss=0.2081, rec=0.1598, t=0.9204]
Epoch 37/60:  72%|███████▏  | 28/39 [00:00<00:00, 28.60it/s, loss=0.2081, rec=0.1598, t=0.9204]
Epoch 37/60:  72%|███████▏  | 28/39 [00:01<00:00, 28.60it/s, loss=0.2081, rec=0.1598, t=0.9203]
Epoch 37/60:  72%|███████▏  | 28/39 [00:01<00:00, 28.60it/s, loss=0.2080, rec=0.1598, t=0.9202]
Epoch 37/60:  72%|███████▏  | 28/39 [00:01<00:00, 28.60it/s, loss=0.2082, rec=0.1598, t=0.9202]
Epoch 37/60:  79%|███████▉  | 31/39 [00:01<00:00, 26.88it/s, loss=0.2082, rec=0.1598, t=0.9202]
Epoch 37/60:  79%|███████▉  | 31/39 [00:01<00:00, 26.88it/s, loss=0.2080, rec=0.1597, t=0.9201]
Epoch 37/60:  79%|███████▉  | 31/39 [00:01<00:00, 26.88it/s, loss=0.2082, rec=0.1597, t=0.9201]
Epoch 37/60:  79%|███████▉  | 31/39 [00:01<00:00, 26.88it/s, loss=0.2084, rec=0.1599, t=0.9200]
Epoch 37/60:  87%|████████▋ | 34/39 [00:01<00:00, 27.21it/s, loss=0.2084, rec=0.1599, t=0.9200]
Epoch 37/60:  87%|████████▋ | 34/39 [00:01<00:00, 27.21it/s, loss=0.2087, rec=0.1600, t=0.9200]
Epoch 37/60:  87%|████████▋ | 34/39 [00:01<00:00, 27.21it/s, loss=0.2090, rec=0.1600, t=0.9199]
Epoch 37/60:  87%|████████▋ | 34/39 [00:01<00:00, 27.21it/s, loss=0.2091, rec=0.1601, t=0.9199]
Epoch 37/60:  95%|█████████▍| 37/39 [00:01<00:00, 27.97it/s, loss=0.2091, rec=0.1601, t=0.9199]
Epoch 37/60:  95%|█████████▍| 37/39 [00:01<00:00, 27.97it/s, loss=0.2093, rec=0.1602, t=0.9198]
Epoch 37/60:  95%|█████████▍| 37/39 [00:01<00:00, 27.97it/s, loss=0.2093, rec=0.1602, t=0.9198]
                                                                                               
[Epoch   37/60] loss=0.209254 | rec=0.160198 | cb=0.090440 | com=0.090440 | uniq=0.348050 | rqvae=0.031654 | t=0.919766 | global_step=1443

Epoch 38/60:   0%|          | 0/39 [00:00<?, ?it/s, loss=0.2103, rec=0.1614, t=0.9197]
Epoch 38/60:   0%|          | 0/39 [00:00<?, ?it/s, loss=0.2108, rec=0.1616, t=0.9197]
Epoch 38/60:   0%|          | 0/39 [00:00<?, ?it/s, loss=0.2121, rec=0.1620, t=0.9196]
Epoch 38/60:   8%|▊         | 3/39 [00:00<00:01, 26.00it/s, loss=0.2121, rec=0.1620, t=0.9196]
Epoch 38/60:   8%|▊         | 3/39 [00:00<00:01, 26.00it/s, loss=0.2102, rec=0.1615, t=0.9196]
Epoch 38/60:   8%|▊         | 3/39 [00:00<00:01, 26.00it/s, loss=0.2102, rec=0.1611, t=0.9195]
Epoch 38/60:   8%|▊         | 3/39 [00:00<00:01, 26.00it/s, loss=0.2094, rec=0.1605, t=0.9194]
Epoch 38/60:  15%|█▌        | 6/39 [00:00<00:01, 27.79it/s, loss=0.2094, rec=0.1605, t=0.9194]
Epoch 38/60:  15%|█▌        | 6/39 [00:00<00:01, 27.79it/s, loss=0.2091, rec=0.1605, t=0.9194]
Epoch 38/60:  15%|█▌        | 6/39 [00:00<00:01, 27.79it/s, loss=0.2092, rec=0.1602, t=0.9193]
Epoch 38/60:  15%|█▌        | 6/39 [00:00<00:01, 27.79it/s, loss=0.2090, rec=0.1601, t=0.9193]
Epoch 38/60:  23%|██▎       | 9/39 [00:00<00:01, 28.16it/s, loss=0.2090, rec=0.1601, t=0.9193]
Epoch 38/60:  23%|██▎       | 9/39 [00:00<00:01, 28.16it/s, loss=0.2086, rec=0.1601, t=0.9192]
Epoch 38/60:  23%|██▎       | 9/39 [00:00<00:01, 28.16it/s, loss=0.2087, rec=0.1601, t=0.9192]
Epoch 38/60:  23%|██▎       | 9/39 [00:00<00:01, 28.16it/s, loss=0.2090, rec=0.1602, t=0.9191]
Epoch 38/60:  31%|███       | 12/39 [00:00<00:00, 28.33it/s, loss=0.2090, rec=0.1602, t=0.9191]
Epoch 38/60:  31%|███       | 12/39 [00:00<00:00, 28.33it/s, loss=0.2092, rec=0.1602, t=0.9191]
Epoch 38/60:  31%|███       | 12/39 [00:00<00:00, 28.33it/s, loss=0.2092, rec=0.1601, t=0.9190]
Epoch 38/60:  31%|███       | 12/39 [00:00<00:00, 28.33it/s, loss=0.2092, rec=0.1601, t=0.9190]
Epoch 38/60:  31%|███       | 12/39 [00:00<00:00, 28.33it/s, loss=0.2094, rec=0.1602, t=0.9189]
Epoch 38/60:  41%|████      | 16/39 [00:00<00:00, 29.56it/s, loss=0.2094, rec=0.1602, t=0.9189]
Epoch 38/60:  41%|████      | 16/39 [00:00<00:00, 29.56it/s, loss=0.2094, rec=0.1601, t=0.9189]
Epoch 38/60:  41%|████      | 16/39 [00:00<00:00, 29.56it/s, loss=0.2094, rec=0.1602, t=0.9188]
Epoch 38/60:  41%|████      | 16/39 [00:00<00:00, 29.56it/s, loss=0.2092, rec=0.1601, t=0.9188]
Epoch 38/60:  49%|████▊     | 19/39 [00:00<00:00, 29.62it/s, loss=0.2092, rec=0.1601, t=0.9188]
Epoch 38/60:  49%|████▊     | 19/39 [00:00<00:00, 29.62it/s, loss=0.2090, rec=0.1600, t=0.9187]
Epoch 38/60:  49%|████▊     | 19/39 [00:00<00:00, 29.62it/s, loss=0.2091, rec=0.1599, t=0.9186]
Epoch 38/60:  49%|████▊     | 19/39 [00:00<00:00, 29.62it/s, loss=0.2092, rec=0.1599, t=0.9186]
Epoch 38/60:  56%|█████▋    | 22/39 [00:00<00:00, 29.61it/s, loss=0.2092, rec=0.1599, t=0.9186]
Epoch 38/60:  56%|█████▋    | 22/39 [00:00<00:00, 29.61it/s, loss=0.2094, rec=0.1599, t=0.9185]
Epoch 38/60:  56%|█████▋    | 22/39 [00:00<00:00, 29.61it/s, loss=0.2090, rec=0.1598, t=0.9185]
Epoch 38/60:  56%|█████▋    | 22/39 [00:00<00:00, 29.61it/s, loss=0.2084, rec=0.1598, t=0.9184]
Epoch 38/60:  64%|██████▍   | 25/39 [00:00<00:00, 29.56it/s, loss=0.2084, rec=0.1598, t=0.9184]
Epoch 38/60:  64%|██████▍   | 25/39 [00:00<00:00, 29.56it/s, loss=0.2083, rec=0.1598, t=0.9184]
Epoch 38/60:  64%|██████▍   | 25/39 [00:00<00:00, 29.56it/s, loss=0.2084, rec=0.1598, t=0.9183]
Epoch 38/60:  64%|██████▍   | 25/39 [00:00<00:00, 29.56it/s, loss=0.2084, rec=0.1598, t=0.9183]
Epoch 38/60:  72%|███████▏  | 28/39 [00:00<00:00, 29.39it/s, loss=0.2084, rec=0.1598, t=0.9183]
Epoch 38/60:  72%|███████▏  | 28/39 [00:00<00:00, 29.39it/s, loss=0.2086, rec=0.1598, t=0.9182]
Epoch 38/60:  72%|███████▏  | 28/39 [00:01<00:00, 29.39it/s, loss=0.2085, rec=0.1597, t=0.9182]
Epoch 38/60:  72%|███████▏  | 28/39 [00:01<00:00, 29.39it/s, loss=0.2086, rec=0.1597, t=0.9181]
Epoch 38/60:  79%|███████▉  | 31/39 [00:01<00:00, 29.55it/s, loss=0.2086, rec=0.1597, t=0.9181]
Epoch 38/60:  79%|███████▉  | 31/39 [00:01<00:00, 29.55it/s, loss=0.2086, rec=0.1598, t=0.9181]
Epoch 38/60:  79%|███████▉  | 31/39 [00:01<00:00, 29.55it/s, loss=0.2088, rec=0.1599, t=0.9180]
Epoch 38/60:  79%|███████▉  | 31/39 [00:01<00:00, 29.55it/s, loss=0.2086, rec=0.1598, t=0.9180]
Epoch 38/60:  87%|████████▋ | 34/39 [00:01<00:00, 29.48it/s, loss=0.2086, rec=0.1598, t=0.9180]
Epoch 38/60:  87%|████████▋ | 34/39 [00:01<00:00, 29.48it/s, loss=0.2086, rec=0.1598, t=0.9179]
Epoch 38/60:  87%|████████▋ | 34/39 [00:01<00:00, 29.48it/s, loss=0.2085, rec=0.1598, t=0.9178]
Epoch 38/60:  87%|████████▋ | 34/39 [00:01<00:00, 29.48it/s, loss=0.2085, rec=0.1598, t=0.9178]
Epoch 38/60:  95%|█████████▍| 37/39 [00:01<00:00, 29.53it/s, loss=0.2085, rec=0.1598, t=0.9178]
Epoch 38/60:  95%|█████████▍| 37/39 [00:01<00:00, 29.53it/s, loss=0.2084, rec=0.1598, t=0.9177]
Epoch 38/60:  95%|█████████▍| 37/39 [00:01<00:00, 29.53it/s, loss=0.2084, rec=0.1598, t=0.9177]
                                                                                               
[Epoch   38/60] loss=0.208404 | rec=0.159777 | cb=0.093081 | com=0.093081 | uniq=0.320973 | rqvae=0.032578 | t=0.917688 | global_step=1482

Epoch 39/60:   0%|          | 0/39 [00:00<?, ?it/s, loss=0.2079, rec=0.1591, t=0.9176]
Epoch 39/60:   0%|          | 0/39 [00:00<?, ?it/s, loss=0.2088, rec=0.1588, t=0.9176]
Epoch 39/60:   0%|          | 0/39 [00:00<?, ?it/s, loss=0.2086, rec=0.1588, t=0.9175]
Epoch 39/60:   8%|▊         | 3/39 [00:00<00:01, 23.85it/s, loss=0.2086, rec=0.1588, t=0.9175]
Epoch 39/60:   8%|▊         | 3/39 [00:00<00:01, 23.85it/s, loss=0.2088, rec=0.1585, t=0.9175]
Epoch 39/60:   8%|▊         | 3/39 [00:00<00:01, 23.85it/s, loss=0.2103, rec=0.1588, t=0.9174]
Epoch 39/60:   8%|▊         | 3/39 [00:00<00:01, 23.85it/s, loss=0.2110, rec=0.1589, t=0.9174]
Epoch 39/60:  15%|█▌        | 6/39 [00:00<00:01, 22.75it/s, loss=0.2110, rec=0.1589, t=0.9174]
Epoch 39/60:  15%|█▌        | 6/39 [00:00<00:01, 22.75it/s, loss=0.2122, rec=0.1594, t=0.9173]
Epoch 39/60:  15%|█▌        | 6/39 [00:00<00:01, 22.75it/s, loss=0.2100, rec=0.1593, t=0.9173]
Epoch 39/60:  15%|█▌        | 6/39 [00:00<00:01, 22.75it/s, loss=0.2107, rec=0.1594, t=0.9172]
Epoch 39/60:  23%|██▎       | 9/39 [00:00<00:01, 23.80it/s, loss=0.2107, rec=0.1594, t=0.9172]
Epoch 39/60:  23%|██▎       | 9/39 [00:00<00:01, 23.80it/s, loss=0.2110, rec=0.1595, t=0.9172]
Epoch 39/60:  23%|██▎       | 9/39 [00:00<00:01, 23.80it/s, loss=0.2111, rec=0.1596, t=0.9171]
Epoch 39/60:  23%|██▎       | 9/39 [00:00<00:01, 23.80it/s, loss=0.2112, rec=0.1597, t=0.9170]
Epoch 39/60:  31%|███       | 12/39 [00:00<00:01, 23.76it/s, loss=0.2112, rec=0.1597, t=0.9170]
Epoch 39/60:  31%|███       | 12/39 [00:00<00:01, 23.76it/s, loss=0.2109, rec=0.1596, t=0.9170]
Epoch 39/60:  31%|███       | 12/39 [00:00<00:01, 23.76it/s, loss=0.2108, rec=0.1595, t=0.9169]
Epoch 39/60:  31%|███       | 12/39 [00:00<00:01, 23.76it/s, loss=0.2106, rec=0.1595, t=0.9169]
Epoch 39/60:  38%|███▊      | 15/39 [00:00<00:00, 25.04it/s, loss=0.2106, rec=0.1595, t=0.9169]
Epoch 39/60:  38%|███▊      | 15/39 [00:00<00:00, 25.04it/s, loss=0.2106, rec=0.1595, t=0.9168]
Epoch 39/60:  38%|███▊      | 15/39 [00:00<00:00, 25.04it/s, loss=0.2099, rec=0.1596, t=0.9168]
Epoch 39/60:  38%|███▊      | 15/39 [00:00<00:00, 25.04it/s, loss=0.2099, rec=0.1596, t=0.9167]
Epoch 39/60:  38%|███▊      | 15/39 [00:00<00:00, 25.04it/s, loss=0.2102, rec=0.1597, t=0.9167]
Epoch 39/60:  49%|████▊     | 19/39 [00:00<00:00, 27.09it/s, loss=0.2102, rec=0.1597, t=0.9167]
Epoch 39/60:  49%|████▊     | 19/39 [00:00<00:00, 27.09it/s, loss=0.2105, rec=0.1598, t=0.9166]
Epoch 39/60:  49%|████▊     | 19/39 [00:00<00:00, 27.09it/s, loss=0.2105, rec=0.1597, t=0.9166]
Epoch 39/60:  49%|████▊     | 19/39 [00:00<00:00, 27.09it/s, loss=0.2106, rec=0.1598, t=0.9165]
Epoch 39/60:  56%|█████▋    | 22/39 [00:00<00:00, 27.89it/s, loss=0.2106, rec=0.1598, t=0.9165]
Epoch 39/60:  56%|█████▋    | 22/39 [00:00<00:00, 27.89it/s, loss=0.2106, rec=0.1598, t=0.9165]
Epoch 39/60:  56%|█████▋    | 22/39 [00:00<00:00, 27.89it/s, loss=0.2106, rec=0.1598, t=0.9164]
Epoch 39/60:  56%|█████▋    | 22/39 [00:00<00:00, 27.89it/s, loss=0.2106, rec=0.1599, t=0.9164]
Epoch 39/60:  64%|██████▍   | 25/39 [00:00<00:00, 28.05it/s, loss=0.2106, rec=0.1599, t=0.9164]
Epoch 39/60:  64%|██████▍   | 25/39 [00:00<00:00, 28.05it/s, loss=0.2107, rec=0.1600, t=0.9163]
Epoch 39/60:  64%|██████▍   | 25/39 [00:01<00:00, 28.05it/s, loss=0.2107, rec=0.1599, t=0.9163]
Epoch 39/60:  64%|██████▍   | 25/39 [00:01<00:00, 28.05it/s, loss=0.2107, rec=0.1599, t=0.9162]
Epoch 39/60:  72%|███████▏  | 28/39 [00:01<00:00, 27.82it/s, loss=0.2107, rec=0.1599, t=0.9162]
Epoch 39/60:  72%|███████▏  | 28/39 [00:01<00:00, 27.82it/s, loss=0.2109, rec=0.1600, t=0.9161]
Epoch 39/60:  72%|███████▏  | 28/39 [00:01<00:00, 27.82it/s, loss=0.2111, rec=0.1600, t=0.9161]
Epoch 39/60:  72%|███████▏  | 28/39 [00:01<00:00, 27.82it/s, loss=0.2112, rec=0.1600, t=0.9160]
Epoch 39/60:  79%|███████▉  | 31/39 [00:01<00:00, 28.26it/s, loss=0.2112, rec=0.1600, t=0.9160]
Epoch 39/60:  79%|███████▉  | 31/39 [00:01<00:00, 28.26it/s, loss=0.2114, rec=0.1601, t=0.9160]
Epoch 39/60:  79%|███████▉  | 31/39 [00:01<00:00, 28.26it/s, loss=0.2114, rec=0.1601, t=0.9159]
Epoch 39/60:  79%|███████▉  | 31/39 [00:01<00:00, 28.26it/s, loss=0.2116, rec=0.1602, t=0.9159]
Epoch 39/60:  79%|███████▉  | 31/39 [00:01<00:00, 28.26it/s, loss=0.2116, rec=0.1601, t=0.9158]
Epoch 39/60:  90%|████████▉ | 35/39 [00:01<00:00, 29.57it/s, loss=0.2116, rec=0.1601, t=0.9158]
Epoch 39/60:  90%|████████▉ | 35/39 [00:01<00:00, 29.57it/s, loss=0.2116, rec=0.1602, t=0.9158]
Epoch 39/60:  90%|████████▉ | 35/39 [00:01<00:00, 29.57it/s, loss=0.2116, rec=0.1602, t=0.9157]
Epoch 39/60:  90%|████████▉ | 35/39 [00:01<00:00, 29.57it/s, loss=0.2116, rec=0.1602, t=0.9157]
Epoch 39/60:  90%|████████▉ | 35/39 [00:01<00:00, 29.57it/s, loss=0.2116, rec=0.1602, t=0.9156]
                                                                                               
[Epoch   39/60] loss=0.211584 | rec=0.160207 | cb=0.099996 | com=0.099996 | uniq=0.327581 | rqvae=0.034998 | t=0.915614 | global_step=1521

Epoch 40/60:   0%|          | 0/39 [00:00<?, ?it/s, loss=0.2035, rec=0.1572, t=0.9156]
Epoch 40/60:   0%|          | 0/39 [00:00<?, ?it/s, loss=0.2056, rec=0.1582, t=0.9155]
Epoch 40/60:   0%|          | 0/39 [00:00<?, ?it/s, loss=0.2070, rec=0.1591, t=0.9155]
Epoch 40/60:   8%|▊         | 3/39 [00:00<00:01, 27.35it/s, loss=0.2070, rec=0.1591, t=0.9155]
Epoch 40/60:   8%|▊         | 3/39 [00:00<00:01, 27.35it/s, loss=0.2072, rec=0.1591, t=0.9154]
Epoch 40/60:   8%|▊         | 3/39 [00:00<00:01, 27.35it/s, loss=0.2073, rec=0.1594, t=0.9153]
Epoch 40/60:   8%|▊         | 3/39 [00:00<00:01, 27.35it/s, loss=0.2081, rec=0.1594, t=0.9153]
Epoch 40/60:   8%|▊         | 3/39 [00:00<00:01, 27.35it/s, loss=0.2086, rec=0.1596, t=0.9152]
Epoch 40/60:  18%|█▊        | 7/39 [00:00<00:01, 30.27it/s, loss=0.2086, rec=0.1596, t=0.9152]
Epoch 40/60:  18%|█▊        | 7/39 [00:00<00:01, 30.27it/s, loss=0.2088, rec=0.1597, t=0.9152]
Epoch 40/60:  18%|█▊        | 7/39 [00:00<00:01, 30.27it/s, loss=0.2088, rec=0.1598, t=0.9151]
Epoch 40/60:  18%|█▊        | 7/39 [00:00<00:01, 30.27it/s, loss=0.2087, rec=0.1597, t=0.9151]
Epoch 40/60:  18%|█▊        | 7/39 [00:00<00:01, 30.27it/s, loss=0.2084, rec=0.1596, t=0.9150]
Epoch 40/60:  28%|██▊       | 11/39 [00:00<00:00, 31.80it/s, loss=0.2084, rec=0.1596, t=0.9150]
Epoch 40/60:  28%|██▊       | 11/39 [00:00<00:00, 31.80it/s, loss=0.2084, rec=0.1597, t=0.9150]
Epoch 40/60:  28%|██▊       | 11/39 [00:00<00:00, 31.80it/s, loss=0.2083, rec=0.1596, t=0.9149]
Epoch 40/60:  28%|██▊       | 11/39 [00:00<00:00, 31.80it/s, loss=0.2087, rec=0.1595, t=0.9149]
Epoch 40/60:  28%|██▊       | 11/39 [00:00<00:00, 31.80it/s, loss=0.2090, rec=0.1595, t=0.9148]
Epoch 40/60:  38%|███▊      | 15/39 [00:00<00:00, 32.36it/s, loss=0.2090, rec=0.1595, t=0.9148]
Epoch 40/60:  38%|███▊      | 15/39 [00:00<00:00, 32.36it/s, loss=0.2090, rec=0.1593, t=0.9148]
Epoch 40/60:  38%|███▊      | 15/39 [00:00<00:00, 32.36it/s, loss=0.2093, rec=0.1593, t=0.9147]
Epoch 40/60:  38%|███▊      | 15/39 [00:00<00:00, 32.36it/s, loss=0.2085, rec=0.1593, t=0.9147]
Epoch 40/60:  38%|███▊      | 15/39 [00:00<00:00, 32.36it/s, loss=0.2086, rec=0.1594, t=0.9146]
Epoch 40/60:  49%|████▊     | 19/39 [00:00<00:00, 32.83it/s, loss=0.2086, rec=0.1594, t=0.9146]
Epoch 40/60:  49%|████▊     | 19/39 [00:00<00:00, 32.83it/s, loss=0.2088, rec=0.1594, t=0.9146]
Epoch 40/60:  49%|████▊     | 19/39 [00:00<00:00, 32.83it/s, loss=0.2092, rec=0.1596, t=0.9145]
Epoch 40/60:  49%|████▊     | 19/39 [00:00<00:00, 32.83it/s, loss=0.2085, rec=0.1596, t=0.9144]
Epoch 40/60:  49%|████▊     | 19/39 [00:00<00:00, 32.83it/s, loss=0.2085, rec=0.1595, t=0.9144]
Epoch 40/60:  59%|█████▉    | 23/39 [00:00<00:00, 32.84it/s, loss=0.2085, rec=0.1595, t=0.9144]
Epoch 40/60:  59%|█████▉    | 23/39 [00:00<00:00, 32.84it/s, loss=0.2085, rec=0.1593, t=0.9143]
Epoch 40/60:  59%|█████▉    | 23/39 [00:00<00:00, 32.84it/s, loss=0.2086, rec=0.1593, t=0.9143]
Epoch 40/60:  59%|█████▉    | 23/39 [00:00<00:00, 32.84it/s, loss=0.2080, rec=0.1592, t=0.9142]
Epoch 40/60:  59%|█████▉    | 23/39 [00:00<00:00, 32.84it/s, loss=0.2081, rec=0.1593, t=0.9142]
Epoch 40/60:  69%|██████▉   | 27/39 [00:00<00:00, 32.94it/s, loss=0.2081, rec=0.1593, t=0.9142]
Epoch 40/60:  69%|██████▉   | 27/39 [00:00<00:00, 32.94it/s, loss=0.2081, rec=0.1592, t=0.9141]
Epoch 40/60:  69%|██████▉   | 27/39 [00:00<00:00, 32.94it/s, loss=0.2081, rec=0.1592, t=0.9141]
Epoch 40/60:  69%|██████▉   | 27/39 [00:00<00:00, 32.94it/s, loss=0.2081, rec=0.1591, t=0.9140]
Epoch 40/60:  69%|██████▉   | 27/39 [00:00<00:00, 32.94it/s, loss=0.2078, rec=0.1592, t=0.9140]
Epoch 40/60:  79%|███████▉  | 31/39 [00:00<00:00, 33.10it/s, loss=0.2078, rec=0.1592, t=0.9140]
Epoch 40/60:  79%|███████▉  | 31/39 [00:00<00:00, 33.10it/s, loss=0.2079, rec=0.1593, t=0.9139]
Epoch 40/60:  79%|███████▉  | 31/39 [00:01<00:00, 33.10it/s, loss=0.2079, rec=0.1592, t=0.9139]
Epoch 40/60:  79%|███████▉  | 31/39 [00:01<00:00, 33.10it/s, loss=0.2080, rec=0.1592, t=0.9138]
Epoch 40/60:  79%|███████▉  | 31/39 [00:01<00:00, 33.10it/s, loss=0.2081, rec=0.1592, t=0.9138]
Epoch 40/60:  90%|████████▉ | 35/39 [00:01<00:00, 32.83it/s, loss=0.2081, rec=0.1592, t=0.9138]
Epoch 40/60:  90%|████████▉ | 35/39 [00:01<00:00, 32.83it/s, loss=0.2082, rec=0.1592, t=0.9137]
Epoch 40/60:  90%|████████▉ | 35/39 [00:01<00:00, 32.83it/s, loss=0.2084, rec=0.1592, t=0.9137]
Epoch 40/60:  90%|████████▉ | 35/39 [00:01<00:00, 32.83it/s, loss=0.2086, rec=0.1592, t=0.9136]
Epoch 40/60:  90%|████████▉ | 35/39 [00:01<00:00, 32.83it/s, loss=0.2086, rec=0.1592, t=0.9135]
                                                                                               
[Epoch   40/60] loss=0.208558 | rec=0.159235 | cb=0.099320 | com=0.099320 | uniq=0.291224 | rqvae=0.034762 | t=0.913546 | global_step=1560
[Validation epoch 40] loss=0.217510 | rec=0.162623 | cb=0.103744 | com=0.103744 | uniq=0.371531 | rqvae=0.036311
[Best Checkpoint] Reconstruction Loss improved -> <scratch>/mid_run_article/checkpoint_best_rec.pt
[EarlyStopping] epoch=40 | improved_total=False | improved_rec=True | counter=0/20 | best_total=0.202915@20 | best_rec=0.162623@40

Epoch 41/60:   0%|          | 0/39 [00:00<?, ?it/s, loss=0.2120, rec=0.1589, t=0.9135]
Epoch 41/60:   0%|          | 0/39 [00:00<?, ?it/s, loss=0.2110, rec=0.1584, t=0.9134]
Epoch 41/60:   0%|          | 0/39 [00:00<?, ?it/s, loss=0.2118, rec=0.1588, t=0.9134]
Epoch 41/60:   8%|▊         | 3/39 [00:00<00:01, 27.48it/s, loss=0.2118, rec=0.1588, t=0.9134]
Epoch 41/60:   8%|▊         | 3/39 [00:00<00:01, 27.48it/s, loss=0.2114, rec=0.1588, t=0.9133]
Epoch 41/60:   8%|▊         | 3/39 [00:00<00:01, 27.48it/s, loss=0.2114, rec=0.1588, t=0.9133]
Epoch 41/60:   8%|▊         | 3/39 [00:00<00:01, 27.48it/s, loss=0.2120, rec=0.1589, t=0.9132]
Epoch 41/60:   8%|▊         | 3/39 [00:00<00:01, 27.48it/s, loss=0.2118, rec=0.1589, t=0.9132]
Epoch 41/60:  18%|█▊        | 7/39 [00:00<00:01, 29.55it/s, loss=0.2118, rec=0.1589, t=0.9132]
Epoch 41/60:  18%|█▊        | 7/39 [00:00<00:01, 29.55it/s, loss=0.2116, rec=0.1585, t=0.9131]
Epoch 41/60:  18%|█▊        | 7/39 [00:00<00:01, 29.55it/s, loss=0.2108, rec=0.1586, t=0.9131]
Epoch 41/60:  18%|█▊        | 7/39 [00:00<00:01, 29.55it/s, loss=0.2103, rec=0.1585, t=0.9130]
Epoch 41/60:  18%|█▊        | 7/39 [00:00<00:01, 29.55it/s, loss=0.2101, rec=0.1586, t=0.9130]
Epoch 41/60:  28%|██▊       | 11/39 [00:00<00:00, 30.32it/s, loss=0.2101, rec=0.1586, t=0.9130]
Epoch 41/60:  28%|██▊       | 11/39 [00:00<00:00, 30.32it/s, loss=0.2099, rec=0.1585, t=0.9129]
Epoch 41/60:  28%|██▊       | 11/39 [00:00<00:00, 30.32it/s, loss=0.2099, rec=0.1584, t=0.9129]
Epoch 41/60:  28%|██▊       | 11/39 [00:00<00:00, 30.32it/s, loss=0.2098, rec=0.1583, t=0.9128]
Epoch 41/60:  28%|██▊       | 11/39 [00:00<00:00, 30.32it/s, loss=0.2099, rec=0.1584, t=0.9128]
Epoch 41/60:  38%|███▊      | 15/39 [00:00<00:00, 29.86it/s, loss=0.2099, rec=0.1584, t=0.9128]
Epoch 41/60:  38%|███▊      | 15/39 [00:00<00:00, 29.86it/s, loss=0.2098, rec=0.1584, t=0.9127]
Epoch 41/60:  38%|███▊      | 15/39 [00:00<00:00, 29.86it/s, loss=0.2100, rec=0.1584, t=0.9126]
Epoch 41/60:  38%|███▊      | 15/39 [00:00<00:00, 29.86it/s, loss=0.2102, rec=0.1584, t=0.9126]
Epoch 41/60:  46%|████▌     | 18/39 [00:00<00:00, 29.89it/s, loss=0.2102, rec=0.1584, t=0.9126]
Epoch 41/60:  46%|████▌     | 18/39 [00:00<00:00, 29.89it/s, loss=0.2102, rec=0.1583, t=0.9125]
Epoch 41/60:  46%|████▌     | 18/39 [00:00<00:00, 29.89it/s, loss=0.2103, rec=0.1583, t=0.9125]
Epoch 41/60:  46%|████▌     | 18/39 [00:00<00:00, 29.89it/s, loss=0.2103, rec=0.1583, t=0.9124]
Epoch 41/60:  46%|████▌     | 18/39 [00:00<00:00, 29.89it/s, loss=0.2104, rec=0.1583, t=0.9124]
Epoch 41/60:  56%|█████▋    | 22/39 [00:00<00:00, 30.61it/s, loss=0.2104, rec=0.1583, t=0.9124]
Epoch 41/60:  56%|█████▋    | 22/39 [00:00<00:00, 30.61it/s, loss=0.2106, rec=0.1584, t=0.9123]
Epoch 41/60:  56%|█████▋    | 22/39 [00:00<00:00, 30.61it/s, loss=0.2108, rec=0.1584, t=0.9123]
Epoch 41/60:  56%|█████▋    | 22/39 [00:00<00:00, 30.61it/s, loss=0.2107, rec=0.1584, t=0.9122]
Epoch 41/60:  56%|█████▋    | 22/39 [00:00<00:00, 30.61it/s, loss=0.2108, rec=0.1584, t=0.9122]
Epoch 41/60:  67%|██████▋   | 26/39 [00:00<00:00, 31.18it/s, loss=0.2108, rec=0.1584, t=0.9122]
Epoch 41/60:  67%|██████▋   | 26/39 [00:00<00:00, 31.18it/s, loss=0.2108, rec=0.1584, t=0.9121]
Epoch 41/60:  67%|██████▋   | 26/39 [00:00<00:00, 31.18it/s, loss=0.2111, rec=0.1584, t=0.9121]
Epoch 41/60:  67%|██████▋   | 26/39 [00:00<00:00, 31.18it/s, loss=0.2114, rec=0.1585, t=0.9120]
Epoch 41/60:  67%|██████▋   | 26/39 [00:00<00:00, 31.18it/s, loss=0.2114, rec=0.1585, t=0.9120]
Epoch 41/60:  77%|███████▋  | 30/39 [00:00<00:00, 31.70it/s, loss=0.2114, rec=0.1585, t=0.9120]
Epoch 41/60:  77%|███████▋  | 30/39 [00:01<00:00, 31.70it/s, loss=0.2114, rec=0.1584, t=0.9119]
Epoch 41/60:  77%|███████▋  | 30/39 [00:01<00:00, 31.70it/s, loss=0.2109, rec=0.1585, t=0.9119]
Epoch 41/60:  77%|███████▋  | 30/39 [00:01<00:00, 31.70it/s, loss=0.2109, rec=0.1584, t=0.9118]
Epoch 41/60:  77%|███████▋  | 30/39 [00:01<00:00, 31.70it/s, loss=0.2110, rec=0.1584, t=0.9117]
Epoch 41/60:  87%|████████▋ | 34/39 [00:01<00:00, 31.83it/s, loss=0.2110, rec=0.1584, t=0.9117]
Epoch 41/60:  87%|████████▋ | 34/39 [00:01<00:00, 31.83it/s, loss=0.2108, rec=0.1584, t=0.9117]
Epoch 41/60:  87%|████████▋ | 34/39 [00:01<00:00, 31.83it/s, loss=0.2108, rec=0.1583, t=0.9116]
Epoch 41/60:  87%|████████▋ | 34/39 [00:01<00:00, 31.83it/s, loss=0.2108, rec=0.1582, t=0.9116]
Epoch 41/60:  87%|████████▋ | 34/39 [00:01<00:00, 31.83it/s, loss=0.2109, rec=0.1583, t=0.9115]
Epoch 41/60:  97%|█████████▋| 38/39 [00:01<00:00, 33.39it/s, loss=0.2109, rec=0.1583, t=0.9115]
Epoch 41/60:  97%|█████████▋| 38/39 [00:01<00:00, 33.39it/s, loss=0.2109, rec=0.1583, t=0.9115]
                                                                                               
[Epoch   41/60] loss=0.210855 | rec=0.158305 | cb=0.104737 | com=0.104737 | uniq=0.317840 | rqvae=0.036658 | t=0.911481 | global_step=1599

Epoch 42/60:   0%|          | 0/39 [00:00<?, ?it/s, loss=0.2109, rec=0.1582, t=0.9114]
Epoch 42/60:   0%|          | 0/39 [00:00<?, ?it/s, loss=0.2119, rec=0.1583, t=0.9114]
Epoch 42/60:   0%|          | 0/39 [00:00<?, ?it/s, loss=0.2112, rec=0.1576, t=0.9113]
Epoch 42/60:   8%|▊         | 3/39 [00:00<00:01, 26.80it/s, loss=0.2112, rec=0.1576, t=0.9113]
Epoch 42/60:   8%|▊         | 3/39 [00:00<00:01, 26.80it/s, loss=0.2097, rec=0.1579, t=0.9113]
Epoch 42/60:   8%|▊         | 3/39 [00:00<00:01, 26.80it/s, loss=0.2103, rec=0.1582, t=0.9112]
Epoch 42/60:   8%|▊         | 3/39 [00:00<00:01, 26.80it/s, loss=0.2107, rec=0.1582, t=0.9112]
Epoch 42/60:   8%|▊         | 3/39 [00:00<00:01, 26.80it/s, loss=0.2101, rec=0.1578, t=0.9111]
Epoch 42/60:  18%|█▊        | 7/39 [00:00<00:01, 29.92it/s, loss=0.2101, rec=0.1578, t=0.9111]
Epoch 42/60:  18%|█▊        | 7/39 [00:00<00:01, 29.92it/s, loss=0.2103, rec=0.1579, t=0.9111]
Epoch 42/60:  18%|█▊        | 7/39 [00:00<00:01, 29.92it/s, loss=0.2105, rec=0.1579, t=0.9110]
Epoch 42/60:  18%|█▊        | 7/39 [00:00<00:01, 29.92it/s, loss=0.2106, rec=0.1579, t=0.9110]
Epoch 42/60:  18%|█▊        | 7/39 [00:00<00:01, 29.92it/s, loss=0.2107, rec=0.1579, t=0.9109]
Epoch 42/60:  28%|██▊       | 11/39 [00:00<00:00, 30.65it/s, loss=0.2107, rec=0.1579, t=0.9109]
Epoch 42/60:  28%|██▊       | 11/39 [00:00<00:00, 30.65it/s, loss=0.2106, rec=0.1576, t=0.9108]
Epoch 42/60:  28%|██▊       | 11/39 [00:00<00:00, 30.65it/s, loss=0.2110, rec=0.1576, t=0.9108]
Epoch 42/60:  28%|██▊       | 11/39 [00:00<00:00, 30.65it/s, loss=0.2115, rec=0.1578, t=0.9107]
Epoch 42/60:  28%|██▊       | 11/39 [00:00<00:00, 30.65it/s, loss=0.2119, rec=0.1577, t=0.9107]
Epoch 42/60:  38%|███▊      | 15/39 [00:00<00:00, 25.35it/s, loss=0.2119, rec=0.1577, t=0.9107]
Epoch 42/60:  38%|███▊      | 15/39 [00:00<00:00, 25.35it/s, loss=0.2121, rec=0.1577, t=0.9106]
Epoch 42/60:  38%|███▊      | 15/39 [00:00<00:00, 25.35it/s, loss=0.2120, rec=0.1578, t=0.9106]
Epoch 42/60:  38%|███▊      | 15/39 [00:00<00:00, 25.35it/s, loss=0.2112, rec=0.1579, t=0.9105]
Epoch 42/60:  46%|████▌     | 18/39 [00:00<00:00, 26.03it/s, loss=0.2112, rec=0.1579, t=0.9105]
Epoch 42/60:  46%|████▌     | 18/39 [00:00<00:00, 26.03it/s, loss=0.2114, rec=0.1579, t=0.9105]
Epoch 42/60:  46%|████▌     | 18/39 [00:00<00:00, 26.03it/s, loss=0.2108, rec=0.1579, t=0.9104]
Epoch 42/60:  46%|████▌     | 18/39 [00:00<00:00, 26.03it/s, loss=0.2106, rec=0.1578, t=0.9104]
Epoch 42/60:  54%|█████▍    | 21/39 [00:00<00:00, 27.10it/s, loss=0.2106, rec=0.1578, t=0.9104]
Epoch 42/60:  54%|█████▍    | 21/39 [00:00<00:00, 27.10it/s, loss=0.2109, rec=0.1580, t=0.9103]
Epoch 42/60:  54%|█████▍    | 21/39 [00:00<00:00, 27.10it/s, loss=0.2107, rec=0.1578, t=0.9103]
Epoch 42/60:  54%|█████▍    | 21/39 [00:00<00:00, 27.10it/s, loss=0.2102, rec=0.1578, t=0.9102]
Epoch 42/60:  54%|█████▍    | 21/39 [00:00<00:00, 27.10it/s, loss=0.2101, rec=0.1578, t=0.9102]
Epoch 42/60:  64%|██████▍   | 25/39 [00:00<00:00, 28.28it/s, loss=0.2101, rec=0.1578, t=0.9102]
Epoch 42/60:  64%|██████▍   | 25/39 [00:00<00:00, 28.28it/s, loss=0.2102, rec=0.1578, t=0.9101]
Epoch 42/60:  64%|██████▍   | 25/39 [00:00<00:00, 28.28it/s, loss=0.2102, rec=0.1579, t=0.9101]
Epoch 42/60:  64%|██████▍   | 25/39 [00:00<00:00, 28.28it/s, loss=0.2104, rec=0.1579, t=0.9100]
Epoch 42/60:  64%|██████▍   | 25/39 [00:01<00:00, 28.28it/s, loss=0.2103, rec=0.1578, t=0.9099]
Epoch 42/60:  74%|███████▍  | 29/39 [00:01<00:00, 29.37it/s, loss=0.2103, rec=0.1578, t=0.9099]
Epoch 42/60:  74%|███████▍  | 29/39 [00:01<00:00, 29.37it/s, loss=0.2106, rec=0.1580, t=0.9099]
Epoch 42/60:  74%|███████▍  | 29/39 [00:01<00:00, 29.37it/s, loss=0.2107, rec=0.1581, t=0.9098]
Epoch 42/60:  74%|███████▍  | 29/39 [00:01<00:00, 29.37it/s, loss=0.2108, rec=0.1581, t=0.9098]
Epoch 42/60:  74%|███████▍  | 29/39 [00:01<00:00, 29.37it/s, loss=0.2108, rec=0.1582, t=0.9097]
Epoch 42/60:  85%|████████▍ | 33/39 [00:01<00:00, 29.98it/s, loss=0.2108, rec=0.1582, t=0.9097]
Epoch 42/60:  85%|████████▍ | 33/39 [00:01<00:00, 29.98it/s, loss=0.2109, rec=0.1582, t=0.9097]
Epoch 42/60:  85%|████████▍ | 33/39 [00:01<00:00, 29.98it/s, loss=0.2106, rec=0.1582, t=0.9096]
Epoch 42/60:  85%|████████▍ | 33/39 [00:01<00:00, 29.98it/s, loss=0.2108, rec=0.1583, t=0.9096]
Epoch 42/60:  85%|████████▍ | 33/39 [00:01<00:00, 29.98it/s, loss=0.2111, rec=0.1583, t=0.9095]
Epoch 42/60:  95%|█████████▍| 37/39 [00:01<00:00, 29.83it/s, loss=0.2111, rec=0.1583, t=0.9095]
Epoch 42/60:  95%|█████████▍| 37/39 [00:01<00:00, 29.83it/s, loss=0.2113, rec=0.1583, t=0.9095]
Epoch 42/60:  95%|█████████▍| 37/39 [00:01<00:00, 29.83it/s, loss=0.2113, rec=0.1583, t=0.9094]
                                                                                               
[Epoch   42/60] loss=0.211251 | rec=0.158318 | cb=0.110957 | com=0.110957 | uniq=0.281957 | rqvae=0.038835 | t=0.909422 | global_step=1638

Epoch 43/60:   0%|          | 0/39 [00:00<?, ?it/s, loss=0.2241, rec=0.1611, t=0.9094]
Epoch 43/60:   0%|          | 0/39 [00:00<?, ?it/s, loss=0.2198, rec=0.1592, t=0.9093]
Epoch 43/60:   0%|          | 0/39 [00:00<?, ?it/s, loss=0.2191, rec=0.1587, t=0.9093]
Epoch 43/60:   8%|▊         | 3/39 [00:00<00:01, 26.92it/s, loss=0.2191, rec=0.1587, t=0.9093]
Epoch 43/60:   8%|▊         | 3/39 [00:00<00:01, 26.92it/s, loss=0.2175, rec=0.1585, t=0.9092]
Epoch 43/60:   8%|▊         | 3/39 [00:00<00:01, 26.92it/s, loss=0.2166, rec=0.1587, t=0.9092]
Epoch 43/60:   8%|▊         | 3/39 [00:00<00:01, 26.92it/s, loss=0.2154, rec=0.1586, t=0.9091]
Epoch 43/60:   8%|▊         | 3/39 [00:00<00:01, 26.92it/s, loss=0.2146, rec=0.1585, t=0.9091]
Epoch 43/60:  18%|█▊        | 7/39 [00:00<00:01, 30.03it/s, loss=0.2146, rec=0.1585, t=0.9091]
Epoch 43/60:  18%|█▊        | 7/39 [00:00<00:01, 30.03it/s, loss=0.2151, rec=0.1586, t=0.9090]
Epoch 43/60:  18%|█▊        | 7/39 [00:00<00:01, 30.03it/s, loss=0.2144, rec=0.1585, t=0.9089]
Epoch 43/60:  18%|█▊        | 7/39 [00:00<00:01, 30.03it/s, loss=0.2145, rec=0.1586, t=0.9089]
Epoch 43/60:  18%|█▊        | 7/39 [00:00<00:01, 30.03it/s, loss=0.2141, rec=0.1585, t=0.9088]
Epoch 43/60:  28%|██▊       | 11/39 [00:00<00:00, 30.44it/s, loss=0.2141, rec=0.1585, t=0.9088]
Epoch 43/60:  28%|██▊       | 11/39 [00:00<00:00, 30.44it/s, loss=0.2140, rec=0.1586, t=0.9088]
Epoch 43/60:  28%|██▊       | 11/39 [00:00<00:00, 30.44it/s, loss=0.2138, rec=0.1583, t=0.9087]
Epoch 43/60:  28%|██▊       | 11/39 [00:00<00:00, 30.44it/s, loss=0.2134, rec=0.1582, t=0.9087]
Epoch 43/60:  28%|██▊       | 11/39 [00:00<00:00, 30.44it/s, loss=0.2132, rec=0.1582, t=0.9086]
Epoch 43/60:  38%|███▊      | 15/39 [00:00<00:00, 30.41it/s, loss=0.2132, rec=0.1582, t=0.9086]
Epoch 43/60:  38%|███▊      | 15/39 [00:00<00:00, 30.41it/s, loss=0.2133, rec=0.1582, t=0.9086]
Epoch 43/60:  38%|███▊      | 15/39 [00:00<00:00, 30.41it/s, loss=0.2131, rec=0.1582, t=0.9085]
Epoch 43/60:  38%|███▊      | 15/39 [00:00<00:00, 30.41it/s, loss=0.2130, rec=0.1582, t=0.9085]
Epoch 43/60:  38%|███▊      | 15/39 [00:00<00:00, 30.41it/s, loss=0.2131, rec=0.1582, t=0.9084]
Epoch 43/60:  49%|████▊     | 19/39 [00:00<00:00, 30.95it/s, loss=0.2131, rec=0.1582, t=0.9084]
Epoch 43/60:  49%|████▊     | 19/39 [00:00<00:00, 30.95it/s, loss=0.2134, rec=0.1583, t=0.9084]
Epoch 43/60:  49%|████▊     | 19/39 [00:00<00:00, 30.95it/s, loss=0.2135, rec=0.1583, t=0.9083]
Epoch 43/60:  49%|████▊     | 19/39 [00:00<00:00, 30.95it/s, loss=0.2137, rec=0.1583, t=0.9083]
Epoch 43/60:  49%|████▊     | 19/39 [00:00<00:00, 30.95it/s, loss=0.2140, rec=0.1584, t=0.9082]
Epoch 43/60:  59%|█████▉    | 23/39 [00:00<00:00, 30.99it/s, loss=0.2140, rec=0.1584, t=0.9082]
Epoch 43/60:  59%|█████▉    | 23/39 [00:00<00:00, 30.99it/s, loss=0.2141, rec=0.1584, t=0.9082]
Epoch 43/60:  59%|█████▉    | 23/39 [00:00<00:00, 30.99it/s, loss=0.2140, rec=0.1584, t=0.9081]
Epoch 43/60:  59%|█████▉    | 23/39 [00:00<00:00, 30.99it/s, loss=0.2141, rec=0.1584, t=0.9081]
Epoch 43/60:  59%|█████▉    | 23/39 [00:00<00:00, 30.99it/s, loss=0.2138, rec=0.1584, t=0.9080]
Epoch 43/60:  69%|██████▉   | 27/39 [00:00<00:00, 31.05it/s, loss=0.2138, rec=0.1584, t=0.9080]
Epoch 43/60:  69%|██████▉   | 27/39 [00:00<00:00, 31.05it/s, loss=0.2137, rec=0.1584, t=0.9079]
Epoch 43/60:  69%|██████▉   | 27/39 [00:00<00:00, 31.05it/s, loss=0.2135, rec=0.1584, t=0.9079]
Epoch 43/60:  69%|██████▉   | 27/39 [00:00<00:00, 31.05it/s, loss=0.2137, rec=0.1585, t=0.9078]
Epoch 43/60:  69%|██████▉   | 27/39 [00:01<00:00, 31.05it/s, loss=0.2135, rec=0.1585, t=0.9078]
Epoch 43/60:  79%|███████▉  | 31/39 [00:01<00:00, 30.91it/s, loss=0.2135, rec=0.1585, t=0.9078]
Epoch 43/60:  79%|███████▉  | 31/39 [00:01<00:00, 30.91it/s, loss=0.2134, rec=0.1585, t=0.9077]
Epoch 43/60:  79%|███████▉  | 31/39 [00:01<00:00, 30.91it/s, loss=0.2135, rec=0.1585, t=0.9077]
Epoch 43/60:  79%|███████▉  | 31/39 [00:01<00:00, 30.91it/s, loss=0.2136, rec=0.1585, t=0.9076]
Epoch 43/60:  79%|███████▉  | 31/39 [00:01<00:00, 30.91it/s, loss=0.2136, rec=0.1584, t=0.9076]
Epoch 43/60:  90%|████████▉ | 35/39 [00:01<00:00, 30.61it/s, loss=0.2136, rec=0.1584, t=0.9076]
Epoch 43/60:  90%|████████▉ | 35/39 [00:01<00:00, 30.61it/s, loss=0.2136, rec=0.1584, t=0.9075]
Epoch 43/60:  90%|████████▉ | 35/39 [00:01<00:00, 30.61it/s, loss=0.2138, rec=0.1584, t=0.9075]
Epoch 43/60:  90%|████████▉ | 35/39 [00:01<00:00, 30.61it/s, loss=0.2139, rec=0.1584, t=0.9074]
Epoch 43/60:  90%|████████▉ | 35/39 [00:01<00:00, 30.61it/s, loss=0.2139, rec=0.1584, t=0.9074]
                                                                                               
[Epoch   43/60] loss=0.213886 | rec=0.158373 | cb=0.111763 | com=0.111763 | uniq=0.327913 | rqvae=0.039117 | t=0.907367 | global_step=1677

Epoch 44/60:   0%|          | 0/39 [00:00<?, ?it/s, loss=0.2102, rec=0.1562, t=0.9073]
Epoch 44/60:   0%|          | 0/39 [00:00<?, ?it/s, loss=0.2097, rec=0.1565, t=0.9073]
Epoch 44/60:   0%|          | 0/39 [00:00<?, ?it/s, loss=0.2103, rec=0.1565, t=0.9072]
Epoch 44/60:   8%|▊         | 3/39 [00:00<00:01, 25.92it/s, loss=0.2103, rec=0.1565, t=0.9072]
Epoch 44/60:   8%|▊         | 3/39 [00:00<00:01, 25.92it/s, loss=0.2107, rec=0.1568, t=0.9072]
Epoch 44/60:   8%|▊         | 3/39 [00:00<00:01, 25.92it/s, loss=0.2114, rec=0.1570, t=0.9071]
Epoch 44/60:   8%|▊         | 3/39 [00:00<00:01, 25.92it/s, loss=0.2116, rec=0.1571, t=0.9071]
Epoch 44/60:   8%|▊         | 3/39 [00:00<00:01, 25.92it/s, loss=0.2120, rec=0.1572, t=0.9070]
Epoch 44/60:  18%|█▊        | 7/39 [00:00<00:01, 29.05it/s, loss=0.2120, rec=0.1572, t=0.9070]
Epoch 44/60:  18%|█▊        | 7/39 [00:00<00:01, 29.05it/s, loss=0.2127, rec=0.1572, t=0.9069]
Epoch 44/60:  18%|█▊        | 7/39 [00:00<00:01, 29.05it/s, loss=0.2134, rec=0.1572, t=0.9069]
Epoch 44/60:  18%|█▊        | 7/39 [00:00<00:01, 29.05it/s, loss=0.2143, rec=0.1577, t=0.9068]
Epoch 44/60:  18%|█▊        | 7/39 [00:00<00:01, 29.05it/s, loss=0.2147, rec=0.1576, t=0.9068]
Epoch 44/60:  28%|██▊       | 11/39 [00:00<00:00, 29.70it/s, loss=0.2147, rec=0.1576, t=0.9068]
Epoch 44/60:  28%|██▊       | 11/39 [00:00<00:00, 29.70it/s, loss=0.2150, rec=0.1577, t=0.9067]
Epoch 44/60:  28%|██▊       | 11/39 [00:00<00:00, 29.70it/s, loss=0.2150, rec=0.1576, t=0.9067]
Epoch 44/60:  28%|██▊       | 11/39 [00:00<00:00, 29.70it/s, loss=0.2152, rec=0.1577, t=0.9066]
Epoch 44/60:  28%|██▊       | 11/39 [00:00<00:00, 29.70it/s, loss=0.2151, rec=0.1578, t=0.9066]
Epoch 44/60:  38%|███▊      | 15/39 [00:00<00:00, 29.86it/s, loss=0.2151, rec=0.1578, t=0.9066]
Epoch 44/60:  38%|███▊      | 15/39 [00:00<00:00, 29.86it/s, loss=0.2150, rec=0.1578, t=0.9065]
Epoch 44/60:  38%|███▊      | 15/39 [00:00<00:00, 29.86it/s, loss=0.2150, rec=0.1577, t=0.9065]
Epoch 44/60:  38%|███▊      | 15/39 [00:00<00:00, 29.86it/s, loss=0.2152, rec=0.1576, t=0.9064]
Epoch 44/60:  46%|████▌     | 18/39 [00:00<00:00, 29.89it/s, loss=0.2152, rec=0.1576, t=0.9064]
Epoch 44/60:  46%|████▌     | 18/39 [00:00<00:00, 29.89it/s, loss=0.2151, rec=0.1577, t=0.9064]
Epoch 44/60:  46%|████▌     | 18/39 [00:00<00:00, 29.89it/s, loss=0.2152, rec=0.1578, t=0.9063]
Epoch 44/60:  46%|████▌     | 18/39 [00:00<00:00, 29.89it/s, loss=0.2152, rec=0.1578, t=0.9063]
Epoch 44/60:  54%|█████▍    | 21/39 [00:00<00:00, 29.81it/s, loss=0.2152, rec=0.1578, t=0.9063]
Epoch 44/60:  54%|█████▍    | 21/39 [00:00<00:00, 29.81it/s, loss=0.2147, rec=0.1579, t=0.9062]
Epoch 44/60:  54%|█████▍    | 21/39 [00:00<00:00, 29.81it/s, loss=0.2147, rec=0.1580, t=0.9062]
Epoch 44/60:  54%|█████▍    | 21/39 [00:00<00:00, 29.81it/s, loss=0.2146, rec=0.1579, t=0.9061]
Epoch 44/60:  54%|█████▍    | 21/39 [00:00<00:00, 29.81it/s, loss=0.2145, rec=0.1579, t=0.9061]
Epoch 44/60:  64%|██████▍   | 25/39 [00:00<00:00, 30.07it/s, loss=0.2145, rec=0.1579, t=0.9061]
Epoch 44/60:  64%|██████▍   | 25/39 [00:00<00:00, 30.07it/s, loss=0.2139, rec=0.1580, t=0.9060]
Epoch 44/60:  64%|██████▍   | 25/39 [00:00<00:00, 30.07it/s, loss=0.2137, rec=0.1580, t=0.9059]
Epoch 44/60:  64%|██████▍   | 25/39 [00:00<00:00, 30.07it/s, loss=0.2140, rec=0.1580, t=0.9059]
Epoch 44/60:  64%|██████▍   | 25/39 [00:00<00:00, 30.07it/s, loss=0.2142, rec=0.1581, t=0.9058]
Epoch 44/60:  74%|███████▍  | 29/39 [00:00<00:00, 30.33it/s, loss=0.2142, rec=0.1581, t=0.9058]
Epoch 44/60:  74%|███████▍  | 29/39 [00:01<00:00, 30.33it/s, loss=0.2144, rec=0.1581, t=0.9058]
Epoch 44/60:  74%|███████▍  | 29/39 [00:01<00:00, 30.33it/s, loss=0.2146, rec=0.1581, t=0.9057]
Epoch 44/60:  74%|███████▍  | 29/39 [00:01<00:00, 30.33it/s, loss=0.2149, rec=0.1582, t=0.9057]
Epoch 44/60:  74%|███████▍  | 29/39 [00:01<00:00, 30.33it/s, loss=0.2149, rec=0.1581, t=0.9056]
Epoch 44/60:  85%|████████▍ | 33/39 [00:01<00:00, 30.13it/s, loss=0.2149, rec=0.1581, t=0.9056]
Epoch 44/60:  85%|████████▍ | 33/39 [00:01<00:00, 30.13it/s, loss=0.2151, rec=0.1582, t=0.9056]
Epoch 44/60:  85%|████████▍ | 33/39 [00:01<00:00, 30.13it/s, loss=0.2153, rec=0.1582, t=0.9055]
Epoch 44/60:  85%|████████▍ | 33/39 [00:01<00:00, 30.13it/s, loss=0.2154, rec=0.1582, t=0.9055]
Epoch 44/60:  85%|████████▍ | 33/39 [00:01<00:00, 30.13it/s, loss=0.2156, rec=0.1583, t=0.9054]
Epoch 44/60:  95%|█████████▍| 37/39 [00:01<00:00, 27.64it/s, loss=0.2156, rec=0.1583, t=0.9054]
Epoch 44/60:  95%|█████████▍| 37/39 [00:01<00:00, 27.64it/s, loss=0.2156, rec=0.1583, t=0.9054]
Epoch 44/60:  95%|█████████▍| 37/39 [00:01<00:00, 27.64it/s, loss=0.2156, rec=0.1583, t=0.9053]
                                                                                               
[Epoch   44/60] loss=0.215558 | rec=0.158316 | cb=0.118675 | com=0.118675 | uniq=0.314115 | rqvae=0.041536 | t=0.905317 | global_step=1716

Epoch 45/60:   0%|          | 0/39 [00:00<?, ?it/s, loss=0.2140, rec=0.1571, t=0.9053]
Epoch 45/60:   0%|          | 0/39 [00:00<?, ?it/s, loss=0.2131, rec=0.1574, t=0.9052]
Epoch 45/60:   0%|          | 0/39 [00:00<?, ?it/s, loss=0.2138, rec=0.1572, t=0.9052]
Epoch 45/60:   8%|▊         | 3/39 [00:00<00:01, 22.92it/s, loss=0.2138, rec=0.1572, t=0.9052]
Epoch 45/60:   8%|▊         | 3/39 [00:00<00:01, 22.92it/s, loss=0.2136, rec=0.1572, t=0.9051]
Epoch 45/60:   8%|▊         | 3/39 [00:00<00:01, 22.92it/s, loss=0.2147, rec=0.1575, t=0.9051]
Epoch 45/60:   8%|▊         | 3/39 [00:00<00:01, 22.92it/s, loss=0.2146, rec=0.1576, t=0.9050]
Epoch 45/60:  15%|█▌        | 6/39 [00:00<00:01, 25.44it/s, loss=0.2146, rec=0.1576, t=0.9050]
Epoch 45/60:  15%|█▌        | 6/39 [00:00<00:01, 25.44it/s, loss=0.2122, rec=0.1576, t=0.9049]
Epoch 45/60:  15%|█▌        | 6/39 [00:00<00:01, 25.44it/s, loss=0.2124, rec=0.1578, t=0.9049]
Epoch 45/60:  15%|█▌        | 6/39 [00:00<00:01, 25.44it/s, loss=0.2126, rec=0.1579, t=0.9048]
Epoch 45/60:  23%|██▎       | 9/39 [00:00<00:01, 25.70it/s, loss=0.2126, rec=0.1579, t=0.9048]
Epoch 45/60:  23%|██▎       | 9/39 [00:00<00:01, 25.70it/s, loss=0.2123, rec=0.1578, t=0.9048]
Epoch 45/60:  23%|██▎       | 9/39 [00:00<00:01, 25.70it/s, loss=0.2126, rec=0.1579, t=0.9047]
Epoch 45/60:  23%|██▎       | 9/39 [00:00<00:01, 25.70it/s, loss=0.2126, rec=0.1579, t=0.9047]
Epoch 45/60:  31%|███       | 12/39 [00:00<00:01, 26.57it/s, loss=0.2126, rec=0.1579, t=0.9047]
Epoch 45/60:  31%|███       | 12/39 [00:00<00:01, 26.57it/s, loss=0.2116, rec=0.1579, t=0.9046]
Epoch 45/60:  31%|███       | 12/39 [00:00<00:01, 26.57it/s, loss=0.2121, rec=0.1578, t=0.9046]
Epoch 45/60:  31%|███       | 12/39 [00:00<00:01, 26.57it/s, loss=0.2122, rec=0.1578, t=0.9045]
Epoch 45/60:  31%|███       | 12/39 [00:00<00:01, 26.57it/s, loss=0.2125, rec=0.1578, t=0.9045]
Epoch 45/60:  41%|████      | 16/39 [00:00<00:00, 28.05it/s, loss=0.2125, rec=0.1578, t=0.9045]
Epoch 45/60:  41%|████      | 16/39 [00:00<00:00, 28.05it/s, loss=0.2126, rec=0.1577, t=0.9044]
Epoch 45/60:  41%|████      | 16/39 [00:00<00:00, 28.05it/s, loss=0.2128, rec=0.1577, t=0.9044]
Epoch 45/60:  41%|████      | 16/39 [00:00<00:00, 28.05it/s, loss=0.2131, rec=0.1578, t=0.9043]
Epoch 45/60:  49%|████▊     | 19/39 [00:00<00:00, 28.42it/s, loss=0.2131, rec=0.1578, t=0.9043]
Epoch 45/60:  49%|████▊     | 19/39 [00:00<00:00, 28.42it/s, loss=0.2134, rec=0.1578, t=0.9043]
Epoch 45/60:  49%|████▊     | 19/39 [00:00<00:00, 28.42it/s, loss=0.2134, rec=0.1579, t=0.9042]
Epoch 45/60:  49%|████▊     | 19/39 [00:00<00:00, 28.42it/s, loss=0.2135, rec=0.1579, t=0.9042]
Epoch 45/60:  49%|████▊     | 19/39 [00:00<00:00, 28.42it/s, loss=0.2132, rec=0.1579, t=0.9041]
Epoch 45/60:  59%|█████▉    | 23/39 [00:00<00:00, 29.05it/s, loss=0.2132, rec=0.1579, t=0.9041]
Epoch 45/60:  59%|█████▉    | 23/39 [00:00<00:00, 29.05it/s, loss=0.2132, rec=0.1578, t=0.9041]
Epoch 45/60:  59%|█████▉    | 23/39 [00:00<00:00, 29.05it/s, loss=0.2133, rec=0.1578, t=0.9040]
Epoch 45/60:  59%|█████▉    | 23/39 [00:00<00:00, 29.05it/s, loss=0.2130, rec=0.1577, t=0.9040]
Epoch 45/60:  59%|█████▉    | 23/39 [00:00<00:00, 29.05it/s, loss=0.2124, rec=0.1577, t=0.9039]
Epoch 45/60:  69%|██████▉   | 27/39 [00:00<00:00, 29.58it/s, loss=0.2124, rec=0.1577, t=0.9039]
Epoch 45/60:  69%|██████▉   | 27/39 [00:00<00:00, 29.58it/s, loss=0.2125, rec=0.1577, t=0.9038]
Epoch 45/60:  69%|██████▉   | 27/39 [00:01<00:00, 29.58it/s, loss=0.2125, rec=0.1576, t=0.9038]
Epoch 45/60:  69%|██████▉   | 27/39 [00:01<00:00, 29.58it/s, loss=0.2126, rec=0.1575, t=0.9037]
Epoch 45/60:  77%|███████▋  | 30/39 [00:01<00:00, 29.30it/s, loss=0.2126, rec=0.1575, t=0.9037]
Epoch 45/60:  77%|███████▋  | 30/39 [00:01<00:00, 29.30it/s, loss=0.2125, rec=0.1575, t=0.9037]
Epoch 45/60:  77%|███████▋  | 30/39 [00:01<00:00, 29.30it/s, loss=0.2126, rec=0.1575, t=0.9036]
Epoch 45/60:  77%|███████▋  | 30/39 [00:01<00:00, 29.30it/s, loss=0.2122, rec=0.1575, t=0.9036]
Epoch 45/60:  85%|████████▍ | 33/39 [00:01<00:00, 29.18it/s, loss=0.2122, rec=0.1575, t=0.9036]
Epoch 45/60:  85%|████████▍ | 33/39 [00:01<00:00, 29.18it/s, loss=0.2123, rec=0.1574, t=0.9035]
Epoch 45/60:  85%|████████▍ | 33/39 [00:01<00:00, 29.18it/s, loss=0.2121, rec=0.1574, t=0.9035]
Epoch 45/60:  85%|████████▍ | 33/39 [00:01<00:00, 29.18it/s, loss=0.2121, rec=0.1574, t=0.9034]
Epoch 45/60:  92%|█████████▏| 36/39 [00:01<00:00, 27.44it/s, loss=0.2121, rec=0.1574, t=0.9034]
Epoch 45/60:  92%|█████████▏| 36/39 [00:01<00:00, 27.44it/s, loss=0.2122, rec=0.1574, t=0.9034]
Epoch 45/60:  92%|█████████▏| 36/39 [00:01<00:00, 27.44it/s, loss=0.2124, rec=0.1574, t=0.9033]
Epoch 45/60:  92%|█████████▏| 36/39 [00:01<00:00, 27.44it/s, loss=0.2124, rec=0.1574, t=0.9033]
                                                                                               
[Epoch   45/60] loss=0.212380 | rec=0.157434 | cb=0.117640 | com=0.117640 | uniq=0.275442 | rqvae=0.041174 | t=0.903272 | global_step=1755

Epoch 46/60:   0%|          | 0/39 [00:00<?, ?it/s, loss=0.2063, rec=0.1541, t=0.9032]
Epoch 46/60:   0%|          | 0/39 [00:00<?, ?it/s, loss=0.2160, rec=0.1562, t=0.9032]
Epoch 46/60:   0%|          | 0/39 [00:00<?, ?it/s, loss=0.2167, rec=0.1559, t=0.9031]
Epoch 46/60:   8%|▊         | 3/39 [00:00<00:01, 27.42it/s, loss=0.2167, rec=0.1559, t=0.9031]
Epoch 46/60:   8%|▊         | 3/39 [00:00<00:01, 27.42it/s, loss=0.2166, rec=0.1566, t=0.9031]
Epoch 46/60:   8%|▊         | 3/39 [00:00<00:01, 27.42it/s, loss=0.2151, rec=0.1563, t=0.9030]
Epoch 46/60:   8%|▊         | 3/39 [00:00<00:01, 27.42it/s, loss=0.2161, rec=0.1559, t=0.9030]
Epoch 46/60:   8%|▊         | 3/39 [00:00<00:01, 27.42it/s, loss=0.2154, rec=0.1561, t=0.9029]
Epoch 46/60:  18%|█▊        | 7/39 [00:00<00:01, 30.81it/s, loss=0.2154, rec=0.1561, t=0.9029]
Epoch 46/60:  18%|█▊        | 7/39 [00:00<00:01, 30.81it/s, loss=0.2159, rec=0.1562, t=0.9029]
Epoch 46/60:  18%|█▊        | 7/39 [00:00<00:01, 30.81it/s, loss=0.2160, rec=0.1564, t=0.9028]
Epoch 46/60:  18%|█▊        | 7/39 [00:00<00:01, 30.81it/s, loss=0.2158, rec=0.1563, t=0.9027]
Epoch 46/60:  18%|█▊        | 7/39 [00:00<00:01, 30.81it/s, loss=0.2154, rec=0.1559, t=0.9027]
Epoch 46/60:  28%|██▊       | 11/39 [00:00<00:00, 31.03it/s, loss=0.2154, rec=0.1559, t=0.9027]
Epoch 46/60:  28%|██▊       | 11/39 [00:00<00:00, 31.03it/s, loss=0.2153, rec=0.1560, t=0.9026]
Epoch 46/60:  28%|██▊       | 11/39 [00:00<00:00, 31.03it/s, loss=0.2153, rec=0.1560, t=0.9026]
Epoch 46/60:  28%|██▊       | 11/39 [00:00<00:00, 31.03it/s, loss=0.2149, rec=0.1558, t=0.9025]
Epoch 46/60:  28%|██▊       | 11/39 [00:00<00:00, 31.03it/s, loss=0.2143, rec=0.1557, t=0.9025]
Epoch 46/60:  38%|███▊      | 15/39 [00:00<00:00, 27.03it/s, loss=0.2143, rec=0.1557, t=0.9025]
Epoch 46/60:  38%|███▊      | 15/39 [00:00<00:00, 27.03it/s, loss=0.2136, rec=0.1558, t=0.9024]
Epoch 46/60:  38%|███▊      | 15/39 [00:00<00:00, 27.03it/s, loss=0.2138, rec=0.1558, t=0.9024]
Epoch 46/60:  38%|███▊      | 15/39 [00:00<00:00, 27.03it/s, loss=0.2137, rec=0.1558, t=0.9023]
Epoch 46/60:  46%|████▌     | 18/39 [00:00<00:00, 27.62it/s, loss=0.2137, rec=0.1558, t=0.9023]
Epoch 46/60:  46%|████▌     | 18/39 [00:00<00:00, 27.62it/s, loss=0.2138, rec=0.1559, t=0.9023]
Epoch 46/60:  46%|████▌     | 18/39 [00:00<00:00, 27.62it/s, loss=0.2139, rec=0.1558, t=0.9022]
Epoch 46/60:  46%|████▌     | 18/39 [00:00<00:00, 27.62it/s, loss=0.2140, rec=0.1559, t=0.9022]
Epoch 46/60:  54%|█████▍    | 21/39 [00:00<00:00, 27.61it/s, loss=0.2140, rec=0.1559, t=0.9022]
Epoch 46/60:  54%|█████▍    | 21/39 [00:00<00:00, 27.61it/s, loss=0.2142, rec=0.1559, t=0.9021]
Epoch 46/60:  54%|█████▍    | 21/39 [00:00<00:00, 27.61it/s, loss=0.2142, rec=0.1559, t=0.9021]
Epoch 46/60:  54%|█████▍    | 21/39 [00:00<00:00, 27.61it/s, loss=0.2142, rec=0.1558, t=0.9020]
Epoch 46/60:  62%|██████▏   | 24/39 [00:00<00:00, 27.81it/s, loss=0.2142, rec=0.1558, t=0.9020]
Epoch 46/60:  62%|██████▏   | 24/39 [00:00<00:00, 27.81it/s, loss=0.2138, rec=0.1559, t=0.9020]
Epoch 46/60:  62%|██████▏   | 24/39 [00:00<00:00, 27.81it/s, loss=0.2142, rec=0.1560, t=0.9019]
Epoch 46/60:  62%|██████▏   | 24/39 [00:00<00:00, 27.81it/s, loss=0.2142, rec=0.1560, t=0.9019]
Epoch 46/60:  69%|██████▉   | 27/39 [00:00<00:00, 27.82it/s, loss=0.2142, rec=0.1560, t=0.9019]
Epoch 46/60:  69%|██████▉   | 27/39 [00:00<00:00, 27.82it/s, loss=0.2142, rec=0.1560, t=0.9018]
Epoch 46/60:  69%|██████▉   | 27/39 [00:01<00:00, 27.82it/s, loss=0.2144, rec=0.1561, t=0.9018]
Epoch 46/60:  69%|██████▉   | 27/39 [00:01<00:00, 27.82it/s, loss=0.2141, rec=0.1561, t=0.9017]
Epoch 46/60:  69%|██████▉   | 27/39 [00:01<00:00, 27.82it/s, loss=0.2141, rec=0.1561, t=0.9016]
Epoch 46/60:  79%|███████▉  | 31/39 [00:01<00:00, 28.58it/s, loss=0.2141, rec=0.1561, t=0.9016]
Epoch 46/60:  79%|███████▉  | 31/39 [00:01<00:00, 28.58it/s, loss=0.2143, rec=0.1561, t=0.9016]
Epoch 46/60:  79%|███████▉  | 31/39 [00:01<00:00, 28.58it/s, loss=0.2146, rec=0.1561, t=0.9015]
Epoch 46/60:  79%|███████▉  | 31/39 [00:01<00:00, 28.58it/s, loss=0.2148, rec=0.1562, t=0.9015]
Epoch 46/60:  79%|███████▉  | 31/39 [00:01<00:00, 28.58it/s, loss=0.2150, rec=0.1563, t=0.9014]
Epoch 46/60:  90%|████████▉ | 35/39 [00:01<00:00, 29.18it/s, loss=0.2150, rec=0.1563, t=0.9014]
Epoch 46/60:  90%|████████▉ | 35/39 [00:01<00:00, 29.18it/s, loss=0.2150, rec=0.1563, t=0.9014]
Epoch 46/60:  90%|████████▉ | 35/39 [00:01<00:00, 29.18it/s, loss=0.2152, rec=0.1563, t=0.9013]
Epoch 46/60:  90%|████████▉ | 35/39 [00:01<00:00, 29.18it/s, loss=0.2153, rec=0.1562, t=0.9013]
Epoch 46/60:  90%|████████▉ | 35/39 [00:01<00:00, 29.18it/s, loss=0.2153, rec=0.1562, t=0.9012]
                                                                                               
[Epoch   46/60] loss=0.215273 | rec=0.156211 | cb=0.125356 | com=0.125356 | uniq=0.303766 | rqvae=0.043874 | t=0.901231 | global_step=1794

Epoch 47/60:   0%|          | 0/39 [00:00<?, ?it/s, loss=0.2188, rec=0.1568, t=0.9012]
Epoch 47/60:   0%|          | 0/39 [00:00<?, ?it/s, loss=0.2179, rec=0.1564, t=0.9011]
Epoch 47/60:   0%|          | 0/39 [00:00<?, ?it/s, loss=0.2194, rec=0.1565, t=0.9011]
Epoch 47/60:   8%|▊         | 3/39 [00:00<00:01, 25.38it/s, loss=0.2194, rec=0.1565, t=0.9011]
Epoch 47/60:   8%|▊         | 3/39 [00:00<00:01, 25.38it/s, loss=0.2184, rec=0.1561, t=0.9010]
Epoch 47/60:   8%|▊         | 3/39 [00:00<00:01, 25.38it/s, loss=0.2175, rec=0.1566, t=0.9010]
Epoch 47/60:   8%|▊         | 3/39 [00:00<00:01, 25.38it/s, loss=0.2183, rec=0.1568, t=0.9009]
Epoch 47/60:  15%|█▌        | 6/39 [00:00<00:01, 27.69it/s, loss=0.2183, rec=0.1568, t=0.9009]
Epoch 47/60:  15%|█▌        | 6/39 [00:00<00:01, 27.69it/s, loss=0.2181, rec=0.1566, t=0.9009]
Epoch 47/60:  15%|█▌        | 6/39 [00:00<00:01, 27.69it/s, loss=0.2189, rec=0.1567, t=0.9008]
Epoch 47/60:  15%|█▌        | 6/39 [00:00<00:01, 27.69it/s, loss=0.2187, rec=0.1567, t=0.9008]
Epoch 47/60:  23%|██▎       | 9/39 [00:00<00:01, 28.37it/s, loss=0.2187, rec=0.1567, t=0.9008]
Epoch 47/60:  23%|██▎       | 9/39 [00:00<00:01, 28.37it/s, loss=0.2181, rec=0.1566, t=0.9007]
Epoch 47/60:  23%|██▎       | 9/39 [00:00<00:01, 28.37it/s, loss=0.2173, rec=0.1563, t=0.9007]
Epoch 47/60:  23%|██▎       | 9/39 [00:00<00:01, 28.37it/s, loss=0.2169, rec=0.1564, t=0.9006]
Epoch 47/60:  31%|███       | 12/39 [00:00<00:00, 27.32it/s, loss=0.2169, rec=0.1564, t=0.9006]
Epoch 47/60:  31%|███       | 12/39 [00:00<00:00, 27.32it/s, loss=0.2170, rec=0.1566, t=0.9006]
Epoch 47/60:  31%|███       | 12/39 [00:00<00:00, 27.32it/s, loss=0.2170, rec=0.1566, t=0.9005]
Epoch 47/60:  31%|███       | 12/39 [00:00<00:00, 27.32it/s, loss=0.2159, rec=0.1566, t=0.9004]
Epoch 47/60:  38%|███▊      | 15/39 [00:00<00:00, 27.14it/s, loss=0.2159, rec=0.1566, t=0.9004]
Epoch 47/60:  38%|███▊      | 15/39 [00:00<00:00, 27.14it/s, loss=0.2161, rec=0.1567, t=0.9004]
Epoch 47/60:  38%|███▊      | 15/39 [00:00<00:00, 27.14it/s, loss=0.2158, rec=0.1568, t=0.9003]
Epoch 47/60:  38%|███▊      | 15/39 [00:00<00:00, 27.14it/s, loss=0.2160, rec=0.1567, t=0.9003]
Epoch 47/60:  38%|███▊      | 15/39 [00:00<00:00, 27.14it/s, loss=0.2161, rec=0.1566, t=0.9002]
Epoch 47/60:  49%|████▊     | 19/39 [00:00<00:00, 28.28it/s, loss=0.2161, rec=0.1566, t=0.9002]
Epoch 47/60:  49%|████▊     | 19/39 [00:00<00:00, 28.28it/s, loss=0.2160, rec=0.1566, t=0.9002]
Epoch 47/60:  49%|████▊     | 19/39 [00:00<00:00, 28.28it/s, loss=0.2165, rec=0.1567, t=0.9001]
Epoch 47/60:  49%|████▊     | 19/39 [00:00<00:00, 28.28it/s, loss=0.2166, rec=0.1568, t=0.9001]
Epoch 47/60:  56%|█████▋    | 22/39 [00:00<00:00, 28.33it/s, loss=0.2166, rec=0.1568, t=0.9001]
Epoch 47/60:  56%|█████▋    | 22/39 [00:00<00:00, 28.33it/s, loss=0.2168, rec=0.1568, t=0.9000]
Epoch 47/60:  56%|█████▋    | 22/39 [00:00<00:00, 28.33it/s, loss=0.2170, rec=0.1570, t=0.9000]
Epoch 47/60:  56%|█████▋    | 22/39 [00:00<00:00, 28.33it/s, loss=0.2171, rec=0.1570, t=0.8999]
Epoch 47/60:  64%|██████▍   | 25/39 [00:00<00:00, 28.66it/s, loss=0.2171, rec=0.1570, t=0.8999]
Epoch 47/60:  64%|██████▍   | 25/39 [00:00<00:00, 28.66it/s, loss=0.2171, rec=0.1569, t=0.8999]
Epoch 47/60:  64%|██████▍   | 25/39 [00:00<00:00, 28.66it/s, loss=0.2173, rec=0.1569, t=0.8998]
Epoch 47/60:  64%|██████▍   | 25/39 [00:00<00:00, 28.66it/s, loss=0.2172, rec=0.1570, t=0.8998]
Epoch 47/60:  72%|███████▏  | 28/39 [00:00<00:00, 28.63it/s, loss=0.2172, rec=0.1570, t=0.8998]
Epoch 47/60:  72%|███████▏  | 28/39 [00:01<00:00, 28.63it/s, loss=0.2167, rec=0.1571, t=0.8997]
Epoch 47/60:  72%|███████▏  | 28/39 [00:01<00:00, 28.63it/s, loss=0.2167, rec=0.1571, t=0.8997]
Epoch 47/60:  72%|███████▏  | 28/39 [00:01<00:00, 28.63it/s, loss=0.2166, rec=0.1571, t=0.8996]
Epoch 47/60:  79%|███████▉  | 31/39 [00:01<00:00, 28.65it/s, loss=0.2166, rec=0.1571, t=0.8996]
Epoch 47/60:  79%|███████▉  | 31/39 [00:01<00:00, 28.65it/s, loss=0.2166, rec=0.1571, t=0.8996]
Epoch 47/60:  79%|███████▉  | 31/39 [00:01<00:00, 28.65it/s, loss=0.2166, rec=0.1572, t=0.8995]
Epoch 47/60:  79%|███████▉  | 31/39 [00:01<00:00, 28.65it/s, loss=0.2161, rec=0.1572, t=0.8995]
Epoch 47/60:  87%|████████▋ | 34/39 [00:01<00:00, 28.93it/s, loss=0.2161, rec=0.1572, t=0.8995]
Epoch 47/60:  87%|████████▋ | 34/39 [00:01<00:00, 28.93it/s, loss=0.2160, rec=0.1571, t=0.8994]
Epoch 47/60:  87%|████████▋ | 34/39 [00:01<00:00, 28.93it/s, loss=0.2159, rec=0.1571, t=0.8994]
Epoch 47/60:  87%|████████▋ | 34/39 [00:01<00:00, 28.93it/s, loss=0.2161, rec=0.1572, t=0.8993]
Epoch 47/60:  87%|████████▋ | 34/39 [00:01<00:00, 28.93it/s, loss=0.2160, rec=0.1571, t=0.8992]
Epoch 47/60:  97%|█████████▋| 38/39 [00:01<00:00, 30.58it/s, loss=0.2160, rec=0.1571, t=0.8992]
Epoch 47/60:  97%|█████████▋| 38/39 [00:01<00:00, 30.58it/s, loss=0.2160, rec=0.1571, t=0.8992]
                                                                                               
[Epoch   47/60] loss=0.215989 | rec=0.157131 | cb=0.129150 | com=0.129150 | uniq=0.273113 | rqvae=0.045202 | t=0.899194 | global_step=1833

Epoch 48/60:   0%|          | 0/39 [00:00<?, ?it/s, loss=0.2182, rec=0.1540, t=0.8991]
Epoch 48/60:   0%|          | 0/39 [00:00<?, ?it/s, loss=0.2192, rec=0.1548, t=0.8991]
Epoch 48/60:   0%|          | 0/39 [00:00<?, ?it/s, loss=0.2178, rec=0.1546, t=0.8990]
Epoch 48/60:   8%|▊         | 3/39 [00:00<00:01, 25.32it/s, loss=0.2178, rec=0.1546, t=0.8990]
Epoch 48/60:   8%|▊         | 3/39 [00:00<00:01, 25.32it/s, loss=0.2178, rec=0.1554, t=0.8990]
Epoch 48/60:   8%|▊         | 3/39 [00:00<00:01, 25.32it/s, loss=0.2182, rec=0.1558, t=0.8989]
Epoch 48/60:   8%|▊         | 3/39 [00:00<00:01, 25.32it/s, loss=0.2184, rec=0.1560, t=0.8989]
Epoch 48/60:  15%|█▌        | 6/39 [00:00<00:01, 27.50it/s, loss=0.2184, rec=0.1560, t=0.8989]
Epoch 48/60:  15%|█▌        | 6/39 [00:00<00:01, 27.50it/s, loss=0.2185, rec=0.1559, t=0.8988]
Epoch 48/60:  15%|█▌        | 6/39 [00:00<00:01, 27.50it/s, loss=0.2186, rec=0.1559, t=0.8988]
Epoch 48/60:  15%|█▌        | 6/39 [00:00<00:01, 27.50it/s, loss=0.2188, rec=0.1560, t=0.8987]
Epoch 48/60:  15%|█▌        | 6/39 [00:00<00:01, 27.50it/s, loss=0.2190, rec=0.1561, t=0.8987]
Epoch 48/60:  26%|██▌       | 10/39 [00:00<00:00, 29.04it/s, loss=0.2190, rec=0.1561, t=0.8987]
Epoch 48/60:  26%|██▌       | 10/39 [00:00<00:00, 29.04it/s, loss=0.2192, rec=0.1561, t=0.8986]
Epoch 48/60:  26%|██▌       | 10/39 [00:00<00:00, 29.04it/s, loss=0.2190, rec=0.1560, t=0.8986]
Epoch 48/60:  26%|██▌       | 10/39 [00:00<00:00, 29.04it/s, loss=0.2187, rec=0.1559, t=0.8985]
Epoch 48/60:  26%|██▌       | 10/39 [00:00<00:00, 29.04it/s, loss=0.2186, rec=0.1560, t=0.8985]
Epoch 48/60:  36%|███▌      | 14/39 [00:00<00:00, 29.94it/s, loss=0.2186, rec=0.1560, t=0.8985]
Epoch 48/60:  36%|███▌      | 14/39 [00:00<00:00, 29.94it/s, loss=0.2179, rec=0.1561, t=0.8984]
Epoch 48/60:  36%|███▌      | 14/39 [00:00<00:00, 29.94it/s, loss=0.2173, rec=0.1561, t=0.8984]
Epoch 48/60:  36%|███▌      | 14/39 [00:00<00:00, 29.94it/s, loss=0.2174, rec=0.1562, t=0.8983]
Epoch 48/60:  36%|███▌      | 14/39 [00:00<00:00, 29.94it/s, loss=0.2175, rec=0.1563, t=0.8983]
Epoch 48/60:  46%|████▌     | 18/39 [00:00<00:00, 30.40it/s, loss=0.2175, rec=0.1563, t=0.8983]
Epoch 48/60:  46%|████▌     | 18/39 [00:00<00:00, 30.40it/s, loss=0.2176, rec=0.1562, t=0.8982]
Epoch 48/60:  46%|████▌     | 18/39 [00:00<00:00, 30.40it/s, loss=0.2175, rec=0.1563, t=0.8982]
Epoch 48/60:  46%|████▌     | 18/39 [00:00<00:00, 30.40it/s, loss=0.2172, rec=0.1562, t=0.8981]
Epoch 48/60:  46%|████▌     | 18/39 [00:00<00:00, 30.40it/s, loss=0.2174, rec=0.1563, t=0.8980]
Epoch 48/60:  56%|█████▋    | 22/39 [00:00<00:00, 30.79it/s, loss=0.2174, rec=0.1563, t=0.8980]
Epoch 48/60:  56%|█████▋    | 22/39 [00:00<00:00, 30.79it/s, loss=0.2171, rec=0.1562, t=0.8980]
Epoch 48/60:  56%|█████▋    | 22/39 [00:00<00:00, 30.79it/s, loss=0.2171, rec=0.1562, t=0.8979]
Epoch 48/60:  56%|█████▋    | 22/39 [00:00<00:00, 30.79it/s, loss=0.2166, rec=0.1562, t=0.8979]
Epoch 48/60:  56%|█████▋    | 22/39 [00:00<00:00, 30.79it/s, loss=0.2166, rec=0.1563, t=0.8978]
Epoch 48/60:  67%|██████▋   | 26/39 [00:00<00:00, 30.99it/s, loss=0.2166, rec=0.1563, t=0.8978]
Epoch 48/60:  67%|██████▋   | 26/39 [00:00<00:00, 30.99it/s, loss=0.2166, rec=0.1563, t=0.8978]
Epoch 48/60:  67%|██████▋   | 26/39 [00:00<00:00, 30.99it/s, loss=0.2165, rec=0.1563, t=0.8977]
Epoch 48/60:  67%|██████▋   | 26/39 [00:00<00:00, 30.99it/s, loss=0.2165, rec=0.1562, t=0.8977]
Epoch 48/60:  67%|██████▋   | 26/39 [00:00<00:00, 30.99it/s, loss=0.2168, rec=0.1563, t=0.8976]
Epoch 48/60:  77%|███████▋  | 30/39 [00:00<00:00, 30.89it/s, loss=0.2168, rec=0.1563, t=0.8976]
Epoch 48/60:  77%|███████▋  | 30/39 [00:01<00:00, 30.89it/s, loss=0.2168, rec=0.1563, t=0.8976]
Epoch 48/60:  77%|███████▋  | 30/39 [00:01<00:00, 30.89it/s, loss=0.2167, rec=0.1562, t=0.8975]
Epoch 48/60:  77%|███████▋  | 30/39 [00:01<00:00, 30.89it/s, loss=0.2169, rec=0.1562, t=0.8975]
Epoch 48/60:  77%|███████▋  | 30/39 [00:01<00:00, 30.89it/s, loss=0.2170, rec=0.1562, t=0.8974]
Epoch 48/60:  87%|████████▋ | 34/39 [00:01<00:00, 30.56it/s, loss=0.2170, rec=0.1562, t=0.8974]
Epoch 48/60:  87%|████████▋ | 34/39 [00:01<00:00, 30.56it/s, loss=0.2171, rec=0.1562, t=0.8974]
Epoch 48/60:  87%|████████▋ | 34/39 [00:01<00:00, 30.56it/s, loss=0.2172, rec=0.1562, t=0.8973]
Epoch 48/60:  87%|████████▋ | 34/39 [00:01<00:00, 30.56it/s, loss=0.2172, rec=0.1561, t=0.8973]
Epoch 48/60:  87%|████████▋ | 34/39 [00:01<00:00, 30.56it/s, loss=0.2168, rec=0.1562, t=0.8972]
Epoch 48/60:  97%|█████████▋| 38/39 [00:01<00:00, 31.17it/s, loss=0.2168, rec=0.1562, t=0.8972]
Epoch 48/60:  97%|█████████▋| 38/39 [00:01<00:00, 31.17it/s, loss=0.2168, rec=0.1562, t=0.8972]
                                                                                               
[Epoch   48/60] loss=0.216833 | rec=0.156192 | cb=0.131105 | com=0.131105 | uniq=0.295093 | rqvae=0.045887 | t=0.897163 | global_step=1872

Epoch 49/60:   0%|          | 0/39 [00:00<?, ?it/s, loss=0.2213, rec=0.1562, t=0.8971]
Epoch 49/60:   0%|          | 0/39 [00:00<?, ?it/s, loss=0.2222, rec=0.1566, t=0.8971]
Epoch 49/60:   0%|          | 0/39 [00:00<?, ?it/s, loss=0.2194, rec=0.1555, t=0.8970]
Epoch 49/60:   8%|▊         | 3/39 [00:00<00:01, 24.36it/s, loss=0.2194, rec=0.1555, t=0.8970]
Epoch 49/60:   8%|▊         | 3/39 [00:00<00:01, 24.36it/s, loss=0.2186, rec=0.1552, t=0.8970]
Epoch 49/60:   8%|▊         | 3/39 [00:00<00:01, 24.36it/s, loss=0.2183, rec=0.1556, t=0.8969]
Epoch 49/60:   8%|▊         | 3/39 [00:00<00:01, 24.36it/s, loss=0.2185, rec=0.1553, t=0.8969]
Epoch 49/60:   8%|▊         | 3/39 [00:00<00:01, 24.36it/s, loss=0.2178, rec=0.1552, t=0.8968]
Epoch 49/60:  18%|█▊        | 7/39 [00:00<00:01, 31.52it/s, loss=0.2178, rec=0.1552, t=0.8968]
Epoch 49/60:  18%|█▊        | 7/39 [00:00<00:01, 31.52it/s, loss=0.2176, rec=0.1553, t=0.8967]
Epoch 49/60:  18%|█▊        | 7/39 [00:00<00:01, 31.52it/s, loss=0.2173, rec=0.1551, t=0.8967]
Epoch 49/60:  18%|█▊        | 7/39 [00:00<00:01, 31.52it/s, loss=0.2159, rec=0.1552, t=0.8966]
Epoch 49/60:  18%|█▊        | 7/39 [00:00<00:01, 31.52it/s, loss=0.2164, rec=0.1555, t=0.8966]
Epoch 49/60:  28%|██▊       | 11/39 [00:00<00:00, 34.05it/s, loss=0.2164, rec=0.1555, t=0.8966]
Epoch 49/60:  28%|██▊       | 11/39 [00:00<00:00, 34.05it/s, loss=0.2169, rec=0.1558, t=0.8965]
Epoch 49/60:  28%|██▊       | 11/39 [00:00<00:00, 34.05it/s, loss=0.2169, rec=0.1557, t=0.8965]
Epoch 49/60:  28%|██▊       | 11/39 [00:00<00:00, 34.05it/s, loss=0.2167, rec=0.1556, t=0.8964]
Epoch 49/60:  28%|██▊       | 11/39 [00:00<00:00, 34.05it/s, loss=0.2167, rec=0.1555, t=0.8964]
Epoch 49/60:  38%|███▊      | 15/39 [00:00<00:00, 34.90it/s, loss=0.2167, rec=0.1555, t=0.8964]
Epoch 49/60:  38%|███▊      | 15/39 [00:00<00:00, 34.90it/s, loss=0.2169, rec=0.1556, t=0.8963]
Epoch 49/60:  38%|███▊      | 15/39 [00:00<00:00, 34.90it/s, loss=0.2171, rec=0.1556, t=0.8963]
Epoch 49/60:  38%|███▊      | 15/39 [00:00<00:00, 34.90it/s, loss=0.2175, rec=0.1556, t=0.8962]
Epoch 49/60:  38%|███▊      | 15/39 [00:00<00:00, 34.90it/s, loss=0.2179, rec=0.1557, t=0.8962]
Epoch 49/60:  49%|████▊     | 19/39 [00:00<00:00, 35.20it/s, loss=0.2179, rec=0.1557, t=0.8962]
Epoch 49/60:  49%|████▊     | 19/39 [00:00<00:00, 35.20it/s, loss=0.2182, rec=0.1559, t=0.8961]
Epoch 49/60:  49%|████▊     | 19/39 [00:00<00:00, 35.20it/s, loss=0.2176, rec=0.1559, t=0.8961]
Epoch 49/60:  49%|████▊     | 19/39 [00:00<00:00, 35.20it/s, loss=0.2179, rec=0.1559, t=0.8960]
Epoch 49/60:  49%|████▊     | 19/39 [00:00<00:00, 35.20it/s, loss=0.2181, rec=0.1560, t=0.8960]
Epoch 49/60:  59%|█████▉    | 23/39 [00:00<00:00, 34.80it/s, loss=0.2181, rec=0.1560, t=0.8960]
Epoch 49/60:  59%|█████▉    | 23/39 [00:00<00:00, 34.80it/s, loss=0.2181, rec=0.1560, t=0.8959]
Epoch 49/60:  59%|█████▉    | 23/39 [00:00<00:00, 34.80it/s, loss=0.2181, rec=0.1559, t=0.8959]
Epoch 49/60:  59%|█████▉    | 23/39 [00:00<00:00, 34.80it/s, loss=0.2175, rec=0.1558, t=0.8958]
Epoch 49/60:  59%|█████▉    | 23/39 [00:00<00:00, 34.80it/s, loss=0.2176, rec=0.1558, t=0.8958]
Epoch 49/60:  69%|██████▉   | 27/39 [00:00<00:00, 32.85it/s, loss=0.2176, rec=0.1558, t=0.8958]
Epoch 49/60:  69%|██████▉   | 27/39 [00:00<00:00, 32.85it/s, loss=0.2176, rec=0.1559, t=0.8957]
Epoch 49/60:  69%|██████▉   | 27/39 [00:00<00:00, 32.85it/s, loss=0.2175, rec=0.1559, t=0.8957]
Epoch 49/60:  69%|██████▉   | 27/39 [00:00<00:00, 32.85it/s, loss=0.2176, rec=0.1560, t=0.8956]
Epoch 49/60:  69%|██████▉   | 27/39 [00:00<00:00, 32.85it/s, loss=0.2177, rec=0.1560, t=0.8956]
Epoch 49/60:  79%|███████▉  | 31/39 [00:00<00:00, 32.42it/s, loss=0.2177, rec=0.1560, t=0.8956]
Epoch 49/60:  79%|███████▉  | 31/39 [00:00<00:00, 32.42it/s, loss=0.2177, rec=0.1560, t=0.8955]
Epoch 49/60:  79%|███████▉  | 31/39 [00:01<00:00, 32.42it/s, loss=0.2178, rec=0.1560, t=0.8954]
Epoch 49/60:  79%|███████▉  | 31/39 [00:01<00:00, 32.42it/s, loss=0.2177, rec=0.1559, t=0.8954]
Epoch 49/60:  79%|███████▉  | 31/39 [00:01<00:00, 32.42it/s, loss=0.2176, rec=0.1559, t=0.8953]
Epoch 49/60:  90%|████████▉ | 35/39 [00:01<00:00, 31.57it/s, loss=0.2176, rec=0.1559, t=0.8953]
Epoch 49/60:  90%|████████▉ | 35/39 [00:01<00:00, 31.57it/s, loss=0.2175, rec=0.1560, t=0.8953]
Epoch 49/60:  90%|████████▉ | 35/39 [00:01<00:00, 31.57it/s, loss=0.2171, rec=0.1559, t=0.8952]
Epoch 49/60:  90%|████████▉ | 35/39 [00:01<00:00, 31.57it/s, loss=0.2172, rec=0.1560, t=0.8952]
Epoch 49/60:  90%|████████▉ | 35/39 [00:01<00:00, 31.57it/s, loss=0.2172, rec=0.1560, t=0.8951]
                                                                                               
[Epoch   49/60] loss=0.217212 | rec=0.155995 | cb=0.134513 | com=0.134513 | uniq=0.282750 | rqvae=0.047079 | t=0.895136 | global_step=1911

Epoch 50/60:   0%|          | 0/39 [00:00<?, ?it/s, loss=0.2136, rec=0.1545, t=0.8951]
Epoch 50/60:   0%|          | 0/39 [00:00<?, ?it/s, loss=0.2178, rec=0.1559, t=0.8950]
Epoch 50/60:   0%|          | 0/39 [00:00<?, ?it/s, loss=0.2187, rec=0.1567, t=0.8950]
Epoch 50/60:   8%|▊         | 3/39 [00:00<00:01, 25.53it/s, loss=0.2187, rec=0.1567, t=0.8950]
Epoch 50/60:   8%|▊         | 3/39 [00:00<00:01, 25.53it/s, loss=0.2149, rec=0.1564, t=0.8949]
Epoch 50/60:   8%|▊         | 3/39 [00:00<00:01, 25.53it/s, loss=0.2157, rec=0.1563, t=0.8949]
Epoch 50/60:   8%|▊         | 3/39 [00:00<00:01, 25.53it/s, loss=0.2171, rec=0.1567, t=0.8948]
Epoch 50/60:   8%|▊         | 3/39 [00:00<00:01, 25.53it/s, loss=0.2186, rec=0.1564, t=0.8948]
Epoch 50/60:  18%|█▊        | 7/39 [00:00<00:01, 28.57it/s, loss=0.2186, rec=0.1564, t=0.8948]
Epoch 50/60:  18%|█▊        | 7/39 [00:00<00:01, 28.57it/s, loss=0.2199, rec=0.1568, t=0.8947]
Epoch 50/60:  18%|█▊        | 7/39 [00:00<00:01, 28.57it/s, loss=0.2209, rec=0.1570, t=0.8947]
Epoch 50/60:  18%|█▊        | 7/39 [00:00<00:01, 28.57it/s, loss=0.2216, rec=0.1569, t=0.8946]
Epoch 50/60:  26%|██▌       | 10/39 [00:00<00:01, 28.74it/s, loss=0.2216, rec=0.1569, t=0.8946]
Epoch 50/60:  26%|██▌       | 10/39 [00:00<00:01, 28.74it/s, loss=0.2219, rec=0.1570, t=0.8946]
Epoch 50/60:  26%|██▌       | 10/39 [00:00<00:01, 28.74it/s, loss=0.2212, rec=0.1570, t=0.8945]
Epoch 50/60:  26%|██▌       | 10/39 [00:00<00:01, 28.74it/s, loss=0.2208, rec=0.1567, t=0.8945]
Epoch 50/60:  26%|██▌       | 10/39 [00:00<00:01, 28.74it/s, loss=0.2204, rec=0.1568, t=0.8944]
Epoch 50/60:  36%|███▌      | 14/39 [00:00<00:00, 29.48it/s, loss=0.2204, rec=0.1568, t=0.8944]
Epoch 50/60:  36%|███▌      | 14/39 [00:00<00:00, 29.48it/s, loss=0.2202, rec=0.1567, t=0.8944]
Epoch 50/60:  36%|███▌      | 14/39 [00:00<00:00, 29.48it/s, loss=0.2203, rec=0.1567, t=0.8943]
Epoch 50/60:  36%|███▌      | 14/39 [00:00<00:00, 29.48it/s, loss=0.2200, rec=0.1567, t=0.8943]
Epoch 50/60:  36%|███▌      | 14/39 [00:00<00:00, 29.48it/s, loss=0.2201, rec=0.1566, t=0.8942]
Epoch 50/60:  46%|████▌     | 18/39 [00:00<00:00, 30.30it/s, loss=0.2201, rec=0.1566, t=0.8942]
Epoch 50/60:  46%|████▌     | 18/39 [00:00<00:00, 30.30it/s, loss=0.2197, rec=0.1566, t=0.8941]
Epoch 50/60:  46%|████▌     | 18/39 [00:00<00:00, 30.30it/s, loss=0.2190, rec=0.1566, t=0.8941]
Epoch 50/60:  46%|████▌     | 18/39 [00:00<00:00, 30.30it/s, loss=0.2183, rec=0.1566, t=0.8940]
Epoch 50/60:  46%|████▌     | 18/39 [00:00<00:00, 30.30it/s, loss=0.2184, rec=0.1566, t=0.8940]
Epoch 50/60:  56%|█████▋    | 22/39 [00:00<00:00, 30.73it/s, loss=0.2184, rec=0.1566, t=0.8940]
Epoch 50/60:  56%|█████▋    | 22/39 [00:00<00:00, 30.73it/s, loss=0.2186, rec=0.1568, t=0.8939]
Epoch 50/60:  56%|█████▋    | 22/39 [00:00<00:00, 30.73it/s, loss=0.2188, rec=0.1569, t=0.8939]
Epoch 50/60:  56%|█████▋    | 22/39 [00:00<00:00, 30.73it/s, loss=0.2188, rec=0.1569, t=0.8938]
Epoch 50/60:  56%|█████▋    | 22/39 [00:00<00:00, 30.73it/s, loss=0.2186, rec=0.1569, t=0.8938]
Epoch 50/60:  67%|██████▋   | 26/39 [00:00<00:00, 30.97it/s, loss=0.2186, rec=0.1569, t=0.8938]
Epoch 50/60:  67%|██████▋   | 26/39 [00:00<00:00, 30.97it/s, loss=0.2187, rec=0.1569, t=0.8937]
Epoch 50/60:  67%|██████▋   | 26/39 [00:00<00:00, 30.97it/s, loss=0.2181, rec=0.1570, t=0.8937]
Epoch 50/60:  67%|██████▋   | 26/39 [00:00<00:00, 30.97it/s, loss=0.2177, rec=0.1570, t=0.8936]
Epoch 50/60:  67%|██████▋   | 26/39 [00:00<00:00, 30.97it/s, loss=0.2177, rec=0.1571, t=0.8936]
Epoch 50/60:  77%|███████▋  | 30/39 [00:00<00:00, 31.17it/s, loss=0.2177, rec=0.1571, t=0.8936]
Epoch 50/60:  77%|███████▋  | 30/39 [00:01<00:00, 31.17it/s, loss=0.2180, rec=0.1571, t=0.8935]
Epoch 50/60:  77%|███████▋  | 30/39 [00:01<00:00, 31.17it/s, loss=0.2180, rec=0.1571, t=0.8935]
Epoch 50/60:  77%|███████▋  | 30/39 [00:01<00:00, 31.17it/s, loss=0.2183, rec=0.1571, t=0.8934]
Epoch 50/60:  77%|███████▋  | 30/39 [00:01<00:00, 31.17it/s, loss=0.2182, rec=0.1571, t=0.8934]
Epoch 50/60:  87%|████████▋ | 34/39 [00:01<00:00, 31.31it/s, loss=0.2182, rec=0.1571, t=0.8934]
Epoch 50/60:  87%|████████▋ | 34/39 [00:01<00:00, 31.31it/s, loss=0.2186, rec=0.1572, t=0.8933]
Epoch 50/60:  87%|████████▋ | 34/39 [00:01<00:00, 31.31it/s, loss=0.2188, rec=0.1572, t=0.8933]
Epoch 50/60:  87%|████████▋ | 34/39 [00:01<00:00, 31.31it/s, loss=0.2186, rec=0.1573, t=0.8932]
Epoch 50/60:  87%|████████▋ | 34/39 [00:01<00:00, 31.31it/s, loss=0.2186, rec=0.1573, t=0.8932]
Epoch 50/60:  97%|█████████▋| 38/39 [00:01<00:00, 32.70it/s, loss=0.2186, rec=0.1573, t=0.8932]
Epoch 50/60:  97%|█████████▋| 38/39 [00:01<00:00, 32.70it/s, loss=0.2186, rec=0.1573, t=0.8931]
                                                                                               
[Epoch   50/60] loss=0.218597 | rec=0.157312 | cb=0.138747 | com=0.138747 | uniq=0.254468 | rqvae=0.048562 | t=0.893113 | global_step=1950
[Validation epoch 50] loss=0.226248 | rec=0.163529 | cb=0.132536 | com=0.132536 | uniq=0.326644 | rqvae=0.046388
[EarlyStopping] epoch=50 | improved_total=False | improved_rec=False | counter=0/20 | best_total=0.202915@20 | best_rec=0.162623@40
Saved checkpoint: <scratch>/mid_run_article/checkpoint_epoch_50.pt

Epoch 51/60:   0%|          | 0/39 [00:00<?, ?it/s, loss=0.2032, rec=0.1555, t=0.8931]
Epoch 51/60:   0%|          | 0/39 [00:00<?, ?it/s, loss=0.2142, rec=0.1544, t=0.8930]
Epoch 51/60:   0%|          | 0/39 [00:00<?, ?it/s, loss=0.2144, rec=0.1550, t=0.8930]
Epoch 51/60:   8%|▊         | 3/39 [00:00<00:01, 27.64it/s, loss=0.2144, rec=0.1550, t=0.8930]
Epoch 51/60:   8%|▊         | 3/39 [00:00<00:01, 27.64it/s, loss=0.2149, rec=0.1553, t=0.8929]
Epoch 51/60:   8%|▊         | 3/39 [00:00<00:01, 27.64it/s, loss=0.2124, rec=0.1554, t=0.8929]
Epoch 51/60:   8%|▊         | 3/39 [00:00<00:01, 27.64it/s, loss=0.2127, rec=0.1556, t=0.8928]
Epoch 51/60:   8%|▊         | 3/39 [00:00<00:01, 27.64it/s, loss=0.2138, rec=0.1557, t=0.8928]
Epoch 51/60:  18%|█▊        | 7/39 [00:00<00:01, 30.29it/s, loss=0.2138, rec=0.1557, t=0.8928]
Epoch 51/60:  18%|█▊        | 7/39 [00:00<00:01, 30.29it/s, loss=0.2138, rec=0.1562, t=0.8927]
Epoch 51/60:  18%|█▊        | 7/39 [00:00<00:01, 30.29it/s, loss=0.2140, rec=0.1559, t=0.8926]
Epoch 51/60:  18%|█▊        | 7/39 [00:00<00:01, 30.29it/s, loss=0.2143, rec=0.1559, t=0.8926]
Epoch 51/60:  18%|█▊        | 7/39 [00:00<00:01, 30.29it/s, loss=0.2144, rec=0.1558, t=0.8925]
Epoch 51/60:  28%|██▊       | 11/39 [00:00<00:00, 31.42it/s, loss=0.2144, rec=0.1558, t=0.8925]
Epoch 51/60:  28%|██▊       | 11/39 [00:00<00:00, 31.42it/s, loss=0.2149, rec=0.1557, t=0.8925]
Epoch 51/60:  28%|██▊       | 11/39 [00:00<00:00, 31.42it/s, loss=0.2153, rec=0.1557, t=0.8924]
Epoch 51/60:  28%|██▊       | 11/39 [00:00<00:00, 31.42it/s, loss=0.2144, rec=0.1557, t=0.8924]
Epoch 51/60:  28%|██▊       | 11/39 [00:00<00:00, 31.42it/s, loss=0.2148, rec=0.1559, t=0.8923]
Epoch 51/60:  38%|███▊      | 15/39 [00:00<00:00, 32.31it/s, loss=0.2148, rec=0.1559, t=0.8923]
Epoch 51/60:  38%|███▊      | 15/39 [00:00<00:00, 32.31it/s, loss=0.2150, rec=0.1558, t=0.8923]
Epoch 51/60:  38%|███▊      | 15/39 [00:00<00:00, 32.31it/s, loss=0.2154, rec=0.1558, t=0.8922]
Epoch 51/60:  38%|███▊      | 15/39 [00:00<00:00, 32.31it/s, loss=0.2158, rec=0.1557, t=0.8922]
Epoch 51/60:  38%|███▊      | 15/39 [00:00<00:00, 32.31it/s, loss=0.2159, rec=0.1555, t=0.8921]
Epoch 51/60:  49%|████▊     | 19/39 [00:00<00:00, 28.39it/s, loss=0.2159, rec=0.1555, t=0.8921]
Epoch 51/60:  49%|████▊     | 19/39 [00:00<00:00, 28.39it/s, loss=0.2159, rec=0.1555, t=0.8921]
Epoch 51/60:  49%|████▊     | 19/39 [00:00<00:00, 28.39it/s, loss=0.2162, rec=0.1556, t=0.8920]
Epoch 51/60:  49%|████▊     | 19/39 [00:00<00:00, 28.39it/s, loss=0.2167, rec=0.1556, t=0.8920]
Epoch 51/60:  49%|████▊     | 19/39 [00:00<00:00, 28.39it/s, loss=0.2167, rec=0.1555, t=0.8919]
Epoch 51/60:  59%|█████▉    | 23/39 [00:00<00:00, 30.94it/s, loss=0.2167, rec=0.1555, t=0.8919]
Epoch 51/60:  59%|█████▉    | 23/39 [00:00<00:00, 30.94it/s, loss=0.2163, rec=0.1556, t=0.8919]
Epoch 51/60:  59%|█████▉    | 23/39 [00:00<00:00, 30.94it/s, loss=0.2164, rec=0.1556, t=0.8918]
Epoch 51/60:  59%|█████▉    | 23/39 [00:00<00:00, 30.94it/s, loss=0.2164, rec=0.1555, t=0.8918]
Epoch 51/60:  59%|█████▉    | 23/39 [00:00<00:00, 30.94it/s, loss=0.2164, rec=0.1555, t=0.8917]
Epoch 51/60:  69%|██████▉   | 27/39 [00:00<00:00, 32.73it/s, loss=0.2164, rec=0.1555, t=0.8917]
Epoch 51/60:  69%|██████▉   | 27/39 [00:00<00:00, 32.73it/s, loss=0.2164, rec=0.1555, t=0.8917]
Epoch 51/60:  69%|██████▉   | 27/39 [00:00<00:00, 32.73it/s, loss=0.2164, rec=0.1554, t=0.8916]
Epoch 51/60:  69%|██████▉   | 27/39 [00:00<00:00, 32.73it/s, loss=0.2165, rec=0.1554, t=0.8916]
Epoch 51/60:  69%|██████▉   | 27/39 [00:00<00:00, 32.73it/s, loss=0.2161, rec=0.1555, t=0.8915]
Epoch 51/60:  79%|███████▉  | 31/39 [00:00<00:00, 33.83it/s, loss=0.2161, rec=0.1555, t=0.8915]
Epoch 51/60:  79%|███████▉  | 31/39 [00:00<00:00, 33.83it/s, loss=0.2162, rec=0.1554, t=0.8915]
Epoch 51/60:  79%|███████▉  | 31/39 [00:01<00:00, 33.83it/s, loss=0.2163, rec=0.1554, t=0.8914]
Epoch 51/60:  79%|███████▉  | 31/39 [00:01<00:00, 33.83it/s, loss=0.2165, rec=0.1554, t=0.8914]
Epoch 51/60:  79%|███████▉  | 31/39 [00:01<00:00, 33.83it/s, loss=0.2164, rec=0.1554, t=0.8913]
Epoch 51/60:  90%|████████▉ | 35/39 [00:01<00:00, 34.88it/s, loss=0.2164, rec=0.1554, t=0.8913]
Epoch 51/60:  90%|████████▉ | 35/39 [00:01<00:00, 34.88it/s, loss=0.2164, rec=0.1554, t=0.8913]
Epoch 51/60:  90%|████████▉ | 35/39 [00:01<00:00, 34.88it/s, loss=0.2165, rec=0.1554, t=0.8912]
Epoch 51/60:  90%|████████▉ | 35/39 [00:01<00:00, 34.88it/s, loss=0.2166, rec=0.1553, t=0.8911]
Epoch 51/60:  90%|████████▉ | 35/39 [00:01<00:00, 34.88it/s, loss=0.2166, rec=0.1553, t=0.8911]
                                                                                               
[Epoch   51/60] loss=0.216629 | rec=0.155342 | cb=0.135925 | com=0.135925 | uniq=0.274274 | rqvae=0.047574 | t=0.891095 | global_step=1989

Epoch 52/60:   0%|          | 0/39 [00:00<?, ?it/s, loss=0.2241, rec=0.1531, t=0.8910]
Epoch 52/60:   0%|          | 0/39 [00:00<?, ?it/s, loss=0.2131, rec=0.1532, t=0.8910]
Epoch 52/60:   0%|          | 0/39 [00:00<?, ?it/s, loss=0.2132, rec=0.1529, t=0.8909]
Epoch 52/60:   0%|          | 0/39 [00:00<?, ?it/s, loss=0.2149, rec=0.1532, t=0.8909]
Epoch 52/60:  10%|█         | 4/39 [00:00<00:01, 33.25it/s, loss=0.2149, rec=0.1532, t=0.8909]
Epoch 52/60:  10%|█         | 4/39 [00:00<00:01, 33.25it/s, loss=0.2143, rec=0.1533, t=0.8908]
Epoch 52/60:  10%|█         | 4/39 [00:00<00:01, 33.25it/s, loss=0.2153, rec=0.1534, t=0.8908]
Epoch 52/60:  10%|█         | 4/39 [00:00<00:01, 33.25it/s, loss=0.2152, rec=0.1534, t=0.8907]
Epoch 52/60:  10%|█         | 4/39 [00:00<00:01, 33.25it/s, loss=0.2162, rec=0.1533, t=0.8907]
Epoch 52/60:  21%|██        | 8/39 [00:00<00:01, 29.07it/s, loss=0.2162, rec=0.1533, t=0.8907]
Epoch 52/60:  21%|██        | 8/39 [00:00<00:01, 29.07it/s, loss=0.2149, rec=0.1535, t=0.8906]
Epoch 52/60:  21%|██        | 8/39 [00:00<00:01, 29.07it/s, loss=0.2153, rec=0.1535, t=0.8906]
Epoch 52/60:  21%|██        | 8/39 [00:00<00:01, 29.07it/s, loss=0.2161, rec=0.1535, t=0.8905]
Epoch 52/60:  28%|██▊       | 11/39 [00:00<00:00, 29.09it/s, loss=0.2161, rec=0.1535, t=0.8905]
Epoch 52/60:  28%|██▊       | 11/39 [00:00<00:00, 29.09it/s, loss=0.2167, rec=0.1536, t=0.8905]
Epoch 52/60:  28%|██▊       | 11/39 [00:00<00:00, 29.09it/s, loss=0.2168, rec=0.1536, t=0.8904]
Epoch 52/60:  28%|██▊       | 11/39 [00:00<00:00, 29.09it/s, loss=0.2159, rec=0.1536, t=0.8904]
Epoch 52/60:  28%|██▊       | 11/39 [00:00<00:00, 29.09it/s, loss=0.2162, rec=0.1536, t=0.8903]
Epoch 52/60:  38%|███▊      | 15/39 [00:00<00:00, 30.24it/s, loss=0.2162, rec=0.1536, t=0.8903]
Epoch 52/60:  38%|███▊      | 15/39 [00:00<00:00, 30.24it/s, loss=0.2162, rec=0.1537, t=0.8903]
Epoch 52/60:  38%|███▊      | 15/39 [00:00<00:00, 30.24it/s, loss=0.2163, rec=0.1536, t=0.8902]
Epoch 52/60:  38%|███▊      | 15/39 [00:00<00:00, 30.24it/s, loss=0.2163, rec=0.1534, t=0.8902]
Epoch 52/60:  38%|███▊      | 15/39 [00:00<00:00, 30.24it/s, loss=0.2157, rec=0.1536, t=0.8901]
Epoch 52/60:  49%|████▊     | 19/39 [00:00<00:00, 31.22it/s, loss=0.2157, rec=0.1536, t=0.8901]
Epoch 52/60:  49%|████▊     | 19/39 [00:00<00:00, 31.22it/s, loss=0.2160, rec=0.1537, t=0.8901]
Epoch 52/60:  49%|████▊     | 19/39 [00:00<00:00, 31.22it/s, loss=0.2160, rec=0.1537, t=0.8900]
Epoch 52/60:  49%|████▊     | 19/39 [00:00<00:00, 31.22it/s, loss=0.2155, rec=0.1537, t=0.8900]
Epoch 52/60:  49%|████▊     | 19/39 [00:00<00:00, 31.22it/s, loss=0.2157, rec=0.1537, t=0.8899]
Epoch 52/60:  59%|█████▉    | 23/39 [00:00<00:00, 31.91it/s, loss=0.2157, rec=0.1537, t=0.8899]
Epoch 52/60:  59%|█████▉    | 23/39 [00:00<00:00, 31.91it/s, loss=0.2157, rec=0.1535, t=0.8899]
Epoch 52/60:  59%|█████▉    | 23/39 [00:00<00:00, 31.91it/s, loss=0.2154, rec=0.1535, t=0.8898]
Epoch 52/60:  59%|█████▉    | 23/39 [00:00<00:00, 31.91it/s, loss=0.2150, rec=0.1535, t=0.8898]
Epoch 52/60:  59%|█████▉    | 23/39 [00:00<00:00, 31.91it/s, loss=0.2152, rec=0.1536, t=0.8897]
Epoch 52/60:  69%|██████▉   | 27/39 [00:00<00:00, 32.22it/s, loss=0.2152, rec=0.1536, t=0.8897]
Epoch 52/60:  69%|██████▉   | 27/39 [00:00<00:00, 32.22it/s, loss=0.2154, rec=0.1536, t=0.8896]
Epoch 52/60:  69%|██████▉   | 27/39 [00:00<00:00, 32.22it/s, loss=0.2157, rec=0.1536, t=0.8896]
Epoch 52/60:  69%|██████▉   | 27/39 [00:00<00:00, 32.22it/s, loss=0.2157, rec=0.1535, t=0.8895]
Epoch 52/60:  69%|██████▉   | 27/39 [00:00<00:00, 32.22it/s, loss=0.2156, rec=0.1535, t=0.8895]
Epoch 52/60:  79%|███████▉  | 31/39 [00:00<00:00, 32.39it/s, loss=0.2156, rec=0.1535, t=0.8895]
Epoch 52/60:  79%|███████▉  | 31/39 [00:01<00:00, 32.39it/s, loss=0.2158, rec=0.1537, t=0.8894]
Epoch 52/60:  79%|███████▉  | 31/39 [00:01<00:00, 32.39it/s, loss=0.2160, rec=0.1537, t=0.8894]
Epoch 52/60:  79%|███████▉  | 31/39 [00:01<00:00, 32.39it/s, loss=0.2161, rec=0.1537, t=0.8893]
Epoch 52/60:  79%|███████▉  | 31/39 [00:01<00:00, 32.39it/s, loss=0.2164, rec=0.1538, t=0.8893]
Epoch 52/60:  90%|████████▉ | 35/39 [00:01<00:00, 30.88it/s, loss=0.2164, rec=0.1538, t=0.8893]
Epoch 52/60:  90%|████████▉ | 35/39 [00:01<00:00, 30.88it/s, loss=0.2164, rec=0.1537, t=0.8892]
Epoch 52/60:  90%|████████▉ | 35/39 [00:01<00:00, 30.88it/s, loss=0.2165, rec=0.1537, t=0.8892]
Epoch 52/60:  90%|████████▉ | 35/39 [00:01<00:00, 30.88it/s, loss=0.2166, rec=0.1537, t=0.8891]
Epoch 52/60:  90%|████████▉ | 35/39 [00:01<00:00, 30.88it/s, loss=0.2166, rec=0.1537, t=0.8891]
                                                                                               
[Epoch   52/60] loss=0.216628 | rec=0.153664 | cb=0.144314 | com=0.144314 | uniq=0.249086 | rqvae=0.050510 | t=0.889082 | global_step=2028

Epoch 53/60:   0%|          | 0/39 [00:00<?, ?it/s, loss=0.2200, rec=0.1534, t=0.8890]
Epoch 53/60:   0%|          | 0/39 [00:00<?, ?it/s, loss=0.2186, rec=0.1525, t=0.8890]
Epoch 53/60:   0%|          | 0/39 [00:00<?, ?it/s, loss=0.2172, rec=0.1517, t=0.8889]
Epoch 53/60:   8%|▊         | 3/39 [00:00<00:01, 26.77it/s, loss=0.2172, rec=0.1517, t=0.8889]
Epoch 53/60:   8%|▊         | 3/39 [00:00<00:01, 26.77it/s, loss=0.2174, rec=0.1520, t=0.8889]
Epoch 53/60:   8%|▊         | 3/39 [00:00<00:01, 26.77it/s, loss=0.2185, rec=0.1521, t=0.8888]
Epoch 53/60:   8%|▊         | 3/39 [00:00<00:01, 26.77it/s, loss=0.2181, rec=0.1521, t=0.8888]
Epoch 53/60:   8%|▊         | 3/39 [00:00<00:01, 26.77it/s, loss=0.2190, rec=0.1522, t=0.8887]
Epoch 53/60:  18%|█▊        | 7/39 [00:00<00:01, 29.08it/s, loss=0.2190, rec=0.1522, t=0.8887]
Epoch 53/60:  18%|█▊        | 7/39 [00:00<00:01, 29.08it/s, loss=0.2183, rec=0.1521, t=0.8887]
Epoch 53/60:  18%|█▊        | 7/39 [00:00<00:01, 29.08it/s, loss=0.2198, rec=0.1526, t=0.8886]
Epoch 53/60:  18%|█▊        | 7/39 [00:00<00:01, 29.08it/s, loss=0.2195, rec=0.1527, t=0.8886]
Epoch 53/60:  18%|█▊        | 7/39 [00:00<00:01, 29.08it/s, loss=0.2196, rec=0.1529, t=0.8885]
Epoch 53/60:  28%|██▊       | 11/39 [00:00<00:00, 29.60it/s, loss=0.2196, rec=0.1529, t=0.8885]
Epoch 53/60:  28%|██▊       | 11/39 [00:00<00:00, 29.60it/s, loss=0.2188, rec=0.1530, t=0.8885]
Epoch 53/60:  28%|██▊       | 11/39 [00:00<00:00, 29.60it/s, loss=0.2188, rec=0.1530, t=0.8884]
Epoch 53/60:  28%|██▊       | 11/39 [00:00<00:00, 29.60it/s, loss=0.2189, rec=0.1530, t=0.8884]
Epoch 53/60:  36%|███▌      | 14/39 [00:00<00:00, 29.71it/s, loss=0.2189, rec=0.1530, t=0.8884]
Epoch 53/60:  36%|███▌      | 14/39 [00:00<00:00, 29.71it/s, loss=0.2190, rec=0.1531, t=0.8883]
Epoch 53/60:  36%|███▌      | 14/39 [00:00<00:00, 29.71it/s, loss=0.2191, rec=0.1530, t=0.8883]
Epoch 53/60:  36%|███▌      | 14/39 [00:00<00:00, 29.71it/s, loss=0.2191, rec=0.1530, t=0.8882]
Epoch 53/60:  36%|███▌      | 14/39 [00:00<00:00, 29.71it/s, loss=0.2194, rec=0.1531, t=0.8882]
Epoch 53/60:  46%|████▌     | 18/39 [00:00<00:00, 29.99it/s, loss=0.2194, rec=0.1531, t=0.8882]
Epoch 53/60:  46%|████▌     | 18/39 [00:00<00:00, 29.99it/s, loss=0.2199, rec=0.1531, t=0.8881]
Epoch 53/60:  46%|████▌     | 18/39 [00:00<00:00, 29.99it/s, loss=0.2203, rec=0.1532, t=0.8881]
Epoch 53/60:  46%|████▌     | 18/39 [00:00<00:00, 29.99it/s, loss=0.2207, rec=0.1532, t=0.8880]
Epoch 53/60:  54%|█████▍    | 21/39 [00:00<00:00, 29.58it/s, loss=0.2207, rec=0.1532, t=0.8880]
Epoch 53/60:  54%|█████▍    | 21/39 [00:00<00:00, 29.58it/s, loss=0.2206, rec=0.1533, t=0.8879]
Epoch 53/60:  54%|█████▍    | 21/39 [00:00<00:00, 29.58it/s, loss=0.2200, rec=0.1533, t=0.8879]
Epoch 53/60:  54%|█████▍    | 21/39 [00:00<00:00, 29.58it/s, loss=0.2203, rec=0.1534, t=0.8878]
Epoch 53/60:  54%|█████▍    | 21/39 [00:00<00:00, 29.58it/s, loss=0.2205, rec=0.1534, t=0.8878]
Epoch 53/60:  64%|██████▍   | 25/39 [00:00<00:00, 29.21it/s, loss=0.2205, rec=0.1534, t=0.8878]
Epoch 53/60:  64%|██████▍   | 25/39 [00:00<00:00, 29.21it/s, loss=0.2205, rec=0.1534, t=0.8877]
Epoch 53/60:  64%|██████▍   | 25/39 [00:00<00:00, 29.21it/s, loss=0.2203, rec=0.1534, t=0.8877]
Epoch 53/60:  64%|██████▍   | 25/39 [00:00<00:00, 29.21it/s, loss=0.2204, rec=0.1535, t=0.8876]
Epoch 53/60:  72%|███████▏  | 28/39 [00:00<00:00, 28.59it/s, loss=0.2204, rec=0.1535, t=0.8876]
Epoch 53/60:  72%|███████▏  | 28/39 [00:00<00:00, 28.59it/s, loss=0.2203, rec=0.1534, t=0.8876]
Epoch 53/60:  72%|███████▏  | 28/39 [00:01<00:00, 28.59it/s, loss=0.2204, rec=0.1534, t=0.8875]
Epoch 53/60:  72%|███████▏  | 28/39 [00:01<00:00, 28.59it/s, loss=0.2204, rec=0.1534, t=0.8875]
Epoch 53/60:  79%|███████▉  | 31/39 [00:01<00:00, 28.64it/s, loss=0.2204, rec=0.1534, t=0.8875]
Epoch 53/60:  79%|███████▉  | 31/39 [00:01<00:00, 28.64it/s, loss=0.2205, rec=0.1534, t=0.8874]
Epoch 53/60:  79%|███████▉  | 31/39 [00:01<00:00, 28.64it/s, loss=0.2206, rec=0.1534, t=0.8874]
Epoch 53/60:  79%|███████▉  | 31/39 [00:01<00:00, 28.64it/s, loss=0.2206, rec=0.1535, t=0.8873]
Epoch 53/60:  87%|████████▋ | 34/39 [00:01<00:00, 28.52it/s, loss=0.2206, rec=0.1535, t=0.8873]
Epoch 53/60:  87%|████████▋ | 34/39 [00:01<00:00, 28.52it/s, loss=0.2209, rec=0.1535, t=0.8873]
Epoch 53/60:  87%|████████▋ | 34/39 [00:01<00:00, 28.52it/s, loss=0.2206, rec=0.1536, t=0.8872]
Epoch 53/60:  87%|████████▋ | 34/39 [00:01<00:00, 28.52it/s, loss=0.2208, rec=0.1536, t=0.8872]
Epoch 53/60:  95%|█████████▍| 37/39 [00:01<00:00, 28.76it/s, loss=0.2208, rec=0.1536, t=0.8872]
Epoch 53/60:  95%|█████████▍| 37/39 [00:01<00:00, 28.76it/s, loss=0.2208, rec=0.1536, t=0.8871]
Epoch 53/60:  95%|█████████▍| 37/39 [00:01<00:00, 28.76it/s, loss=0.2208, rec=0.1536, t=0.8871]
                                                                                               
[Epoch   53/60] loss=0.220817 | rec=0.153630 | cb=0.152115 | com=0.152115 | uniq=0.278935 | rqvae=0.053240 | t=0.887073 | global_step=2067

Epoch 54/60:   0%|          | 0/39 [00:00<?, ?it/s, loss=0.2203, rec=0.1550, t=0.8870]
Epoch 54/60:   0%|          | 0/39 [00:00<?, ?it/s, loss=0.2136, rec=0.1545, t=0.8870]
Epoch 54/60:   0%|          | 0/39 [00:00<?, ?it/s, loss=0.2157, rec=0.1538, t=0.8869]
Epoch 54/60:   8%|▊         | 3/39 [00:00<00:01, 25.18it/s, loss=0.2157, rec=0.1538, t=0.8869]
Epoch 54/60:   8%|▊         | 3/39 [00:00<00:01, 25.18it/s, loss=0.2170, rec=0.1540, t=0.8869]
Epoch 54/60:   8%|▊         | 3/39 [00:00<00:01, 25.18it/s, loss=0.2185, rec=0.1545, t=0.8868]
Epoch 54/60:   8%|▊         | 3/39 [00:00<00:01, 25.18it/s, loss=0.2194, rec=0.1546, t=0.8868]
Epoch 54/60:  15%|█▌        | 6/39 [00:00<00:01, 26.61it/s, loss=0.2194, rec=0.1546, t=0.8868]
Epoch 54/60:  15%|█▌        | 6/39 [00:00<00:01, 26.61it/s, loss=0.2206, rec=0.1547, t=0.8867]
Epoch 54/60:  15%|█▌        | 6/39 [00:00<00:01, 26.61it/s, loss=0.2219, rec=0.1552, t=0.8867]
Epoch 54/60:  15%|█▌        | 6/39 [00:00<00:01, 26.61it/s, loss=0.2228, rec=0.1554, t=0.8866]
Epoch 54/60:  15%|█▌        | 6/39 [00:00<00:01, 26.61it/s, loss=0.2237, rec=0.1554, t=0.8866]
Epoch 54/60:  26%|██▌       | 10/39 [00:00<00:01, 28.61it/s, loss=0.2237, rec=0.1554, t=0.8866]
Epoch 54/60:  26%|██▌       | 10/39 [00:00<00:01, 28.61it/s, loss=0.2242, rec=0.1553, t=0.8865]
Epoch 54/60:  26%|██▌       | 10/39 [00:00<00:01, 28.61it/s, loss=0.2246, rec=0.1552, t=0.8865]
Epoch 54/60:  26%|██▌       | 10/39 [00:00<00:01, 28.61it/s, loss=0.2244, rec=0.1551, t=0.8864]
Epoch 54/60:  33%|███▎      | 13/39 [00:00<00:01, 22.36it/s, loss=0.2244, rec=0.1551, t=0.8864]
Epoch 54/60:  33%|███▎      | 13/39 [00:00<00:01, 22.36it/s, loss=0.2246, rec=0.1553, t=0.8864]
Epoch 54/60:  33%|███▎      | 13/39 [00:00<00:01, 22.36it/s, loss=0.2243, rec=0.1551, t=0.8863]
Epoch 54/60:  33%|███▎      | 13/39 [00:00<00:01, 22.36it/s, loss=0.2242, rec=0.1551, t=0.8863]
Epoch 54/60:  41%|████      | 16/39 [00:00<00:00, 24.11it/s, loss=0.2242, rec=0.1551, t=0.8863]
Epoch 54/60:  41%|████      | 16/39 [00:00<00:00, 24.11it/s, loss=0.2232, rec=0.1551, t=0.8862]
Epoch 54/60:  41%|████      | 16/39 [00:00<00:00, 24.11it/s, loss=0.2229, rec=0.1551, t=0.8861]
Epoch 54/60:  41%|████      | 16/39 [00:00<00:00, 24.11it/s, loss=0.2228, rec=0.1551, t=0.8861]
Epoch 54/60:  49%|████▊     | 19/39 [00:00<00:00, 25.39it/s, loss=0.2228, rec=0.1551, t=0.8861]
Epoch 54/60:  49%|████▊     | 19/39 [00:00<00:00, 25.39it/s, loss=0.2227, rec=0.1550, t=0.8860]
Epoch 54/60:  49%|████▊     | 19/39 [00:00<00:00, 25.39it/s, loss=0.2226, rec=0.1551, t=0.8860]
Epoch 54/60:  49%|████▊     | 19/39 [00:00<00:00, 25.39it/s, loss=0.2224, rec=0.1552, t=0.8859]
Epoch 54/60:  56%|█████▋    | 22/39 [00:00<00:00, 26.41it/s, loss=0.2224, rec=0.1552, t=0.8859]
Epoch 54/60:  56%|█████▋    | 22/39 [00:00<00:00, 26.41it/s, loss=0.2217, rec=0.1551, t=0.8859]
Epoch 54/60:  56%|█████▋    | 22/39 [00:00<00:00, 26.41it/s, loss=0.2217, rec=0.1552, t=0.8858]
Epoch 54/60:  56%|█████▋    | 22/39 [00:00<00:00, 26.41it/s, loss=0.2218, rec=0.1552, t=0.8858]
Epoch 54/60:  64%|██████▍   | 25/39 [00:00<00:00, 27.22it/s, loss=0.2218, rec=0.1552, t=0.8858]
Epoch 54/60:  64%|██████▍   | 25/39 [00:00<00:00, 27.22it/s, loss=0.2218, rec=0.1554, t=0.8857]
Epoch 54/60:  64%|██████▍   | 25/39 [00:01<00:00, 27.22it/s, loss=0.2220, rec=0.1553, t=0.8857]
Epoch 54/60:  64%|██████▍   | 25/39 [00:01<00:00, 27.22it/s, loss=0.2221, rec=0.1553, t=0.8856]
Epoch 54/60:  72%|███████▏  | 28/39 [00:01<00:00, 27.50it/s, loss=0.2221, rec=0.1553, t=0.8856]
Epoch 54/60:  72%|███████▏  | 28/39 [00:01<00:00, 27.50it/s, loss=0.2222, rec=0.1553, t=0.8856]
Epoch 54/60:  72%|███████▏  | 28/39 [00:01<00:00, 27.50it/s, loss=0.2222, rec=0.1553, t=0.8855]
Epoch 54/60:  72%|███████▏  | 28/39 [00:01<00:00, 27.50it/s, loss=0.2223, rec=0.1553, t=0.8855]
Epoch 54/60:  79%|███████▉  | 31/39 [00:01<00:00, 27.86it/s, loss=0.2223, rec=0.1553, t=0.8855]
Epoch 54/60:  79%|███████▉  | 31/39 [00:01<00:00, 27.86it/s, loss=0.2225, rec=0.1554, t=0.8854]
Epoch 54/60:  79%|███████▉  | 31/39 [00:01<00:00, 27.86it/s, loss=0.2225, rec=0.1553, t=0.8854]
Epoch 54/60:  79%|███████▉  | 31/39 [00:01<00:00, 27.86it/s, loss=0.2227, rec=0.1554, t=0.8853]
Epoch 54/60:  87%|████████▋ | 34/39 [00:01<00:00, 28.29it/s, loss=0.2227, rec=0.1554, t=0.8853]
Epoch 54/60:  87%|████████▋ | 34/39 [00:01<00:00, 28.29it/s, loss=0.2228, rec=0.1554, t=0.8853]
Epoch 54/60:  87%|████████▋ | 34/39 [00:01<00:00, 28.29it/s, loss=0.2230, rec=0.1555, t=0.8852]
Epoch 54/60:  87%|████████▋ | 34/39 [00:01<00:00, 28.29it/s, loss=0.2231, rec=0.1555, t=0.8852]
Epoch 54/60:  95%|█████████▍| 37/39 [00:01<00:00, 27.73it/s, loss=0.2231, rec=0.1555, t=0.8852]
Epoch 54/60:  95%|█████████▍| 37/39 [00:01<00:00, 27.73it/s, loss=0.2234, rec=0.1556, t=0.8851]
Epoch 54/60:  95%|█████████▍| 37/39 [00:01<00:00, 27.73it/s, loss=0.2233, rec=0.1556, t=0.8851]
                                                                                               
[Epoch   54/60] loss=0.223349 | rec=0.155565 | cb=0.152712 | com=0.152712 | uniq=0.286701 | rqvae=0.053449 | t=0.885069 | global_step=2106

Epoch 55/60:   0%|          | 0/39 [00:00<?, ?it/s, loss=0.2157, rec=0.1542, t=0.8850]
Epoch 55/60:   0%|          | 0/39 [00:00<?, ?it/s, loss=0.2124, rec=0.1551, t=0.8850]
Epoch 55/60:   0%|          | 0/39 [00:00<?, ?it/s, loss=0.2176, rec=0.1548, t=0.8849]
Epoch 55/60:   8%|▊         | 3/39 [00:00<00:01, 24.14it/s, loss=0.2176, rec=0.1548, t=0.8849]
Epoch 55/60:   8%|▊         | 3/39 [00:00<00:01, 24.14it/s, loss=0.2156, rec=0.1549, t=0.8849]
Epoch 55/60:   8%|▊         | 3/39 [00:00<00:01, 24.14it/s, loss=0.2171, rec=0.1549, t=0.8848]
Epoch 55/60:   8%|▊         | 3/39 [00:00<00:01, 24.14it/s, loss=0.2170, rec=0.1548, t=0.8848]
Epoch 55/60:   8%|▊         | 3/39 [00:00<00:01, 24.14it/s, loss=0.2179, rec=0.1543, t=0.8847]
Epoch 55/60:  18%|█▊        | 7/39 [00:00<00:01, 28.87it/s, loss=0.2179, rec=0.1543, t=0.8847]
Epoch 55/60:  18%|█▊        | 7/39 [00:00<00:01, 28.87it/s, loss=0.2167, rec=0.1544, t=0.8847]
Epoch 55/60:  18%|█▊        | 7/39 [00:00<00:01, 28.87it/s, loss=0.2174, rec=0.1543, t=0.8846]
Epoch 55/60:  18%|█▊        | 7/39 [00:00<00:01, 28.87it/s, loss=0.2174, rec=0.1541, t=0.8846]
Epoch 55/60:  18%|█▊        | 7/39 [00:00<00:01, 28.87it/s, loss=0.2178, rec=0.1543, t=0.8845]
Epoch 55/60:  28%|██▊       | 11/39 [00:00<00:00, 31.24it/s, loss=0.2178, rec=0.1543, t=0.8845]
Epoch 55/60:  28%|██▊       | 11/39 [00:00<00:00, 31.24it/s, loss=0.2170, rec=0.1545, t=0.8845]
Epoch 55/60:  28%|██▊       | 11/39 [00:00<00:00, 31.24it/s, loss=0.2168, rec=0.1543, t=0.8844]
Epoch 55/60:  28%|██▊       | 11/39 [00:00<00:00, 31.24it/s, loss=0.2163, rec=0.1546, t=0.8844]
Epoch 55/60:  28%|██▊       | 11/39 [00:00<00:00, 31.24it/s, loss=0.2168, rec=0.1547, t=0.8843]
Epoch 55/60:  38%|███▊      | 15/39 [00:00<00:00, 32.21it/s, loss=0.2168, rec=0.1547, t=0.8843]
Epoch 55/60:  38%|███▊      | 15/39 [00:00<00:00, 32.21it/s, loss=0.2179, rec=0.1547, t=0.8842]
Epoch 55/60:  38%|███▊      | 15/39 [00:00<00:00, 32.21it/s, loss=0.2180, rec=0.1546, t=0.8842]
Epoch 55/60:  38%|███▊      | 15/39 [00:00<00:00, 32.21it/s, loss=0.2186, rec=0.1547, t=0.8841]
Epoch 55/60:  38%|███▊      | 15/39 [00:00<00:00, 32.21it/s, loss=0.2190, rec=0.1545, t=0.8841]
Epoch 55/60:  49%|████▊     | 19/39 [00:00<00:00, 32.11it/s, loss=0.2190, rec=0.1545, t=0.8841]
Epoch 55/60:  49%|████▊     | 19/39 [00:00<00:00, 32.11it/s, loss=0.2195, rec=0.1546, t=0.8840]
Epoch 55/60:  49%|████▊     | 19/39 [00:00<00:00, 32.11it/s, loss=0.2190, rec=0.1546, t=0.8840]
Epoch 55/60:  49%|████▊     | 19/39 [00:00<00:00, 32.11it/s, loss=0.2195, rec=0.1546, t=0.8839]
Epoch 55/60:  49%|████▊     | 19/39 [00:00<00:00, 32.11it/s, loss=0.2195, rec=0.1547, t=0.8839]
Epoch 55/60:  59%|█████▉    | 23/39 [00:00<00:00, 31.86it/s, loss=0.2195, rec=0.1547, t=0.8839]
Epoch 55/60:  59%|█████▉    | 23/39 [00:00<00:00, 31.86it/s, loss=0.2198, rec=0.1548, t=0.8838]
Epoch 55/60:  59%|█████▉    | 23/39 [00:00<00:00, 31.86it/s, loss=0.2201, rec=0.1548, t=0.8838]
Epoch 55/60:  59%|█████▉    | 23/39 [00:00<00:00, 31.86it/s, loss=0.2197, rec=0.1547, t=0.8837]
Epoch 55/60:  59%|█████▉    | 23/39 [00:00<00:00, 31.86it/s, loss=0.2199, rec=0.1547, t=0.8837]
Epoch 55/60:  69%|██████▉   | 27/39 [00:00<00:00, 31.31it/s, loss=0.2199, rec=0.1547, t=0.8837]
Epoch 55/60:  69%|██████▉   | 27/39 [00:00<00:00, 31.31it/s, loss=0.2199, rec=0.1546, t=0.8836]
Epoch 55/60:  69%|██████▉   | 27/39 [00:00<00:00, 31.31it/s, loss=0.2199, rec=0.1546, t=0.8836]
Epoch 55/60:  69%|██████▉   | 27/39 [00:00<00:00, 31.31it/s, loss=0.2201, rec=0.1546, t=0.8835]
Epoch 55/60:  69%|██████▉   | 27/39 [00:00<00:00, 31.31it/s, loss=0.2199, rec=0.1546, t=0.8835]
Epoch 55/60:  79%|███████▉  | 31/39 [00:00<00:00, 31.27it/s, loss=0.2199, rec=0.1546, t=0.8835]
Epoch 55/60:  79%|███████▉  | 31/39 [00:01<00:00, 31.27it/s, loss=0.2201, rec=0.1547, t=0.8834]
Epoch 55/60:  79%|███████▉  | 31/39 [00:01<00:00, 31.27it/s, loss=0.2204, rec=0.1547, t=0.8834]
Epoch 55/60:  79%|███████▉  | 31/39 [00:01<00:00, 31.27it/s, loss=0.2204, rec=0.1548, t=0.8833]
Epoch 55/60:  79%|███████▉  | 31/39 [00:01<00:00, 31.27it/s, loss=0.2206, rec=0.1547, t=0.8833]
Epoch 55/60:  90%|████████▉ | 35/39 [00:01<00:00, 31.15it/s, loss=0.2206, rec=0.1547, t=0.8833]
Epoch 55/60:  90%|████████▉ | 35/39 [00:01<00:00, 31.15it/s, loss=0.2206, rec=0.1547, t=0.8832]
Epoch 55/60:  90%|████████▉ | 35/39 [00:01<00:00, 31.15it/s, loss=0.2207, rec=0.1547, t=0.8832]
Epoch 55/60:  90%|████████▉ | 35/39 [00:01<00:00, 31.15it/s, loss=0.2208, rec=0.1547, t=0.8831]
Epoch 55/60:  90%|████████▉ | 35/39 [00:01<00:00, 31.15it/s, loss=0.2207, rec=0.1547, t=0.8831]
                                                                                               
[Epoch   55/60] loss=0.220730 | rec=0.154678 | cb=0.153355 | com=0.153355 | uniq=0.247549 | rqvae=0.053674 | t=0.883069 | global_step=2145

Epoch 56/60:   0%|          | 0/39 [00:00<?, ?it/s, loss=0.2237, rec=0.1547, t=0.8830]
Epoch 56/60:   0%|          | 0/39 [00:00<?, ?it/s, loss=0.2245, rec=0.1541, t=0.8830]
Epoch 56/60:   0%|          | 0/39 [00:00<?, ?it/s, loss=0.2248, rec=0.1540, t=0.8829]
Epoch 56/60:   8%|▊         | 3/39 [00:00<00:01, 25.72it/s, loss=0.2248, rec=0.1540, t=0.8829]
Epoch 56/60:   8%|▊         | 3/39 [00:00<00:01, 25.72it/s, loss=0.2236, rec=0.1537, t=0.8829]
Epoch 56/60:   8%|▊         | 3/39 [00:00<00:01, 25.72it/s, loss=0.2243, rec=0.1541, t=0.8828]
Epoch 56/60:   8%|▊         | 3/39 [00:00<00:01, 25.72it/s, loss=0.2248, rec=0.1541, t=0.8828]
Epoch 56/60:   8%|▊         | 3/39 [00:00<00:01, 25.72it/s, loss=0.2261, rec=0.1544, t=0.8827]
Epoch 56/60:  18%|█▊        | 7/39 [00:00<00:01, 29.20it/s, loss=0.2261, rec=0.1544, t=0.8827]
Epoch 56/60:  18%|█▊        | 7/39 [00:00<00:01, 29.20it/s, loss=0.2261, rec=0.1542, t=0.8827]
Epoch 56/60:  18%|█▊        | 7/39 [00:00<00:01, 29.20it/s, loss=0.2263, rec=0.1544, t=0.8826]
Epoch 56/60:  18%|█▊        | 7/39 [00:00<00:01, 29.20it/s, loss=0.2267, rec=0.1546, t=0.8826]
Epoch 56/60:  26%|██▌       | 10/39 [00:00<00:00, 29.28it/s, loss=0.2267, rec=0.1546, t=0.8826]
Epoch 56/60:  26%|██▌       | 10/39 [00:00<00:00, 29.28it/s, loss=0.2269, rec=0.1548, t=0.8825]
Epoch 56/60:  26%|██▌       | 10/39 [00:00<00:00, 29.28it/s, loss=0.2268, rec=0.1547, t=0.8825]
Epoch 56/60:  26%|██▌       | 10/39 [00:00<00:00, 29.28it/s, loss=0.2267, rec=0.1548, t=0.8824]
Epoch 56/60:  26%|██▌       | 10/39 [00:00<00:00, 29.28it/s, loss=0.2260, rec=0.1547, t=0.8824]
Epoch 56/60:  36%|███▌      | 14/39 [00:00<00:00, 30.14it/s, loss=0.2260, rec=0.1547, t=0.8824]
Epoch 56/60:  36%|███▌      | 14/39 [00:00<00:00, 30.14it/s, loss=0.2256, rec=0.1546, t=0.8823]
Epoch 56/60:  36%|███▌      | 14/39 [00:00<00:00, 30.14it/s, loss=0.2254, rec=0.1547, t=0.8822]
Epoch 56/60:  36%|███▌      | 14/39 [00:00<00:00, 30.14it/s, loss=0.2255, rec=0.1547, t=0.8822]
Epoch 56/60:  36%|███▌      | 14/39 [00:00<00:00, 30.14it/s, loss=0.2250, rec=0.1545, t=0.8821]
Epoch 56/60:  46%|████▌     | 18/39 [00:00<00:00, 30.48it/s, loss=0.2250, rec=0.1545, t=0.8821]
Epoch 56/60:  46%|████▌     | 18/39 [00:00<00:00, 30.48it/s, loss=0.2251, rec=0.1544, t=0.8821]
Epoch 56/60:  46%|████▌     | 18/39 [00:00<00:00, 30.48it/s, loss=0.2252, rec=0.1542, t=0.8820]
Epoch 56/60:  46%|████▌     | 18/39 [00:00<00:00, 30.48it/s, loss=0.2253, rec=0.1544, t=0.8820]
Epoch 56/60:  46%|████▌     | 18/39 [00:00<00:00, 30.48it/s, loss=0.2254, rec=0.1544, t=0.8819]
Epoch 56/60:  56%|█████▋    | 22/39 [00:00<00:00, 30.97it/s, loss=0.2254, rec=0.1544, t=0.8819]
Epoch 56/60:  56%|█████▋    | 22/39 [00:00<00:00, 30.97it/s, loss=0.2254, rec=0.1546, t=0.8819]
Epoch 56/60:  56%|█████▋    | 22/39 [00:00<00:00, 30.97it/s, loss=0.2252, rec=0.1546, t=0.8818]
Epoch 56/60:  56%|█████▋    | 22/39 [00:00<00:00, 30.97it/s, loss=0.2253, rec=0.1546, t=0.8818]
Epoch 56/60:  56%|█████▋    | 22/39 [00:00<00:00, 30.97it/s, loss=0.2253, rec=0.1545, t=0.8817]
Epoch 56/60:  67%|██████▋   | 26/39 [00:00<00:00, 30.83it/s, loss=0.2253, rec=0.1545, t=0.8817]
Epoch 56/60:  67%|██████▋   | 26/39 [00:00<00:00, 30.83it/s, loss=0.2251, rec=0.1546, t=0.8817]
Epoch 56/60:  67%|██████▋   | 26/39 [00:00<00:00, 30.83it/s, loss=0.2249, rec=0.1545, t=0.8816]
Epoch 56/60:  67%|██████▋   | 26/39 [00:00<00:00, 30.83it/s, loss=0.2248, rec=0.1546, t=0.8816]
Epoch 56/60:  67%|██████▋   | 26/39 [00:00<00:00, 30.83it/s, loss=0.2243, rec=0.1545, t=0.8815]
Epoch 56/60:  77%|███████▋  | 30/39 [00:00<00:00, 30.83it/s, loss=0.2243, rec=0.1545, t=0.8815]
Epoch 56/60:  77%|███████▋  | 30/39 [00:01<00:00, 30.83it/s, loss=0.2242, rec=0.1546, t=0.8815]
Epoch 56/60:  77%|███████▋  | 30/39 [00:01<00:00, 30.83it/s, loss=0.2243, rec=0.1546, t=0.8814]
Epoch 56/60:  77%|███████▋  | 30/39 [00:01<00:00, 30.83it/s, loss=0.2244, rec=0.1544, t=0.8814]
Epoch 56/60:  77%|███████▋  | 30/39 [00:01<00:00, 30.83it/s, loss=0.2245, rec=0.1544, t=0.8813]
Epoch 56/60:  87%|████████▋ | 34/39 [00:01<00:00, 31.92it/s, loss=0.2245, rec=0.1544, t=0.8813]
Epoch 56/60:  87%|████████▋ | 34/39 [00:01<00:00, 31.92it/s, loss=0.2246, rec=0.1544, t=0.8813]
Epoch 56/60:  87%|████████▋ | 34/39 [00:01<00:00, 31.92it/s, loss=0.2242, rec=0.1544, t=0.8812]
Epoch 56/60:  87%|████████▋ | 34/39 [00:01<00:00, 31.92it/s, loss=0.2243, rec=0.1544, t=0.8812]
Epoch 56/60:  87%|████████▋ | 34/39 [00:01<00:00, 31.92it/s, loss=0.2245, rec=0.1544, t=0.8811]
Epoch 56/60:  97%|█████████▋| 38/39 [00:01<00:00, 33.98it/s, loss=0.2245, rec=0.1544, t=0.8811]
Epoch 56/60:  97%|█████████▋| 38/39 [00:01<00:00, 33.98it/s, loss=0.2245, rec=0.1544, t=0.8811]
                                                                                               
[Epoch   56/60] loss=0.224461 | rec=0.154403 | cb=0.160095 | com=0.160095 | uniq=0.280487 | rqvae=0.056033 | t=0.881074 | global_step=2184

Epoch 57/60:   0%|          | 0/39 [00:00<?, ?it/s, loss=0.2240, rec=0.1525, t=0.8810]
Epoch 57/60:   0%|          | 0/39 [00:00<?, ?it/s, loss=0.2235, rec=0.1526, t=0.8810]
Epoch 57/60:   0%|          | 0/39 [00:00<?, ?it/s, loss=0.2238, rec=0.1526, t=0.8809]
Epoch 57/60:   8%|▊         | 3/39 [00:00<00:01, 29.15it/s, loss=0.2238, rec=0.1526, t=0.8809]
Epoch 57/60:   8%|▊         | 3/39 [00:00<00:01, 29.15it/s, loss=0.2230, rec=0.1530, t=0.8809]
Epoch 57/60:   8%|▊         | 3/39 [00:00<00:01, 29.15it/s, loss=0.2235, rec=0.1532, t=0.8808]
Epoch 57/60:   8%|▊         | 3/39 [00:00<00:01, 29.15it/s, loss=0.2236, rec=0.1533, t=0.8808]
Epoch 57/60:   8%|▊         | 3/39 [00:00<00:01, 29.15it/s, loss=0.2213, rec=0.1533, t=0.8807]
Epoch 57/60:  18%|█▊        | 7/39 [00:00<00:00, 33.41it/s, loss=0.2213, rec=0.1533, t=0.8807]
Epoch 57/60:  18%|█▊        | 7/39 [00:00<00:00, 33.41it/s, loss=0.2219, rec=0.1532, t=0.8807]
Epoch 57/60:  18%|█▊        | 7/39 [00:00<00:00, 33.41it/s, loss=0.2207, rec=0.1533, t=0.8806]
Epoch 57/60:  18%|█▊        | 7/39 [00:00<00:00, 33.41it/s, loss=0.2203, rec=0.1532, t=0.8806]
Epoch 57/60:  18%|█▊        | 7/39 [00:00<00:00, 33.41it/s, loss=0.2212, rec=0.1535, t=0.8805]
Epoch 57/60:  28%|██▊       | 11/39 [00:00<00:00, 34.01it/s, loss=0.2212, rec=0.1535, t=0.8805]
Epoch 57/60:  28%|██▊       | 11/39 [00:00<00:00, 34.01it/s, loss=0.2216, rec=0.1536, t=0.8805]
Epoch 57/60:  28%|██▊       | 11/39 [00:00<00:00, 34.01it/s, loss=0.2211, rec=0.1535, t=0.8804]
Epoch 57/60:  28%|██▊       | 11/39 [00:00<00:00, 34.01it/s, loss=0.2213, rec=0.1536, t=0.8804]
Epoch 57/60:  28%|██▊       | 11/39 [00:00<00:00, 34.01it/s, loss=0.2214, rec=0.1536, t=0.8803]
Epoch 57/60:  38%|███▊      | 15/39 [00:00<00:00, 34.14it/s, loss=0.2214, rec=0.1536, t=0.8803]
Epoch 57/60:  38%|███▊      | 15/39 [00:00<00:00, 34.14it/s, loss=0.2216, rec=0.1536, t=0.8803]
Epoch 57/60:  38%|███▊      | 15/39 [00:00<00:00, 34.14it/s, loss=0.2215, rec=0.1536, t=0.8802]
Epoch 57/60:  38%|███▊      | 15/39 [00:00<00:00, 34.14it/s, loss=0.2217, rec=0.1535, t=0.8802]
Epoch 57/60:  38%|███▊      | 15/39 [00:00<00:00, 34.14it/s, loss=0.2220, rec=0.1535, t=0.8801]
Epoch 57/60:  49%|████▊     | 19/39 [00:00<00:00, 33.74it/s, loss=0.2220, rec=0.1535, t=0.8801]
Epoch 57/60:  49%|████▊     | 19/39 [00:00<00:00, 33.74it/s, loss=0.2215, rec=0.1535, t=0.8801]
Epoch 57/60:  49%|████▊     | 19/39 [00:00<00:00, 33.74it/s, loss=0.2220, rec=0.1534, t=0.8800]
Epoch 57/60:  49%|████▊     | 19/39 [00:00<00:00, 33.74it/s, loss=0.2223, rec=0.1536, t=0.8800]
Epoch 57/60:  49%|████▊     | 19/39 [00:00<00:00, 33.74it/s, loss=0.2227, rec=0.1536, t=0.8799]
Epoch 57/60:  59%|█████▉    | 23/39 [00:00<00:00, 33.04it/s, loss=0.2227, rec=0.1536, t=0.8799]
Epoch 57/60:  59%|█████▉    | 23/39 [00:00<00:00, 33.04it/s, loss=0.2226, rec=0.1535, t=0.8798]
Epoch 57/60:  59%|█████▉    | 23/39 [00:00<00:00, 33.04it/s, loss=0.2228, rec=0.1536, t=0.8798]
Epoch 57/60:  59%|█████▉    | 23/39 [00:00<00:00, 33.04it/s, loss=0.2222, rec=0.1535, t=0.8797]
Epoch 57/60:  59%|█████▉    | 23/39 [00:00<00:00, 33.04it/s, loss=0.2227, rec=0.1535, t=0.8797]
Epoch 57/60:  69%|██████▉   | 27/39 [00:00<00:00, 32.58it/s, loss=0.2227, rec=0.1535, t=0.8797]
Epoch 57/60:  69%|██████▉   | 27/39 [00:00<00:00, 32.58it/s, loss=0.2228, rec=0.1536, t=0.8796]
Epoch 57/60:  69%|██████▉   | 27/39 [00:00<00:00, 32.58it/s, loss=0.2225, rec=0.1536, t=0.8796]
Epoch 57/60:  69%|██████▉   | 27/39 [00:00<00:00, 32.58it/s, loss=0.2222, rec=0.1537, t=0.8795]
Epoch 57/60:  69%|██████▉   | 27/39 [00:00<00:00, 32.58it/s, loss=0.2224, rec=0.1537, t=0.8795]
Epoch 57/60:  79%|███████▉  | 31/39 [00:00<00:00, 31.91it/s, loss=0.2224, rec=0.1537, t=0.8795]
Epoch 57/60:  79%|███████▉  | 31/39 [00:00<00:00, 31.91it/s, loss=0.2224, rec=0.1538, t=0.8794]
Epoch 57/60:  79%|███████▉  | 31/39 [00:01<00:00, 31.91it/s, loss=0.2225, rec=0.1537, t=0.8794]
Epoch 57/60:  79%|███████▉  | 31/39 [00:01<00:00, 31.91it/s, loss=0.2224, rec=0.1537, t=0.8793]
Epoch 57/60:  79%|███████▉  | 31/39 [00:01<00:00, 31.91it/s, loss=0.2223, rec=0.1536, t=0.8793]
Epoch 57/60:  90%|████████▉ | 35/39 [00:01<00:00, 31.91it/s, loss=0.2223, rec=0.1536, t=0.8793]
Epoch 57/60:  90%|████████▉ | 35/39 [00:01<00:00, 31.91it/s, loss=0.2224, rec=0.1536, t=0.8792]
Epoch 57/60:  90%|████████▉ | 35/39 [00:01<00:00, 31.91it/s, loss=0.2223, rec=0.1536, t=0.8792]
Epoch 57/60:  90%|████████▉ | 35/39 [00:01<00:00, 31.91it/s, loss=0.2223, rec=0.1536, t=0.8791]
Epoch 57/60:  90%|████████▉ | 35/39 [00:01<00:00, 31.91it/s, loss=0.2223, rec=0.1536, t=0.8791]
                                                                                               
[Epoch   57/60] loss=0.222305 | rec=0.153636 | cb=0.160957 | com=0.160957 | uniq=0.246679 | rqvae=0.056335 | t=0.879083 | global_step=2223

Epoch 58/60:   0%|          | 0/39 [00:00<?, ?it/s, loss=0.2158, rec=0.1527, t=0.8790]
Epoch 58/60:   0%|          | 0/39 [00:00<?, ?it/s, loss=0.2124, rec=0.1529, t=0.8790]
Epoch 58/60:   0%|          | 0/39 [00:00<?, ?it/s, loss=0.2170, rec=0.1530, t=0.8789]
Epoch 58/60:   8%|▊         | 3/39 [00:00<00:01, 29.18it/s, loss=0.2170, rec=0.1530, t=0.8789]
Epoch 58/60:   8%|▊         | 3/39 [00:00<00:01, 29.18it/s, loss=0.2212, rec=0.1530, t=0.8789]
Epoch 58/60:   8%|▊         | 3/39 [00:00<00:01, 29.18it/s, loss=0.2236, rec=0.1531, t=0.8788]
Epoch 58/60:   8%|▊         | 3/39 [00:00<00:01, 29.18it/s, loss=0.2245, rec=0.1531, t=0.8788]
Epoch 58/60:   8%|▊         | 3/39 [00:00<00:01, 29.18it/s, loss=0.2233, rec=0.1533, t=0.8787]
Epoch 58/60:  18%|█▊        | 7/39 [00:00<00:01, 31.90it/s, loss=0.2233, rec=0.1533, t=0.8787]
Epoch 58/60:  18%|█▊        | 7/39 [00:00<00:01, 31.90it/s, loss=0.2225, rec=0.1535, t=0.8787]
Epoch 58/60:  18%|█▊        | 7/39 [00:00<00:01, 31.90it/s, loss=0.2236, rec=0.1537, t=0.8786]
Epoch 58/60:  18%|█▊        | 7/39 [00:00<00:01, 31.90it/s, loss=0.2241, rec=0.1536, t=0.8786]
Epoch 58/60:  18%|█▊        | 7/39 [00:00<00:01, 31.90it/s, loss=0.2242, rec=0.1536, t=0.8785]
Epoch 58/60:  28%|██▊       | 11/39 [00:00<00:00, 32.87it/s, loss=0.2242, rec=0.1536, t=0.8785]
Epoch 58/60:  28%|██▊       | 11/39 [00:00<00:00, 32.87it/s, loss=0.2248, rec=0.1539, t=0.8785]
Epoch 58/60:  28%|██▊       | 11/39 [00:00<00:00, 32.87it/s, loss=0.2245, rec=0.1539, t=0.8784]
Epoch 58/60:  28%|██▊       | 11/39 [00:00<00:00, 32.87it/s, loss=0.2246, rec=0.1539, t=0.8784]
Epoch 58/60:  28%|██▊       | 11/39 [00:00<00:00, 32.87it/s, loss=0.2249, rec=0.1539, t=0.8783]
Epoch 58/60:  38%|███▊      | 15/39 [00:00<00:00, 32.63it/s, loss=0.2249, rec=0.1539, t=0.8783]
Epoch 58/60:  38%|███▊      | 15/39 [00:00<00:00, 32.63it/s, loss=0.2247, rec=0.1538, t=0.8783]
Epoch 58/60:  38%|███▊      | 15/39 [00:00<00:00, 32.63it/s, loss=0.2242, rec=0.1537, t=0.8782]
Epoch 58/60:  38%|███▊      | 15/39 [00:00<00:00, 32.63it/s, loss=0.2237, rec=0.1538, t=0.8782]
Epoch 58/60:  38%|███▊      | 15/39 [00:00<00:00, 32.63it/s, loss=0.2244, rec=0.1537, t=0.8781]
Epoch 58/60:  49%|████▊     | 19/39 [00:00<00:00, 29.87it/s, loss=0.2244, rec=0.1537, t=0.8781]
Epoch 58/60:  49%|████▊     | 19/39 [00:00<00:00, 29.87it/s, loss=0.2243, rec=0.1537, t=0.8781]
Epoch 58/60:  49%|████▊     | 19/39 [00:00<00:00, 29.87it/s, loss=0.2245, rec=0.1537, t=0.8780]
Epoch 58/60:  49%|████▊     | 19/39 [00:00<00:00, 29.87it/s, loss=0.2248, rec=0.1537, t=0.8780]
Epoch 58/60:  49%|████▊     | 19/39 [00:00<00:00, 29.87it/s, loss=0.2251, rec=0.1537, t=0.8779]
Epoch 58/60:  59%|█████▉    | 23/39 [00:00<00:00, 27.52it/s, loss=0.2251, rec=0.1537, t=0.8779]
Epoch 58/60:  59%|█████▉    | 23/39 [00:00<00:00, 27.52it/s, loss=0.2255, rec=0.1538, t=0.8779]
Epoch 58/60:  59%|█████▉    | 23/39 [00:00<00:00, 27.52it/s, loss=0.2253, rec=0.1538, t=0.8778]
Epoch 58/60:  59%|█████▉    | 23/39 [00:00<00:00, 27.52it/s, loss=0.2254, rec=0.1538, t=0.8778]
Epoch 58/60:  67%|██████▋   | 26/39 [00:00<00:00, 27.75it/s, loss=0.2254, rec=0.1538, t=0.8778]
Epoch 58/60:  67%|██████▋   | 26/39 [00:00<00:00, 27.75it/s, loss=0.2249, rec=0.1538, t=0.8777]
Epoch 58/60:  67%|██████▋   | 26/39 [00:00<00:00, 27.75it/s, loss=0.2248, rec=0.1538, t=0.8777]
Epoch 58/60:  67%|██████▋   | 26/39 [00:00<00:00, 27.75it/s, loss=0.2247, rec=0.1538, t=0.8776]
Epoch 58/60:  67%|██████▋   | 26/39 [00:01<00:00, 27.75it/s, loss=0.2249, rec=0.1538, t=0.8776]
Epoch 58/60:  77%|███████▋  | 30/39 [00:01<00:00, 28.73it/s, loss=0.2249, rec=0.1538, t=0.8776]
Epoch 58/60:  77%|███████▋  | 30/39 [00:01<00:00, 28.73it/s, loss=0.2248, rec=0.1539, t=0.8775]
Epoch 58/60:  77%|███████▋  | 30/39 [00:01<00:00, 28.73it/s, loss=0.2250, rec=0.1539, t=0.8775]
Epoch 58/60:  77%|███████▋  | 30/39 [00:01<00:00, 28.73it/s, loss=0.2251, rec=0.1538, t=0.8774]
Epoch 58/60:  85%|████████▍ | 33/39 [00:01<00:00, 28.72it/s, loss=0.2251, rec=0.1538, t=0.8774]
Epoch 58/60:  85%|████████▍ | 33/39 [00:01<00:00, 28.72it/s, loss=0.2252, rec=0.1537, t=0.8774]
Epoch 58/60:  85%|████████▍ | 33/39 [00:01<00:00, 28.72it/s, loss=0.2253, rec=0.1538, t=0.8773]
Epoch 58/60:  85%|████████▍ | 33/39 [00:01<00:00, 28.72it/s, loss=0.2256, rec=0.1539, t=0.8772]
Epoch 58/60:  92%|█████████▏| 36/39 [00:01<00:00, 28.63it/s, loss=0.2256, rec=0.1539, t=0.8772]
Epoch 58/60:  92%|█████████▏| 36/39 [00:01<00:00, 28.63it/s, loss=0.2255, rec=0.1539, t=0.8772]
Epoch 58/60:  92%|█████████▏| 36/39 [00:01<00:00, 28.63it/s, loss=0.2258, rec=0.1539, t=0.8771]
Epoch 58/60:  92%|█████████▏| 36/39 [00:01<00:00, 28.63it/s, loss=0.2258, rec=0.1540, t=0.8771]
                                                                                               
[Epoch   58/60] loss=0.225768 | rec=0.153958 | cb=0.167605 | com=0.167605 | uniq=0.262966 | rqvae=0.058662 | t=0.877097 | global_step=2262

Epoch 59/60:   0%|          | 0/39 [00:00<?, ?it/s, loss=0.2202, rec=0.1547, t=0.8770]
Epoch 59/60:   0%|          | 0/39 [00:00<?, ?it/s, loss=0.2201, rec=0.1524, t=0.8770]
Epoch 59/60:   0%|          | 0/39 [00:00<?, ?it/s, loss=0.2245, rec=0.1534, t=0.8769]
Epoch 59/60:   8%|▊         | 3/39 [00:00<00:01, 23.47it/s, loss=0.2245, rec=0.1534, t=0.8769]
Epoch 59/60:   8%|▊         | 3/39 [00:00<00:01, 23.47it/s, loss=0.2241, rec=0.1537, t=0.8769]
Epoch 59/60:   8%|▊         | 3/39 [00:00<00:01, 23.47it/s, loss=0.2260, rec=0.1540, t=0.8768]
Epoch 59/60:   8%|▊         | 3/39 [00:00<00:01, 23.47it/s, loss=0.2266, rec=0.1543, t=0.8768]
Epoch 59/60:  15%|█▌        | 6/39 [00:00<00:01, 26.60it/s, loss=0.2266, rec=0.1543, t=0.8768]
Epoch 59/60:  15%|█▌        | 6/39 [00:00<00:01, 26.60it/s, loss=0.2260, rec=0.1541, t=0.8767]
Epoch 59/60:  15%|█▌        | 6/39 [00:00<00:01, 26.60it/s, loss=0.2264, rec=0.1544, t=0.8767]
Epoch 59/60:  15%|█▌        | 6/39 [00:00<00:01, 26.60it/s, loss=0.2263, rec=0.1545, t=0.8766]
Epoch 59/60:  23%|██▎       | 9/39 [00:00<00:01, 27.41it/s, loss=0.2263, rec=0.1545, t=0.8766]
Epoch 59/60:  23%|██▎       | 9/39 [00:00<00:01, 27.41it/s, loss=0.2259, rec=0.1544, t=0.8766]
Epoch 59/60:  23%|██▎       | 9/39 [00:00<00:01, 27.41it/s, loss=0.2260, rec=0.1543, t=0.8765]
Epoch 59/60:  23%|██▎       | 9/39 [00:00<00:01, 27.41it/s, loss=0.2260, rec=0.1544, t=0.8765]
Epoch 59/60:  31%|███       | 12/39 [00:00<00:00, 27.52it/s, loss=0.2260, rec=0.1544, t=0.8765]
Epoch 59/60:  31%|███       | 12/39 [00:00<00:00, 27.52it/s, loss=0.2245, rec=0.1542, t=0.8764]
Epoch 59/60:  31%|███       | 12/39 [00:00<00:00, 27.52it/s, loss=0.2244, rec=0.1540, t=0.8764]
Epoch 59/60:  31%|███       | 12/39 [00:00<00:00, 27.52it/s, loss=0.2248, rec=0.1539, t=0.8763]
Epoch 59/60:  31%|███       | 12/39 [00:00<00:00, 27.52it/s, loss=0.2242, rec=0.1540, t=0.8763]
Epoch 59/60:  41%|████      | 16/39 [00:00<00:00, 28.78it/s, loss=0.2242, rec=0.1540, t=0.8763]
Epoch 59/60:  41%|████      | 16/39 [00:00<00:00, 28.78it/s, loss=0.2245, rec=0.1540, t=0.8762]
Epoch 59/60:  41%|████      | 16/39 [00:00<00:00, 28.78it/s, loss=0.2248, rec=0.1540, t=0.8762]
Epoch 59/60:  41%|████      | 16/39 [00:00<00:00, 28.78it/s, loss=0.2255, rec=0.1541, t=0.8761]
Epoch 59/60:  49%|████▊     | 19/39 [00:00<00:00, 28.87it/s, loss=0.2255, rec=0.1541, t=0.8761]
Epoch 59/60:  49%|████▊     | 19/39 [00:00<00:00, 28.87it/s, loss=0.2258, rec=0.1541, t=0.8761]
Epoch 59/60:  49%|████▊     | 19/39 [00:00<00:00, 28.87it/s, loss=0.2266, rec=0.1541, t=0.8760]
Epoch 59/60:  49%|████▊     | 19/39 [00:00<00:00, 28.87it/s, loss=0.2263, rec=0.1541, t=0.8760]
Epoch 59/60:  49%|████▊     | 19/39 [00:00<00:00, 28.87it/s, loss=0.2266, rec=0.1541, t=0.8759]
Epoch 59/60:  59%|█████▉    | 23/39 [00:00<00:00, 29.32it/s, loss=0.2266, rec=0.1541, t=0.8759]
Epoch 59/60:  59%|█████▉    | 23/39 [00:00<00:00, 29.32it/s, loss=0.2267, rec=0.1541, t=0.8759]
Epoch 59/60:  59%|█████▉    | 23/39 [00:00<00:00, 29.32it/s, loss=0.2268, rec=0.1541, t=0.8758]
Epoch 59/60:  59%|█████▉    | 23/39 [00:00<00:00, 29.32it/s, loss=0.2267, rec=0.1541, t=0.8758]
Epoch 59/60:  67%|██████▋   | 26/39 [00:00<00:00, 29.17it/s, loss=0.2267, rec=0.1541, t=0.8758]
Epoch 59/60:  67%|██████▋   | 26/39 [00:00<00:00, 29.17it/s, loss=0.2268, rec=0.1542, t=0.8757]
Epoch 59/60:  67%|██████▋   | 26/39 [00:00<00:00, 29.17it/s, loss=0.2268, rec=0.1542, t=0.8757]
Epoch 59/60:  67%|██████▋   | 26/39 [00:01<00:00, 29.17it/s, loss=0.2269, rec=0.1543, t=0.8756]
Epoch 59/60:  74%|███████▍  | 29/39 [00:01<00:00, 28.82it/s, loss=0.2269, rec=0.1543, t=0.8756]
Epoch 59/60:  74%|███████▍  | 29/39 [00:01<00:00, 28.82it/s, loss=0.2268, rec=0.1543, t=0.8756]
Epoch 59/60:  74%|███████▍  | 29/39 [00:01<00:00, 28.82it/s, loss=0.2269, rec=0.1543, t=0.8755]
Epoch 59/60:  74%|███████▍  | 29/39 [00:01<00:00, 28.82it/s, loss=0.2271, rec=0.1544, t=0.8755]
Epoch 59/60:  82%|████████▏ | 32/39 [00:01<00:00, 28.35it/s, loss=0.2271, rec=0.1544, t=0.8755]
Epoch 59/60:  82%|████████▏ | 32/39 [00:01<00:00, 28.35it/s, loss=0.2271, rec=0.1544, t=0.8754]
Epoch 59/60:  82%|████████▏ | 32/39 [00:01<00:00, 28.35it/s, loss=0.2271, rec=0.1544, t=0.8754]
Epoch 59/60:  82%|████████▏ | 32/39 [00:01<00:00, 28.35it/s, loss=0.2272, rec=0.1544, t=0.8753]
Epoch 59/60:  90%|████████▉ | 35/39 [00:01<00:00, 27.78it/s, loss=0.2272, rec=0.1544, t=0.8753]
Epoch 59/60:  90%|████████▉ | 35/39 [00:01<00:00, 27.78it/s, loss=0.2267, rec=0.1544, t=0.8753]
Epoch 59/60:  90%|████████▉ | 35/39 [00:01<00:00, 27.78it/s, loss=0.2266, rec=0.1545, t=0.8752]
Epoch 59/60:  90%|████████▉ | 35/39 [00:01<00:00, 27.78it/s, loss=0.2264, rec=0.1545, t=0.8752]
Epoch 59/60:  90%|████████▉ | 35/39 [00:01<00:00, 27.78it/s, loss=0.2263, rec=0.1545, t=0.8751]
                                                                                               
[Epoch   59/60] loss=0.226340 | rec=0.154461 | cb=0.169965 | com=0.169965 | uniq=0.247828 | rqvae=0.059488 | t=0.875115 | global_step=2301

Epoch 60/60:   0%|          | 0/39 [00:00<?, ?it/s, loss=0.2272, rec=0.1557, t=0.8751]
Epoch 60/60:   0%|          | 0/39 [00:00<?, ?it/s, loss=0.2185, rec=0.1537, t=0.8750]
Epoch 60/60:   0%|          | 0/39 [00:00<?, ?it/s, loss=0.2208, rec=0.1538, t=0.8750]
Epoch 60/60:   8%|▊         | 3/39 [00:00<00:01, 23.56it/s, loss=0.2208, rec=0.1538, t=0.8750]
Epoch 60/60:   8%|▊         | 3/39 [00:00<00:01, 23.56it/s, loss=0.2215, rec=0.1539, t=0.8749]
Epoch 60/60:   8%|▊         | 3/39 [00:00<00:01, 23.56it/s, loss=0.2214, rec=0.1534, t=0.8749]
Epoch 60/60:   8%|▊         | 3/39 [00:00<00:01, 23.56it/s, loss=0.2203, rec=0.1536, t=0.8748]
Epoch 60/60:  15%|█▌        | 6/39 [00:00<00:01, 25.87it/s, loss=0.2203, rec=0.1536, t=0.8748]
Epoch 60/60:  15%|█▌        | 6/39 [00:00<00:01, 25.87it/s, loss=0.2220, rec=0.1535, t=0.8748]
Epoch 60/60:  15%|█▌        | 6/39 [00:00<00:01, 25.87it/s, loss=0.2231, rec=0.1535, t=0.8747]
Epoch 60/60:  15%|█▌        | 6/39 [00:00<00:01, 25.87it/s, loss=0.2238, rec=0.1533, t=0.8747]
Epoch 60/60:  23%|██▎       | 9/39 [00:00<00:01, 26.53it/s, loss=0.2238, rec=0.1533, t=0.8747]
Epoch 60/60:  23%|██▎       | 9/39 [00:00<00:01, 26.53it/s, loss=0.2245, rec=0.1537, t=0.8746]
Epoch 60/60:  23%|██▎       | 9/39 [00:00<00:01, 26.53it/s, loss=0.2240, rec=0.1535, t=0.8746]
Epoch 60/60:  23%|██▎       | 9/39 [00:00<00:01, 26.53it/s, loss=0.2238, rec=0.1534, t=0.8745]
Epoch 60/60:  31%|███       | 12/39 [00:00<00:00, 27.32it/s, loss=0.2238, rec=0.1534, t=0.8745]
Epoch 60/60:  31%|███       | 12/39 [00:00<00:00, 27.32it/s, loss=0.2237, rec=0.1534, t=0.8745]
Epoch 60/60:  31%|███       | 12/39 [00:00<00:00, 27.32it/s, loss=0.2243, rec=0.1534, t=0.8744]
Epoch 60/60:  31%|███       | 12/39 [00:00<00:00, 27.32it/s, loss=0.2247, rec=0.1536, t=0.8744]
Epoch 60/60:  38%|███▊      | 15/39 [00:00<00:00, 27.90it/s, loss=0.2247, rec=0.1536, t=0.8744]
Epoch 60/60:  38%|███▊      | 15/39 [00:00<00:00, 27.90it/s, loss=0.2247, rec=0.1535, t=0.8743]
Epoch 60/60:  38%|███▊      | 15/39 [00:00<00:00, 27.90it/s, loss=0.2248, rec=0.1535, t=0.8743]
Epoch 60/60:  38%|███▊      | 15/39 [00:00<00:00, 27.90it/s, loss=0.2248, rec=0.1536, t=0.8742]
Epoch 60/60:  46%|████▌     | 18/39 [00:00<00:00, 27.95it/s, loss=0.2248, rec=0.1536, t=0.8742]
Epoch 60/60:  46%|████▌     | 18/39 [00:00<00:00, 27.95it/s, loss=0.2241, rec=0.1536, t=0.8742]
Epoch 60/60:  46%|████▌     | 18/39 [00:00<00:00, 27.95it/s, loss=0.2242, rec=0.1536, t=0.8741]
Epoch 60/60:  46%|████▌     | 18/39 [00:00<00:00, 27.95it/s, loss=0.2240, rec=0.1536, t=0.8740]
Epoch 60/60:  54%|█████▍    | 21/39 [00:00<00:00, 28.26it/s, loss=0.2240, rec=0.1536, t=0.8740]
Epoch 60/60:  54%|█████▍    | 21/39 [00:00<00:00, 28.26it/s, loss=0.2240, rec=0.1535, t=0.8740]
Epoch 60/60:  54%|█████▍    | 21/39 [00:00<00:00, 28.26it/s, loss=0.2241, rec=0.1535, t=0.8739]
Epoch 60/60:  54%|█████▍    | 21/39 [00:00<00:00, 28.26it/s, loss=0.2242, rec=0.1536, t=0.8739]
Epoch 60/60:  62%|██████▏   | 24/39 [00:00<00:00, 28.18it/s, loss=0.2242, rec=0.1536, t=0.8739]
Epoch 60/60:  62%|██████▏   | 24/39 [00:00<00:00, 28.18it/s, loss=0.2242, rec=0.1537, t=0.8738]
Epoch 60/60:  62%|██████▏   | 24/39 [00:00<00:00, 28.18it/s, loss=0.2243, rec=0.1537, t=0.8738]
Epoch 60/60:  62%|██████▏   | 24/39 [00:00<00:00, 28.18it/s, loss=0.2247, rec=0.1538, t=0.8737]
Epoch 60/60:  69%|██████▉   | 27/39 [00:00<00:00, 28.00it/s, loss=0.2247, rec=0.1538, t=0.8737]
Epoch 60/60:  69%|██████▉   | 27/39 [00:01<00:00, 28.00it/s, loss=0.2246, rec=0.1537, t=0.8737]
Epoch 60/60:  69%|██████▉   | 27/39 [00:01<00:00, 28.00it/s, loss=0.2246, rec=0.1538, t=0.8736]
Epoch 60/60:  69%|██████▉   | 27/39 [00:01<00:00, 28.00it/s, loss=0.2246, rec=0.1538, t=0.8736]
Epoch 60/60:  77%|███████▋  | 30/39 [00:01<00:00, 27.30it/s, loss=0.2246, rec=0.1538, t=0.8736]
Epoch 60/60:  77%|███████▋  | 30/39 [00:01<00:00, 27.30it/s, loss=0.2246, rec=0.1537, t=0.8735]
Epoch 60/60:  77%|███████▋  | 30/39 [00:01<00:00, 27.30it/s, loss=0.2248, rec=0.1536, t=0.8735]
Epoch 60/60:  77%|███████▋  | 30/39 [00:01<00:00, 27.30it/s, loss=0.2248, rec=0.1535, t=0.8734]
Epoch 60/60:  85%|████████▍ | 33/39 [00:01<00:00, 27.10it/s, loss=0.2248, rec=0.1535, t=0.8734]
Epoch 60/60:  85%|████████▍ | 33/39 [00:01<00:00, 27.10it/s, loss=0.2250, rec=0.1535, t=0.8734]
Epoch 60/60:  85%|████████▍ | 33/39 [00:01<00:00, 27.10it/s, loss=0.2250, rec=0.1535, t=0.8733]
Epoch 60/60:  85%|████████▍ | 33/39 [00:01<00:00, 27.10it/s, loss=0.2251, rec=0.1535, t=0.8733]
Epoch 60/60:  92%|█████████▏| 36/39 [00:01<00:00, 27.04it/s, loss=0.2251, rec=0.1535, t=0.8733]
Epoch 60/60:  92%|█████████▏| 36/39 [00:01<00:00, 27.04it/s, loss=0.2250, rec=0.1534, t=0.8732]
Epoch 60/60:  92%|█████████▏| 36/39 [00:01<00:00, 27.04it/s, loss=0.2252, rec=0.1534, t=0.8732]
Epoch 60/60:  92%|█████████▏| 36/39 [00:01<00:00, 27.04it/s, loss=0.2252, rec=0.1534, t=0.8731]
                                                                                               
[Epoch   60/60] loss=0.225162 | rec=0.153423 | cb=0.167773 | com=0.167773 | uniq=0.260370 | rqvae=0.058721 | t=0.873138 | global_step=2340
[Validation epoch 60] loss=0.236064 | rec=0.158920 | cb=0.171120 | com=0.171120 | uniq=0.345045 | rqvae=0.059892
[Best Checkpoint] Reconstruction Loss improved -> <scratch>/mid_run_article/checkpoint_best_rec.pt
[EarlyStopping] epoch=60 | improved_total=False | improved_rec=True | counter=0/20 | best_total=0.202915@20 | best_rec=0.158920@60

======================================================================
LOSS AFTER TRAINING
======================================================================
[TRAIN]
  total loss          : 0.228191
  reconstruction loss : 0.151757
  codebook loss       : 0.171657
  commitment loss     : 0.171657
  uniqueness loss     : 0.327080
  rqvae loss          : 0.060080

[VALIDATION]
  total loss          : 0.236064
  reconstruction loss : 0.158920
  codebook loss       : 0.171120
  commitment loss     : 0.171120
  uniqueness loss     : 0.345045
  rqvae loss          : 0.059892
======================================================================

======================================================================
LOSS CHANGE: BEFORE -> AFTER
======================================================================
Train total         : 1.113459 -> 0.228191 (-0.885268)
Train reconstruction: 1.022622 -> 0.151757 (-0.870864)
Train codebook      : 0.211512 -> 0.171657 (-0.039856)
Train commitment    : 0.211512 -> 0.171657 (-0.039856)
Train uniqueness    : 0.336163 -> 0.327080 (-0.009083)
Train rqvae         : 0.074029 -> 0.060080 (-0.013950)

Valid total         : 1.113931 -> 0.236064 (-0.877866)
Valid reconstruction: 1.023156 -> 0.158920 (-0.864236)
Valid codebook      : 0.211079 -> 0.171120 (-0.039959)
Valid commitment    : 0.211079 -> 0.171120 (-0.039959)
Valid uniqueness    : 0.337937 -> 0.345045 (+0.007108)
Valid rqvae         : 0.073878 -> 0.059892 (-0.013986)
======================================================================


======================================================================
Final model saved: <scratch>/mid_run_article/checkpoint_final.pt
Final epoch: 60
Early stopped: False
Final global_step: 2340
======================================================================
