Device: cpu
PyTorch checkpoint save/load test: OK

======================================================================
RQ-VAE TRAIN CONFIG
======================================================================
dataset_folder             : <scratch>/real_data

[Training]
epochs                     : 60
batch_size                 : 256
learning_rate              : 0.0002
weight_decay               : 0.0
gradient_accumulate_every  : 1

[Network]
vae_input_dim              : 768
vae_hidden_dims            : [512]
vae_embed_dim              : 128

[Codebooks]
Q1 num_categories          : 25
Q2 codebook size           : 128
Q3 codebook size           : 512

[Quantization]
codebook_normalize         : False
sim_vq                     : False
forward_mode               : QuantizeForwardMode.STE
gumbel_t0                  : 1.0
gumbel_min_t               : 0.1
gumbel_anneal_rate         : 5.8e-05

[Loss]
lambda_rec                 : 1.0
lambda_cb                  : 0.25
lambda_com                 : 0.1
lambda_uniq                : 0.05
uniqueness_margin          : 0.5

[Runtime]
amp                        : False
mixed_precision_type       : fp16
do_eval                    : True
eval_every_epochs          : 10

[Early Stopping]
early_stopping             : False
early_stopping_min_epochs  : 200
early_stopping_patience    : 20
early_stopping_min_delta   : 0.001

[Checkpoint]
save_model_every_epochs    : 50
seed                       : 42
save_dir_root              : <scratch>/mid_run_event
======================================================================

Train articles: 9738
Validation articles: 3122
C2 mode: event (train events=9145, max event size=39)
Batches per epoch: 39
Optimizer steps per epoch: 39
Planned optimizer updates: 2340

======================================================================
Q2 CODEBOOK INITIALIZATION
======================================================================

Train articles : 9738
Train events   : 9145
z(E) shape     : (9145, 128)
Running K-means (k=128)...
Centroid shape : (128, 128)
Q2 codebook initialized.
======================================================================

[EventC2 before training] {"epoch": 0, "train": {"articles": 9738, "unique_c123": 1648, "c123_collision_rate": 0.8307660710618197, "c123_collision_article_ratio": 0.9294516327788047, "max_c4": 153, "same_event_c2_consistency": 1.0}, "q2_codes_used_by_events": 128, "q2_codes_used_by_articles": 128, "q2_dead_codes": 0, "q2_article_entropy_bits": 6.897124233898661, "q2_top10_article_share": 0.128568494557404, "event_code_churn": null, "event_code_churn_article_weighted": null, "in_epoch_vs_snapshot_code_agreement": null, "validation": {"articles": 3122, "unique_c123": 946, "c123_collision_rate": 0.6969891095451634, "c123_collision_article_ratio": 0.8401665598975016, "max_c4": 78, "same_event_c2_consistency": 1.0}, "train_validation": {"articles": 12860, "unique_c123": 1870, "c123_collision_rate": 0.8545878693623639, "c123_collision_article_ratio": 0.9397356143079316, "max_c4": 169, "same_event_c2_consistency": 1.0}, "stage": "before_training"}

======================================================================
LOSS BEFORE TRAINING (after Q2 initialization / loaded checkpoint)
======================================================================
[TRAIN]
  total loss          : 1.094911
  reconstruction loss : 1.023835
  codebook loss       : 0.148886
  commitment loss     : 0.148886
  uniqueness loss     : 0.379319
  rqvae loss          : 0.052110

[VALIDATION]
  total loss          : 1.095371
  reconstruction loss : 1.024306
  codebook loss       : 0.148622
  commitment loss     : 0.148622
  uniqueness loss     : 0.380937
  rqvae loss          : 0.052018
======================================================================


Consider using tensor.detach() first. (Triggered internally at /__w/pytorch/pytorch/torch/csrc/autograd/generated/python_variable_methods.cpp:820.)
  + float(value) * x.shape[0]

Epoch 1/60:   0%|          | 0/39 [00:00<?, ?it/s, loss=1.0936, rec=1.0235, t=1.0000]
Epoch 1/60:   0%|          | 0/39 [00:00<?, ?it/s, loss=1.0785, rec=1.0105, t=0.9999]
Epoch 1/60:   5%|▌         | 2/39 [00:00<00:02, 14.82it/s, loss=1.0785, rec=1.0105, t=0.9999]
Epoch 1/60:   5%|▌         | 2/39 [00:00<00:02, 14.82it/s, loss=1.0652, rec=0.9980, t=0.9999]
Epoch 1/60:   5%|▌         | 2/39 [00:00<00:02, 14.82it/s, loss=1.0536, rec=0.9863, t=0.9998]
Epoch 1/60:   5%|▌         | 2/39 [00:00<00:02, 14.82it/s, loss=1.0430, rec=0.9750, t=0.9998]
Epoch 1/60:  13%|█▎        | 5/39 [00:00<00:01, 22.23it/s, loss=1.0430, rec=0.9750, t=0.9998]
Epoch 1/60:  13%|█▎        | 5/39 [00:00<00:01, 22.23it/s, loss=1.0334, rec=0.9641, t=0.9997]
Epoch 1/60:  13%|█▎        | 5/39 [00:00<00:01, 22.23it/s, loss=1.0245, rec=0.9533, t=0.9997]
Epoch 1/60:  13%|█▎        | 5/39 [00:00<00:01, 22.23it/s, loss=1.0164, rec=0.9432, t=0.9996]
Epoch 1/60:  21%|██        | 8/39 [00:00<00:01, 23.26it/s, loss=1.0164, rec=0.9432, t=0.9996]
Epoch 1/60:  21%|██        | 8/39 [00:00<00:01, 23.26it/s, loss=1.0088, rec=0.9329, t=0.9995]
Epoch 1/60:  21%|██        | 8/39 [00:00<00:01, 23.26it/s, loss=1.0020, rec=0.9230, t=0.9995]
Epoch 1/60:  21%|██        | 8/39 [00:00<00:01, 23.26it/s, loss=0.9961, rec=0.9132, t=0.9994]
Epoch 1/60:  28%|██▊       | 11/39 [00:00<00:01, 25.59it/s, loss=0.9961, rec=0.9132, t=0.9994]
Epoch 1/60:  28%|██▊       | 11/39 [00:00<00:01, 25.59it/s, loss=0.9910, rec=0.9035, t=0.9994]
Epoch 1/60:  28%|██▊       | 11/39 [00:00<00:01, 25.59it/s, loss=0.9868, rec=0.8938, t=0.9993]
Epoch 1/60:  28%|██▊       | 11/39 [00:00<00:01, 25.59it/s, loss=0.9838, rec=0.8840, t=0.9992]
Epoch 1/60:  28%|██▊       | 11/39 [00:00<00:01, 25.59it/s, loss=0.9822, rec=0.8743, t=0.9992]
Epoch 1/60:  38%|███▊      | 15/39 [00:00<00:00, 27.78it/s, loss=0.9822, rec=0.8743, t=0.9992]
Epoch 1/60:  38%|███▊      | 15/39 [00:00<00:00, 27.78it/s, loss=0.9825, rec=0.8647, t=0.9991]
Epoch 1/60:  38%|███▊      | 15/39 [00:00<00:00, 27.78it/s, loss=0.9847, rec=0.8552, t=0.9991]
Epoch 1/60:  38%|███▊      | 15/39 [00:00<00:00, 27.78it/s, loss=0.9892, rec=0.8454, t=0.9990]
Epoch 1/60:  46%|████▌     | 18/39 [00:00<00:00, 28.40it/s, loss=0.9892, rec=0.8454, t=0.9990]
Epoch 1/60:  46%|████▌     | 18/39 [00:00<00:00, 28.40it/s, loss=0.9963, rec=0.8356, t=0.9990]
Epoch 1/60:  46%|████▌     | 18/39 [00:00<00:00, 28.40it/s, loss=1.0063, rec=0.8255, t=0.9989]
Epoch 1/60:  46%|████▌     | 18/39 [00:00<00:00, 28.40it/s, loss=1.0201, rec=0.8153, t=0.9988]
Epoch 1/60:  46%|████▌     | 18/39 [00:00<00:00, 28.40it/s, loss=1.0382, rec=0.8050, t=0.9988]
Epoch 1/60:  56%|█████▋    | 22/39 [00:00<00:00, 29.54it/s, loss=1.0382, rec=0.8050, t=0.9988]
Epoch 1/60:  56%|█████▋    | 22/39 [00:00<00:00, 29.54it/s, loss=1.0611, rec=0.7946, t=0.9987]
Epoch 1/60:  56%|█████▋    | 22/39 [00:00<00:00, 29.54it/s, loss=1.0894, rec=0.7835, t=0.9987]
Epoch 1/60:  56%|█████▋    | 22/39 [00:00<00:00, 29.54it/s, loss=1.1243, rec=0.7723, t=0.9986]
Epoch 1/60:  56%|█████▋    | 22/39 [00:00<00:00, 29.54it/s, loss=1.1666, rec=0.7610, t=0.9986]
Epoch 1/60:  67%|██████▋   | 26/39 [00:00<00:00, 30.17it/s, loss=1.1666, rec=0.7610, t=0.9986]
Epoch 1/60:  67%|██████▋   | 26/39 [00:00<00:00, 30.17it/s, loss=1.2171, rec=0.7495, t=0.9985]
Epoch 1/60:  67%|██████▋   | 26/39 [00:01<00:00, 30.17it/s, loss=1.2763, rec=0.7380, t=0.9984]
Epoch 1/60:  67%|██████▋   | 26/39 [00:01<00:00, 30.17it/s, loss=1.3441, rec=0.7266, t=0.9984]
Epoch 1/60:  67%|██████▋   | 26/39 [00:01<00:00, 30.17it/s, loss=1.4206, rec=0.7153, t=0.9983]
Epoch 1/60:  77%|███████▋  | 30/39 [00:01<00:00, 30.68it/s, loss=1.4206, rec=0.7153, t=0.9983]
Epoch 1/60:  77%|███████▋  | 30/39 [00:01<00:00, 30.68it/s, loss=1.5035, rec=0.7042, t=0.9983]
Epoch 1/60:  77%|███████▋  | 30/39 [00:01<00:00, 30.68it/s, loss=1.5898, rec=0.6934, t=0.9982]
Epoch 1/60:  77%|███████▋  | 30/39 [00:01<00:00, 30.68it/s, loss=1.6745, rec=0.6830, t=0.9981]
Epoch 1/60:  77%|███████▋  | 30/39 [00:01<00:00, 30.68it/s, loss=1.7542, rec=0.6730, t=0.9981]
Epoch 1/60:  87%|████████▋ | 34/39 [00:01<00:00, 30.75it/s, loss=1.7542, rec=0.6730, t=0.9981]
Epoch 1/60:  87%|████████▋ | 34/39 [00:01<00:00, 30.75it/s, loss=1.8247, rec=0.6633, t=0.9980]
Epoch 1/60:  87%|████████▋ | 34/39 [00:01<00:00, 30.75it/s, loss=1.8841, rec=0.6541, t=0.9980]
Epoch 1/60:  87%|████████▋ | 34/39 [00:01<00:00, 30.75it/s, loss=1.9311, rec=0.6453, t=0.9979]
Epoch 1/60:  87%|████████▋ | 34/39 [00:01<00:00, 30.75it/s, loss=1.9654, rec=0.6369, t=0.9979]
Epoch 1/60:  97%|█████████▋| 38/39 [00:01<00:00, 32.01it/s, loss=1.9654, rec=0.6369, t=0.9979]
Epoch 1/60:  97%|█████████▋| 38/39 [00:01<00:00, 32.01it/s, loss=1.9665, rec=0.6365, t=0.9978]
                                                                                              
[Epoch    1/60] loss=1.966452 | rec=0.636529 | cb=3.733736 | com=3.733736 | uniq=0.462316 | rqvae=1.306808 | t=0.997798 | global_step=39
[EventC2 epoch 1] churn=0.9928922908693275 | churn_art=0.9931197371123434 | step_vs_snapshot=0.9081465281574631 | q2_used(events/articles)=1/1 | dead=127 | same_event_c2=1.0 | c123_collision=0.9970 | max_c4=2429 | cb_q1/q2/q3=1.30964/1.26947/1.15463 | com_q1/q2/q3=1.30964/1.26947/1.15463

Epoch 2/60:   0%|          | 0/39 [00:00<?, ?it/s, loss=2.4583, rec=0.3155, t=0.9977]
Epoch 2/60:   0%|          | 0/39 [00:00<?, ?it/s, loss=2.2773, rec=0.3136, t=0.9977]
Epoch 2/60:   0%|          | 0/39 [00:00<?, ?it/s, loss=2.1078, rec=0.3100, t=0.9976]
Epoch 2/60:   8%|▊         | 3/39 [00:00<00:01, 24.60it/s, loss=2.1078, rec=0.3100, t=0.9976]
Epoch 2/60:   8%|▊         | 3/39 [00:00<00:01, 24.60it/s, loss=1.9517, rec=0.3060, t=0.9976]
Epoch 2/60:   8%|▊         | 3/39 [00:00<00:01, 24.60it/s, loss=1.8091, rec=0.3014, t=0.9975]
Epoch 2/60:   8%|▊         | 3/39 [00:00<00:01, 24.60it/s, loss=1.6802, rec=0.2967, t=0.9975]
Epoch 2/60:  15%|█▌        | 6/39 [00:00<00:01, 26.98it/s, loss=1.6802, rec=0.2967, t=0.9975]
Epoch 2/60:  15%|█▌        | 6/39 [00:00<00:01, 26.98it/s, loss=1.5636, rec=0.2916, t=0.9974]
Epoch 2/60:  15%|█▌        | 6/39 [00:00<00:01, 26.98it/s, loss=1.4596, rec=0.2867, t=0.9973]
Epoch 2/60:  15%|█▌        | 6/39 [00:00<00:01, 26.98it/s, loss=1.3665, rec=0.2819, t=0.9973]
Epoch 2/60:  23%|██▎       | 9/39 [00:00<00:01, 28.02it/s, loss=1.3665, rec=0.2819, t=0.9973]
Epoch 2/60:  23%|██▎       | 9/39 [00:00<00:01, 28.02it/s, loss=1.2837, rec=0.2775, t=0.9972]
Epoch 2/60:  23%|██▎       | 9/39 [00:00<00:01, 28.02it/s, loss=1.2104, rec=0.2735, t=0.9972]
Epoch 2/60:  23%|██▎       | 9/39 [00:00<00:01, 28.02it/s, loss=1.1458, rec=0.2701, t=0.9971]
Epoch 2/60:  23%|██▎       | 9/39 [00:00<00:01, 28.02it/s, loss=1.0891, rec=0.2676, t=0.9970]
Epoch 2/60:  33%|███▎      | 13/39 [00:00<00:00, 28.95it/s, loss=1.0891, rec=0.2676, t=0.9970]
Epoch 2/60:  33%|███▎      | 13/39 [00:00<00:00, 28.95it/s, loss=1.0390, rec=0.2657, t=0.9970]
Epoch 2/60:  33%|███▎      | 13/39 [00:00<00:00, 28.95it/s, loss=0.9944, rec=0.2640, t=0.9969]
Epoch 2/60:  33%|███▎      | 13/39 [00:00<00:00, 28.95it/s, loss=0.9545, rec=0.2624, t=0.9969]
Epoch 2/60:  41%|████      | 16/39 [00:00<00:00, 24.47it/s, loss=0.9545, rec=0.2624, t=0.9969]
Epoch 2/60:  41%|████      | 16/39 [00:00<00:00, 24.47it/s, loss=0.9186, rec=0.2609, t=0.9968]
Epoch 2/60:  41%|████      | 16/39 [00:00<00:00, 24.47it/s, loss=0.8864, rec=0.2595, t=0.9968]
Epoch 2/60:  41%|████      | 16/39 [00:00<00:00, 24.47it/s, loss=0.8572, rec=0.2582, t=0.9967]
Epoch 2/60:  49%|████▊     | 19/39 [00:00<00:00, 23.48it/s, loss=0.8572, rec=0.2582, t=0.9967]
Epoch 2/60:  49%|████▊     | 19/39 [00:00<00:00, 23.48it/s, loss=0.8305, rec=0.2567, t=0.9966]
Epoch 2/60:  49%|████▊     | 19/39 [00:00<00:00, 23.48it/s, loss=0.8060, rec=0.2553, t=0.9966]
Epoch 2/60:  49%|████▊     | 19/39 [00:00<00:00, 23.48it/s, loss=0.7836, rec=0.2539, t=0.9965]
Epoch 2/60:  56%|█████▋    | 22/39 [00:00<00:00, 24.48it/s, loss=0.7836, rec=0.2539, t=0.9965]
Epoch 2/60:  56%|█████▋    | 22/39 [00:00<00:00, 24.48it/s, loss=0.7628, rec=0.2524, t=0.9965]
Epoch 2/60:  56%|█████▋    | 22/39 [00:00<00:00, 24.48it/s, loss=0.7436, rec=0.2509, t=0.9964]
Epoch 2/60:  56%|█████▋    | 22/39 [00:00<00:00, 24.48it/s, loss=0.7257, rec=0.2494, t=0.9964]
Epoch 2/60:  64%|██████▍   | 25/39 [00:00<00:00, 24.67it/s, loss=0.7257, rec=0.2494, t=0.9964]
Epoch 2/60:  64%|██████▍   | 25/39 [00:01<00:00, 24.67it/s, loss=0.7091, rec=0.2480, t=0.9963]
Epoch 2/60:  64%|██████▍   | 25/39 [00:01<00:00, 24.67it/s, loss=0.6938, rec=0.2467, t=0.9962]
Epoch 2/60:  64%|██████▍   | 25/39 [00:01<00:00, 24.67it/s, loss=0.6794, rec=0.2454, t=0.9962]
Epoch 2/60:  72%|███████▏  | 28/39 [00:01<00:00, 24.85it/s, loss=0.6794, rec=0.2454, t=0.9962]
Epoch 2/60:  72%|███████▏  | 28/39 [00:01<00:00, 24.85it/s, loss=0.6658, rec=0.2440, t=0.9961]
Epoch 2/60:  72%|███████▏  | 28/39 [00:01<00:00, 24.85it/s, loss=0.6532, rec=0.2429, t=0.9961]
Epoch 2/60:  72%|███████▏  | 28/39 [00:01<00:00, 24.85it/s, loss=0.6413, rec=0.2418, t=0.9960]
Epoch 2/60:  79%|███████▉  | 31/39 [00:01<00:00, 25.71it/s, loss=0.6413, rec=0.2418, t=0.9960]
Epoch 2/60:  79%|███████▉  | 31/39 [00:01<00:00, 25.71it/s, loss=0.6301, rec=0.2407, t=0.9959]
Epoch 2/60:  79%|███████▉  | 31/39 [00:01<00:00, 25.71it/s, loss=0.6196, rec=0.2397, t=0.9959]
Epoch 2/60:  79%|███████▉  | 31/39 [00:01<00:00, 25.71it/s, loss=0.6095, rec=0.2387, t=0.9958]
Epoch 2/60:  87%|████████▋ | 34/39 [00:01<00:00, 26.23it/s, loss=0.6095, rec=0.2387, t=0.9958]
Epoch 2/60:  87%|████████▋ | 34/39 [00:01<00:00, 26.23it/s, loss=0.5999, rec=0.2377, t=0.9958]
Epoch 2/60:  87%|████████▋ | 34/39 [00:01<00:00, 26.23it/s, loss=0.5911, rec=0.2368, t=0.9957]
Epoch 2/60:  87%|████████▋ | 34/39 [00:01<00:00, 26.23it/s, loss=0.5825, rec=0.2359, t=0.9957]
Epoch 2/60:  87%|████████▋ | 34/39 [00:01<00:00, 26.23it/s, loss=0.5743, rec=0.2351, t=0.9956]
Epoch 2/60:  97%|█████████▋| 38/39 [00:01<00:00, 28.66it/s, loss=0.5743, rec=0.2351, t=0.9956]
Epoch 2/60:  97%|█████████▋| 38/39 [00:01<00:00, 28.66it/s, loss=0.5736, rec=0.2350, t=0.9955]
                                                                                              
[Epoch    2/60] loss=0.573619 | rec=0.234990 | cb=0.897940 | com=0.897940 | uniq=0.487005 | rqvae=0.314279 | t=0.995544 | global_step=78
[EventC2 epoch 2] churn=0.0 | churn_art=0.0 | step_vs_snapshot=1.0 | q2_used(events/articles)=1/1 | dead=127 | same_event_c2=1.0 | c123_collision=0.9974 | max_c4=2429 | cb_q1/q2/q3=0.34166/0.31035/0.24594 | com_q1/q2/q3=0.34166/0.31035/0.24594

Epoch 3/60:   0%|          | 0/39 [00:00<?, ?it/s, loss=0.2674, rec=0.2026, t=0.9955]
Epoch 3/60:   0%|          | 0/39 [00:00<?, ?it/s, loss=0.2648, rec=0.2008, t=0.9954]
Epoch 3/60:   5%|▌         | 2/39 [00:00<00:01, 19.52it/s, loss=0.2648, rec=0.2008, t=0.9954]
Epoch 3/60:   5%|▌         | 2/39 [00:00<00:01, 19.52it/s, loss=0.2645, rec=0.2012, t=0.9954]
Epoch 3/60:   5%|▌         | 2/39 [00:00<00:01, 19.52it/s, loss=0.2639, rec=0.2012, t=0.9953]
Epoch 3/60:   5%|▌         | 2/39 [00:00<00:01, 19.52it/s, loss=0.2634, rec=0.2012, t=0.9953]
Epoch 3/60:  13%|█▎        | 5/39 [00:00<00:01, 25.28it/s, loss=0.2634, rec=0.2012, t=0.9953]
Epoch 3/60:  13%|█▎        | 5/39 [00:00<00:01, 25.28it/s, loss=0.2630, rec=0.2013, t=0.9952]
Epoch 3/60:  13%|█▎        | 5/39 [00:00<00:01, 25.28it/s, loss=0.2624, rec=0.2011, t=0.9951]
Epoch 3/60:  13%|█▎        | 5/39 [00:00<00:01, 25.28it/s, loss=0.2618, rec=0.2010, t=0.9951]
Epoch 3/60:  13%|█▎        | 5/39 [00:00<00:01, 25.28it/s, loss=0.2614, rec=0.2010, t=0.9950]
Epoch 3/60:  23%|██▎       | 9/39 [00:00<00:01, 27.85it/s, loss=0.2614, rec=0.2010, t=0.9950]
Epoch 3/60:  23%|██▎       | 9/39 [00:00<00:01, 27.85it/s, loss=0.2613, rec=0.2012, t=0.9950]
Epoch 3/60:  23%|██▎       | 9/39 [00:00<00:01, 27.85it/s, loss=0.2610, rec=0.2012, t=0.9949]
Epoch 3/60:  23%|██▎       | 9/39 [00:00<00:01, 27.85it/s, loss=0.2607, rec=0.2012, t=0.9949]
Epoch 3/60:  23%|██▎       | 9/39 [00:00<00:01, 27.85it/s, loss=0.2601, rec=0.2009, t=0.9948]
Epoch 3/60:  33%|███▎      | 13/39 [00:00<00:00, 28.95it/s, loss=0.2601, rec=0.2009, t=0.9948]
Epoch 3/60:  33%|███▎      | 13/39 [00:00<00:00, 28.95it/s, loss=0.2597, rec=0.2008, t=0.9947]
Epoch 3/60:  33%|███▎      | 13/39 [00:00<00:00, 28.95it/s, loss=0.2594, rec=0.2007, t=0.9947]
Epoch 3/60:  33%|███▎      | 13/39 [00:00<00:00, 28.95it/s, loss=0.2590, rec=0.2005, t=0.9946]
Epoch 3/60:  33%|███▎      | 13/39 [00:00<00:00, 28.95it/s, loss=0.2586, rec=0.2004, t=0.9946]
Epoch 3/60:  44%|████▎     | 17/39 [00:00<00:00, 29.69it/s, loss=0.2586, rec=0.2004, t=0.9946]
Epoch 3/60:  44%|████▎     | 17/39 [00:00<00:00, 29.69it/s, loss=0.2583, rec=0.2003, t=0.9945]
Epoch 3/60:  44%|████▎     | 17/39 [00:00<00:00, 29.69it/s, loss=0.2578, rec=0.2001, t=0.9944]
Epoch 3/60:  44%|████▎     | 17/39 [00:00<00:00, 29.69it/s, loss=0.2575, rec=0.2000, t=0.9944]
Epoch 3/60:  51%|█████▏    | 20/39 [00:00<00:00, 29.77it/s, loss=0.2575, rec=0.2000, t=0.9944]
Epoch 3/60:  51%|█████▏    | 20/39 [00:00<00:00, 29.77it/s, loss=0.2574, rec=0.2000, t=0.9943]
Epoch 3/60:  51%|█████▏    | 20/39 [00:00<00:00, 29.77it/s, loss=0.2571, rec=0.2000, t=0.9943]
Epoch 3/60:  51%|█████▏    | 20/39 [00:00<00:00, 29.77it/s, loss=0.2568, rec=0.1999, t=0.9942]
Epoch 3/60:  59%|█████▉    | 23/39 [00:00<00:00, 29.29it/s, loss=0.2568, rec=0.1999, t=0.9942]
Epoch 3/60:  59%|█████▉    | 23/39 [00:00<00:00, 29.29it/s, loss=0.2565, rec=0.1998, t=0.9942]
Epoch 3/60:  59%|█████▉    | 23/39 [00:00<00:00, 29.29it/s, loss=0.2562, rec=0.1997, t=0.9941]
Epoch 3/60:  59%|█████▉    | 23/39 [00:00<00:00, 29.29it/s, loss=0.2560, rec=0.1996, t=0.9940]
Epoch 3/60:  67%|██████▋   | 26/39 [00:00<00:00, 29.48it/s, loss=0.2560, rec=0.1996, t=0.9940]
Epoch 3/60:  67%|██████▋   | 26/39 [00:00<00:00, 29.48it/s, loss=0.2557, rec=0.1996, t=0.9940]
Epoch 3/60:  67%|██████▋   | 26/39 [00:00<00:00, 29.48it/s, loss=0.2554, rec=0.1995, t=0.9939]
Epoch 3/60:  67%|██████▋   | 26/39 [00:01<00:00, 29.48it/s, loss=0.2551, rec=0.1994, t=0.9939]
Epoch 3/60:  74%|███████▍  | 29/39 [00:01<00:00, 29.41it/s, loss=0.2551, rec=0.1994, t=0.9939]
Epoch 3/60:  74%|███████▍  | 29/39 [00:01<00:00, 29.41it/s, loss=0.2548, rec=0.1993, t=0.9938]
Epoch 3/60:  74%|███████▍  | 29/39 [00:01<00:00, 29.41it/s, loss=0.2545, rec=0.1992, t=0.9938]
Epoch 3/60:  74%|███████▍  | 29/39 [00:01<00:00, 29.41it/s, loss=0.2542, rec=0.1991, t=0.9937]
Epoch 3/60:  82%|████████▏ | 32/39 [00:01<00:00, 29.45it/s, loss=0.2542, rec=0.1991, t=0.9937]
Epoch 3/60:  82%|████████▏ | 32/39 [00:01<00:00, 29.45it/s, loss=0.2540, rec=0.1991, t=0.9936]
Epoch 3/60:  82%|████████▏ | 32/39 [00:01<00:00, 29.45it/s, loss=0.2537, rec=0.1990, t=0.9936]
Epoch 3/60:  82%|████████▏ | 32/39 [00:01<00:00, 29.45it/s, loss=0.2535, rec=0.1990, t=0.9935]
Epoch 3/60:  90%|████████▉ | 35/39 [00:01<00:00, 29.59it/s, loss=0.2535, rec=0.1990, t=0.9935]
Epoch 3/60:  90%|████████▉ | 35/39 [00:01<00:00, 29.59it/s, loss=0.2532, rec=0.1989, t=0.9935]
Epoch 3/60:  90%|████████▉ | 35/39 [00:01<00:00, 29.59it/s, loss=0.2529, rec=0.1988, t=0.9934]
Epoch 3/60:  90%|████████▉ | 35/39 [00:01<00:00, 29.59it/s, loss=0.2526, rec=0.1987, t=0.9934]
Epoch 3/60:  90%|████████▉ | 35/39 [00:01<00:00, 29.59it/s, loss=0.2526, rec=0.1987, t=0.9933]
                                                                                              
[Epoch    3/60] loss=0.252572 | rec=0.198694 | cb=0.086509 | com=0.086509 | uniq=0.472001 | rqvae=0.030278 | t=0.993295 | global_step=117
[EventC2 epoch 3] churn=0.0 | churn_art=0.0 | step_vs_snapshot=1.0 | q2_used(events/articles)=1/1 | dead=127 | same_event_c2=1.0 | c123_collision=0.9973 | max_c4=2429 | cb_q1/q2/q3=0.04561/0.01565/0.02525 | com_q1/q2/q3=0.04561/0.01565/0.02525

Epoch 4/60:   0%|          | 0/39 [00:00<?, ?it/s, loss=0.2428, rec=0.1959, t=0.9932]
Epoch 4/60:   0%|          | 0/39 [00:00<?, ?it/s, loss=0.2425, rec=0.1956, t=0.9932]
Epoch 4/60:   0%|          | 0/39 [00:00<?, ?it/s, loss=0.2426, rec=0.1960, t=0.9931]
Epoch 4/60:   8%|▊         | 3/39 [00:00<00:01, 26.25it/s, loss=0.2426, rec=0.1960, t=0.9931]
Epoch 4/60:   8%|▊         | 3/39 [00:00<00:01, 26.25it/s, loss=0.2426, rec=0.1960, t=0.9931]
Epoch 4/60:   8%|▊         | 3/39 [00:00<00:01, 26.25it/s, loss=0.2425, rec=0.1961, t=0.9930]
Epoch 4/60:   8%|▊         | 3/39 [00:00<00:01, 26.25it/s, loss=0.2428, rec=0.1964, t=0.9929]
Epoch 4/60:   8%|▊         | 3/39 [00:00<00:01, 26.25it/s, loss=0.2422, rec=0.1958, t=0.9929]
Epoch 4/60:  18%|█▊        | 7/39 [00:00<00:01, 30.08it/s, loss=0.2422, rec=0.1958, t=0.9929]
Epoch 4/60:  18%|█▊        | 7/39 [00:00<00:01, 30.08it/s, loss=0.2424, rec=0.1960, t=0.9928]
Epoch 4/60:  18%|█▊        | 7/39 [00:00<00:01, 30.08it/s, loss=0.2423, rec=0.1959, t=0.9928]
Epoch 4/60:  18%|█▊        | 7/39 [00:00<00:01, 30.08it/s, loss=0.2422, rec=0.1959, t=0.9927]
Epoch 4/60:  18%|█▊        | 7/39 [00:00<00:01, 30.08it/s, loss=0.2421, rec=0.1959, t=0.9927]
Epoch 4/60:  28%|██▊       | 11/39 [00:00<00:00, 31.30it/s, loss=0.2421, rec=0.1959, t=0.9927]
Epoch 4/60:  28%|██▊       | 11/39 [00:00<00:00, 31.30it/s, loss=0.2418, rec=0.1958, t=0.9926]
Epoch 4/60:  28%|██▊       | 11/39 [00:00<00:00, 31.30it/s, loss=0.2417, rec=0.1958, t=0.9925]
Epoch 4/60:  28%|██▊       | 11/39 [00:00<00:00, 31.30it/s, loss=0.2416, rec=0.1958, t=0.9925]
Epoch 4/60:  28%|██▊       | 11/39 [00:00<00:00, 31.30it/s, loss=0.2414, rec=0.1957, t=0.9924]
Epoch 4/60:  38%|███▊      | 15/39 [00:00<00:00, 31.71it/s, loss=0.2414, rec=0.1957, t=0.9924]
Epoch 4/60:  38%|███▊      | 15/39 [00:00<00:00, 31.71it/s, loss=0.2410, rec=0.1955, t=0.9924]
Epoch 4/60:  38%|███▊      | 15/39 [00:00<00:00, 31.71it/s, loss=0.2410, rec=0.1956, t=0.9923]
Epoch 4/60:  38%|███▊      | 15/39 [00:00<00:00, 31.71it/s, loss=0.2408, rec=0.1956, t=0.9923]
Epoch 4/60:  38%|███▊      | 15/39 [00:00<00:00, 31.71it/s, loss=0.2406, rec=0.1955, t=0.9922]
Epoch 4/60:  49%|████▊     | 19/39 [00:00<00:00, 31.79it/s, loss=0.2406, rec=0.1955, t=0.9922]
Epoch 4/60:  49%|████▊     | 19/39 [00:00<00:00, 31.79it/s, loss=0.2403, rec=0.1954, t=0.9921]
Epoch 4/60:  49%|████▊     | 19/39 [00:00<00:00, 31.79it/s, loss=0.2402, rec=0.1954, t=0.9921]
Epoch 4/60:  49%|████▊     | 19/39 [00:00<00:00, 31.79it/s, loss=0.2400, rec=0.1953, t=0.9920]
Epoch 4/60:  49%|████▊     | 19/39 [00:00<00:00, 31.79it/s, loss=0.2399, rec=0.1953, t=0.9920]
Epoch 4/60:  59%|█████▉    | 23/39 [00:00<00:00, 31.80it/s, loss=0.2399, rec=0.1953, t=0.9920]
Epoch 4/60:  59%|█████▉    | 23/39 [00:00<00:00, 31.80it/s, loss=0.2397, rec=0.1953, t=0.9919]
Epoch 4/60:  59%|█████▉    | 23/39 [00:00<00:00, 31.80it/s, loss=0.2396, rec=0.1953, t=0.9919]
Epoch 4/60:  59%|█████▉    | 23/39 [00:00<00:00, 31.80it/s, loss=0.2395, rec=0.1953, t=0.9918]
Epoch 4/60:  59%|█████▉    | 23/39 [00:00<00:00, 31.80it/s, loss=0.2395, rec=0.1954, t=0.9917]
Epoch 4/60:  69%|██████▉   | 27/39 [00:00<00:00, 29.18it/s, loss=0.2395, rec=0.1954, t=0.9917]
Epoch 4/60:  69%|██████▉   | 27/39 [00:00<00:00, 29.18it/s, loss=0.2394, rec=0.1954, t=0.9917]
Epoch 4/60:  69%|██████▉   | 27/39 [00:00<00:00, 29.18it/s, loss=0.2392, rec=0.1954, t=0.9916]
Epoch 4/60:  69%|██████▉   | 27/39 [00:01<00:00, 29.18it/s, loss=0.2392, rec=0.1954, t=0.9916]
Epoch 4/60:  77%|███████▋  | 30/39 [00:01<00:00, 27.20it/s, loss=0.2392, rec=0.1954, t=0.9916]
Epoch 4/60:  77%|███████▋  | 30/39 [00:01<00:00, 27.20it/s, loss=0.2390, rec=0.1954, t=0.9915]
Epoch 4/60:  77%|███████▋  | 30/39 [00:01<00:00, 27.20it/s, loss=0.2390, rec=0.1955, t=0.9915]
Epoch 4/60:  77%|███████▋  | 30/39 [00:01<00:00, 27.20it/s, loss=0.2389, rec=0.1955, t=0.9914]
Epoch 4/60:  77%|███████▋  | 30/39 [00:01<00:00, 27.20it/s, loss=0.2388, rec=0.1955, t=0.9913]
Epoch 4/60:  87%|████████▋ | 34/39 [00:01<00:00, 28.69it/s, loss=0.2388, rec=0.1955, t=0.9913]
Epoch 4/60:  87%|████████▋ | 34/39 [00:01<00:00, 28.69it/s, loss=0.2387, rec=0.1955, t=0.9913]
Epoch 4/60:  87%|████████▋ | 34/39 [00:01<00:00, 28.69it/s, loss=0.2386, rec=0.1955, t=0.9912]
Epoch 4/60:  87%|████████▋ | 34/39 [00:01<00:00, 28.69it/s, loss=0.2385, rec=0.1955, t=0.9912]
Epoch 4/60:  87%|████████▋ | 34/39 [00:01<00:00, 28.69it/s, loss=0.2384, rec=0.1955, t=0.9911]
Epoch 4/60:  97%|█████████▋| 38/39 [00:01<00:00, 30.65it/s, loss=0.2384, rec=0.1955, t=0.9911]
Epoch 4/60:  97%|█████████▋| 38/39 [00:01<00:00, 30.65it/s, loss=0.2384, rec=0.1955, t=0.9911]
                                                                                              
[Epoch    4/60] loss=0.238382 | rec=0.195486 | cb=0.055493 | com=0.055493 | uniq=0.469457 | rqvae=0.019423 | t=0.991050 | global_step=156
[EventC2 epoch 4] churn=0.0 | churn_art=0.0 | step_vs_snapshot=1.0 | q2_used(events/articles)=1/1 | dead=127 | same_event_c2=1.0 | c123_collision=0.9974 | max_c4=2429 | cb_q1/q2/q3=0.03468/0.01058/0.01023 | com_q1/q2/q3=0.03468/0.01058/0.01023

Epoch 5/60:   0%|          | 0/39 [00:00<?, ?it/s, loss=0.2352, rec=0.1961, t=0.9910]
Epoch 5/60:   0%|          | 0/39 [00:00<?, ?it/s, loss=0.2358, rec=0.1970, t=0.9909]
Epoch 5/60:   0%|          | 0/39 [00:00<?, ?it/s, loss=0.2358, rec=0.1971, t=0.9909]
Epoch 5/60:   8%|▊         | 3/39 [00:00<00:01, 26.70it/s, loss=0.2358, rec=0.1971, t=0.9909]
Epoch 5/60:   8%|▊         | 3/39 [00:00<00:01, 26.70it/s, loss=0.2351, rec=0.1965, t=0.9908]
Epoch 5/60:   8%|▊         | 3/39 [00:00<00:01, 26.70it/s, loss=0.2352, rec=0.1966, t=0.9908]
Epoch 5/60:   8%|▊         | 3/39 [00:00<00:01, 26.70it/s, loss=0.2352, rec=0.1967, t=0.9907]
Epoch 5/60:   8%|▊         | 3/39 [00:00<00:01, 26.70it/s, loss=0.2352, rec=0.1967, t=0.9906]
Epoch 5/60:  18%|█▊        | 7/39 [00:00<00:01, 29.43it/s, loss=0.2352, rec=0.1967, t=0.9906]
Epoch 5/60:  18%|█▊        | 7/39 [00:00<00:01, 29.43it/s, loss=0.2349, rec=0.1965, t=0.9906]
Epoch 5/60:  18%|█▊        | 7/39 [00:00<00:01, 29.43it/s, loss=0.2347, rec=0.1963, t=0.9905]
Epoch 5/60:  18%|█▊        | 7/39 [00:00<00:01, 29.43it/s, loss=0.2346, rec=0.1962, t=0.9905]
Epoch 5/60:  18%|█▊        | 7/39 [00:00<00:01, 29.43it/s, loss=0.2346, rec=0.1963, t=0.9904]
Epoch 5/60:  28%|██▊       | 11/39 [00:00<00:00, 31.01it/s, loss=0.2346, rec=0.1963, t=0.9904]
Epoch 5/60:  28%|██▊       | 11/39 [00:00<00:00, 31.01it/s, loss=0.2348, rec=0.1963, t=0.9904]
Epoch 5/60:  28%|██▊       | 11/39 [00:00<00:00, 31.01it/s, loss=0.2347, rec=0.1962, t=0.9903]
Epoch 5/60:  28%|██▊       | 11/39 [00:00<00:00, 31.01it/s, loss=0.2347, rec=0.1963, t=0.9902]
Epoch 5/60:  28%|██▊       | 11/39 [00:00<00:00, 31.01it/s, loss=0.2347, rec=0.1963, t=0.9902]
Epoch 5/60:  38%|███▊      | 15/39 [00:00<00:00, 32.06it/s, loss=0.2347, rec=0.1963, t=0.9902]
Epoch 5/60:  38%|███▊      | 15/39 [00:00<00:00, 32.06it/s, loss=0.2346, rec=0.1963, t=0.9901]
Epoch 5/60:  38%|███▊      | 15/39 [00:00<00:00, 32.06it/s, loss=0.2344, rec=0.1961, t=0.9901]
Epoch 5/60:  38%|███▊      | 15/39 [00:00<00:00, 32.06it/s, loss=0.2343, rec=0.1961, t=0.9900]
Epoch 5/60:  38%|███▊      | 15/39 [00:00<00:00, 32.06it/s, loss=0.2342, rec=0.1961, t=0.9900]
Epoch 5/60:  49%|████▊     | 19/39 [00:00<00:00, 32.26it/s, loss=0.2342, rec=0.1961, t=0.9900]
Epoch 5/60:  49%|████▊     | 19/39 [00:00<00:00, 32.26it/s, loss=0.2340, rec=0.1959, t=0.9899]
Epoch 5/60:  49%|████▊     | 19/39 [00:00<00:00, 32.26it/s, loss=0.2339, rec=0.1959, t=0.9898]
Epoch 5/60:  49%|████▊     | 19/39 [00:00<00:00, 32.26it/s, loss=0.2338, rec=0.1959, t=0.9898]
Epoch 5/60:  49%|████▊     | 19/39 [00:00<00:00, 32.26it/s, loss=0.2338, rec=0.1960, t=0.9897]
Epoch 5/60:  59%|█████▉    | 23/39 [00:00<00:00, 32.16it/s, loss=0.2338, rec=0.1960, t=0.9897]
Epoch 5/60:  59%|█████▉    | 23/39 [00:00<00:00, 32.16it/s, loss=0.2337, rec=0.1960, t=0.9897]
Epoch 5/60:  59%|█████▉    | 23/39 [00:00<00:00, 32.16it/s, loss=0.2337, rec=0.1960, t=0.9896]
Epoch 5/60:  59%|█████▉    | 23/39 [00:00<00:00, 32.16it/s, loss=0.2337, rec=0.1961, t=0.9896]
Epoch 5/60:  59%|█████▉    | 23/39 [00:00<00:00, 32.16it/s, loss=0.2336, rec=0.1961, t=0.9895]
Epoch 5/60:  69%|██████▉   | 27/39 [00:00<00:00, 32.26it/s, loss=0.2336, rec=0.1961, t=0.9895]
Epoch 5/60:  69%|██████▉   | 27/39 [00:00<00:00, 32.26it/s, loss=0.2335, rec=0.1961, t=0.9894]
Epoch 5/60:  69%|██████▉   | 27/39 [00:00<00:00, 32.26it/s, loss=0.2335, rec=0.1961, t=0.9894]
Epoch 5/60:  69%|██████▉   | 27/39 [00:00<00:00, 32.26it/s, loss=0.2335, rec=0.1961, t=0.9893]
Epoch 5/60:  69%|██████▉   | 27/39 [00:00<00:00, 32.26it/s, loss=0.2334, rec=0.1961, t=0.9893]
Epoch 5/60:  79%|███████▉  | 31/39 [00:00<00:00, 32.60it/s, loss=0.2334, rec=0.1961, t=0.9893]
Epoch 5/60:  79%|███████▉  | 31/39 [00:01<00:00, 32.60it/s, loss=0.2333, rec=0.1961, t=0.9892]
Epoch 5/60:  79%|███████▉  | 31/39 [00:01<00:00, 32.60it/s, loss=0.2333, rec=0.1961, t=0.9892]
Epoch 5/60:  79%|███████▉  | 31/39 [00:01<00:00, 32.60it/s, loss=0.2333, rec=0.1961, t=0.9891]
Epoch 5/60:  79%|███████▉  | 31/39 [00:01<00:00, 32.60it/s, loss=0.2332, rec=0.1961, t=0.9890]
Epoch 5/60:  90%|████████▉ | 35/39 [00:01<00:00, 32.53it/s, loss=0.2332, rec=0.1961, t=0.9890]
Epoch 5/60:  90%|████████▉ | 35/39 [00:01<00:00, 32.53it/s, loss=0.2331, rec=0.1961, t=0.9890]
Epoch 5/60:  90%|████████▉ | 35/39 [00:01<00:00, 32.53it/s, loss=0.2330, rec=0.1960, t=0.9889]
Epoch 5/60:  90%|████████▉ | 35/39 [00:01<00:00, 32.53it/s, loss=0.2329, rec=0.1960, t=0.9889]
Epoch 5/60:  90%|████████▉ | 35/39 [00:01<00:00, 32.53it/s, loss=0.2329, rec=0.1960, t=0.9888]
                                                                                              
[Epoch    5/60] loss=0.232920 | rec=0.195964 | cb=0.041692 | com=0.041692 | uniq=0.447272 | rqvae=0.014592 | t=0.988811 | global_step=195
[EventC2 epoch 5] churn=0.0 | churn_art=0.0 | step_vs_snapshot=1.0 | q2_used(events/articles)=1/1 | dead=127 | same_event_c2=1.0 | c123_collision=0.9975 | max_c4=2429 | cb_q1/q2/q3=0.02500/0.00789/0.00880 | com_q1/q2/q3=0.02500/0.00789/0.00880

Epoch 6/60:   0%|          | 0/39 [00:00<?, ?it/s, loss=0.2300, rec=0.1952, t=0.9888]
Epoch 6/60:   0%|          | 0/39 [00:00<?, ?it/s, loss=0.2311, rec=0.1965, t=0.9887]
Epoch 6/60:   0%|          | 0/39 [00:00<?, ?it/s, loss=0.2309, rec=0.1964, t=0.9886]
Epoch 6/60:   8%|▊         | 3/39 [00:00<00:01, 26.33it/s, loss=0.2309, rec=0.1964, t=0.9886]
Epoch 6/60:   8%|▊         | 3/39 [00:00<00:01, 26.33it/s, loss=0.2305, rec=0.1960, t=0.9886]
Epoch 6/60:   8%|▊         | 3/39 [00:00<00:01, 26.33it/s, loss=0.2302, rec=0.1957, t=0.9885]
Epoch 6/60:   8%|▊         | 3/39 [00:00<00:01, 26.33it/s, loss=0.2301, rec=0.1955, t=0.9885]
Epoch 6/60:   8%|▊         | 3/39 [00:00<00:01, 26.33it/s, loss=0.2302, rec=0.1957, t=0.9884]
Epoch 6/60:  18%|█▊        | 7/39 [00:00<00:01, 31.08it/s, loss=0.2302, rec=0.1957, t=0.9884]
Epoch 6/60:  18%|█▊        | 7/39 [00:00<00:01, 31.08it/s, loss=0.2304, rec=0.1958, t=0.9884]
Epoch 6/60:  18%|█▊        | 7/39 [00:00<00:01, 31.08it/s, loss=0.2303, rec=0.1957, t=0.9883]
Epoch 6/60:  18%|█▊        | 7/39 [00:00<00:01, 31.08it/s, loss=0.2302, rec=0.1956, t=0.9882]
Epoch 6/60:  18%|█▊        | 7/39 [00:00<00:01, 31.08it/s, loss=0.2302, rec=0.1957, t=0.9882]
Epoch 6/60:  28%|██▊       | 11/39 [00:00<00:00, 32.01it/s, loss=0.2302, rec=0.1957, t=0.9882]
Epoch 6/60:  28%|██▊       | 11/39 [00:00<00:00, 32.01it/s, loss=0.2303, rec=0.1958, t=0.9881]
Epoch 6/60:  28%|██▊       | 11/39 [00:00<00:00, 32.01it/s, loss=0.2301, rec=0.1957, t=0.9881]
Epoch 6/60:  28%|██▊       | 11/39 [00:00<00:00, 32.01it/s, loss=0.2298, rec=0.1954, t=0.9880]
Epoch 6/60:  28%|██▊       | 11/39 [00:00<00:00, 32.01it/s, loss=0.2299, rec=0.1956, t=0.9880]
Epoch 6/60:  38%|███▊      | 15/39 [00:00<00:00, 31.54it/s, loss=0.2299, rec=0.1956, t=0.9880]
Epoch 6/60:  38%|███▊      | 15/39 [00:00<00:00, 31.54it/s, loss=0.2299, rec=0.1956, t=0.9879]
Epoch 6/60:  38%|███▊      | 15/39 [00:00<00:00, 31.54it/s, loss=0.2300, rec=0.1957, t=0.9878]
Epoch 6/60:  38%|███▊      | 15/39 [00:00<00:00, 31.54it/s, loss=0.2299, rec=0.1956, t=0.9878]
Epoch 6/60:  38%|███▊      | 15/39 [00:00<00:00, 31.54it/s, loss=0.2299, rec=0.1957, t=0.9877]
Epoch 6/60:  49%|████▊     | 19/39 [00:00<00:00, 31.38it/s, loss=0.2299, rec=0.1957, t=0.9877]
Epoch 6/60:  49%|████▊     | 19/39 [00:00<00:00, 31.38it/s, loss=0.2300, rec=0.1958, t=0.9877]
Epoch 6/60:  49%|████▊     | 19/39 [00:00<00:00, 31.38it/s, loss=0.2299, rec=0.1957, t=0.9876]
Epoch 6/60:  49%|████▊     | 19/39 [00:00<00:00, 31.38it/s, loss=0.2299, rec=0.1957, t=0.9876]
Epoch 6/60:  49%|████▊     | 19/39 [00:00<00:00, 31.38it/s, loss=0.2300, rec=0.1959, t=0.9875]
Epoch 6/60:  59%|█████▉    | 23/39 [00:00<00:00, 32.07it/s, loss=0.2300, rec=0.1959, t=0.9875]
Epoch 6/60:  59%|█████▉    | 23/39 [00:00<00:00, 32.07it/s, loss=0.2302, rec=0.1961, t=0.9874]
Epoch 6/60:  59%|█████▉    | 23/39 [00:00<00:00, 32.07it/s, loss=0.2304, rec=0.1962, t=0.9874]
Epoch 6/60:  59%|█████▉    | 23/39 [00:00<00:00, 32.07it/s, loss=0.2304, rec=0.1962, t=0.9873]
Epoch 6/60:  59%|█████▉    | 23/39 [00:00<00:00, 32.07it/s, loss=0.2305, rec=0.1962, t=0.9873]
Epoch 6/60:  69%|██████▉   | 27/39 [00:00<00:00, 32.66it/s, loss=0.2305, rec=0.1962, t=0.9873]
Epoch 6/60:  69%|██████▉   | 27/39 [00:00<00:00, 32.66it/s, loss=0.2307, rec=0.1963, t=0.9872]
Epoch 6/60:  69%|██████▉   | 27/39 [00:00<00:00, 32.66it/s, loss=0.2309, rec=0.1964, t=0.9871]
Epoch 6/60:  69%|██████▉   | 27/39 [00:00<00:00, 32.66it/s, loss=0.2309, rec=0.1964, t=0.9871]
Epoch 6/60:  69%|██████▉   | 27/39 [00:00<00:00, 32.66it/s, loss=0.2311, rec=0.1964, t=0.9870]
Epoch 6/60:  79%|███████▉  | 31/39 [00:00<00:00, 32.76it/s, loss=0.2311, rec=0.1964, t=0.9870]
Epoch 6/60:  79%|███████▉  | 31/39 [00:00<00:00, 32.76it/s, loss=0.2311, rec=0.1964, t=0.9870]
Epoch 6/60:  79%|███████▉  | 31/39 [00:01<00:00, 32.76it/s, loss=0.2312, rec=0.1965, t=0.9869]
Epoch 6/60:  79%|███████▉  | 31/39 [00:01<00:00, 32.76it/s, loss=0.2314, rec=0.1966, t=0.9869]
Epoch 6/60:  79%|███████▉  | 31/39 [00:01<00:00, 32.76it/s, loss=0.2314, rec=0.1966, t=0.9868]
Epoch 6/60:  90%|████████▉ | 35/39 [00:01<00:00, 32.91it/s, loss=0.2314, rec=0.1966, t=0.9868]
Epoch 6/60:  90%|████████▉ | 35/39 [00:01<00:00, 32.91it/s, loss=0.2315, rec=0.1967, t=0.9867]
Epoch 6/60:  90%|████████▉ | 35/39 [00:01<00:00, 32.91it/s, loss=0.2315, rec=0.1967, t=0.9867]
Epoch 6/60:  90%|████████▉ | 35/39 [00:01<00:00, 32.91it/s, loss=0.2315, rec=0.1967, t=0.9866]
Epoch 6/60:  90%|████████▉ | 35/39 [00:01<00:00, 32.91it/s, loss=0.2315, rec=0.1968, t=0.9866]
                                                                                              
[Epoch    6/60] loss=0.231491 | rec=0.196765 | cb=0.045223 | com=0.045223 | uniq=0.377956 | rqvae=0.015828 | t=0.986577 | global_step=234
[EventC2 epoch 6] churn=0.14827774740295244 | churn_art=0.14006982953378516 | step_vs_snapshot=0.8762165117550574 | q2_used(events/articles)=2/2 | dead=126 | same_event_c2=1.0 | c123_collision=0.9951 | max_c4=2328 | cb_q1/q2/q3=0.02162/0.01181/0.01180 | com_q1/q2/q3=0.02162/0.01181/0.01180

Epoch 7/60:   0%|          | 0/39 [00:00<?, ?it/s, loss=0.2360, rec=0.2013, t=0.9865]
Epoch 7/60:   0%|          | 0/39 [00:00<?, ?it/s, loss=0.2358, rec=0.2011, t=0.9865]
Epoch 7/60:   0%|          | 0/39 [00:00<?, ?it/s, loss=0.2350, rec=0.2008, t=0.9864]
Epoch 7/60:   8%|▊         | 3/39 [00:00<00:01, 22.41it/s, loss=0.2350, rec=0.2008, t=0.9864]
Epoch 7/60:   8%|▊         | 3/39 [00:00<00:01, 22.41it/s, loss=0.2350, rec=0.2010, t=0.9863]
Epoch 7/60:   8%|▊         | 3/39 [00:00<00:01, 22.41it/s, loss=0.2351, rec=0.2011, t=0.9863]
Epoch 7/60:   8%|▊         | 3/39 [00:00<00:01, 22.41it/s, loss=0.2348, rec=0.2010, t=0.9862]
Epoch 7/60:  15%|█▌        | 6/39 [00:00<00:01, 22.56it/s, loss=0.2348, rec=0.2010, t=0.9862]
Epoch 7/60:  15%|█▌        | 6/39 [00:00<00:01, 22.56it/s, loss=0.2342, rec=0.2006, t=0.9862]
Epoch 7/60:  15%|█▌        | 6/39 [00:00<00:01, 22.56it/s, loss=0.2339, rec=0.2004, t=0.9861]
Epoch 7/60:  15%|█▌        | 6/39 [00:00<00:01, 22.56it/s, loss=0.2336, rec=0.2001, t=0.9861]
Epoch 7/60:  23%|██▎       | 9/39 [00:00<00:01, 24.88it/s, loss=0.2336, rec=0.2001, t=0.9861]
Epoch 7/60:  23%|██▎       | 9/39 [00:00<00:01, 24.88it/s, loss=0.2333, rec=0.1999, t=0.9860]
Epoch 7/60:  23%|██▎       | 9/39 [00:00<00:01, 24.88it/s, loss=0.2329, rec=0.1997, t=0.9859]
Epoch 7/60:  23%|██▎       | 9/39 [00:00<00:01, 24.88it/s, loss=0.2331, rec=0.1999, t=0.9859]
Epoch 7/60:  31%|███       | 12/39 [00:00<00:01, 26.57it/s, loss=0.2331, rec=0.1999, t=0.9859]
Epoch 7/60:  31%|███       | 12/39 [00:00<00:01, 26.57it/s, loss=0.2329, rec=0.1997, t=0.9858]
Epoch 7/60:  31%|███       | 12/39 [00:00<00:01, 26.57it/s, loss=0.2329, rec=0.1999, t=0.9858]
Epoch 7/60:  31%|███       | 12/39 [00:00<00:01, 26.57it/s, loss=0.2326, rec=0.1997, t=0.9857]
Epoch 7/60:  31%|███       | 12/39 [00:00<00:01, 26.57it/s, loss=0.2324, rec=0.1995, t=0.9857]
Epoch 7/60:  41%|████      | 16/39 [00:00<00:00, 28.36it/s, loss=0.2324, rec=0.1995, t=0.9857]
Epoch 7/60:  41%|████      | 16/39 [00:00<00:00, 28.36it/s, loss=0.2322, rec=0.1995, t=0.9856]
Epoch 7/60:  41%|████      | 16/39 [00:00<00:00, 28.36it/s, loss=0.2321, rec=0.1995, t=0.9855]
Epoch 7/60:  41%|████      | 16/39 [00:00<00:00, 28.36it/s, loss=0.2319, rec=0.1993, t=0.9855]
Epoch 7/60:  41%|████      | 16/39 [00:00<00:00, 28.36it/s, loss=0.2318, rec=0.1993, t=0.9854]
Epoch 7/60:  51%|█████▏    | 20/39 [00:00<00:00, 30.30it/s, loss=0.2318, rec=0.1993, t=0.9854]
Epoch 7/60:  51%|█████▏    | 20/39 [00:00<00:00, 30.30it/s, loss=0.2316, rec=0.1992, t=0.9854]
Epoch 7/60:  51%|█████▏    | 20/39 [00:00<00:00, 30.30it/s, loss=0.2316, rec=0.1992, t=0.9853]
Epoch 7/60:  51%|█████▏    | 20/39 [00:00<00:00, 30.30it/s, loss=0.2314, rec=0.1991, t=0.9853]
Epoch 7/60:  51%|█████▏    | 20/39 [00:00<00:00, 30.30it/s, loss=0.2313, rec=0.1991, t=0.9852]
Epoch 7/60:  62%|██████▏   | 24/39 [00:00<00:00, 31.64it/s, loss=0.2313, rec=0.1991, t=0.9852]
Epoch 7/60:  62%|██████▏   | 24/39 [00:00<00:00, 31.64it/s, loss=0.2310, rec=0.1989, t=0.9851]
Epoch 7/60:  62%|██████▏   | 24/39 [00:00<00:00, 31.64it/s, loss=0.2308, rec=0.1987, t=0.9851]
Epoch 7/60:  62%|██████▏   | 24/39 [00:00<00:00, 31.64it/s, loss=0.2307, rec=0.1985, t=0.9850]
Epoch 7/60:  62%|██████▏   | 24/39 [00:00<00:00, 31.64it/s, loss=0.2306, rec=0.1985, t=0.9850]
Epoch 7/60:  72%|███████▏  | 28/39 [00:00<00:00, 32.58it/s, loss=0.2306, rec=0.1985, t=0.9850]
Epoch 7/60:  72%|███████▏  | 28/39 [00:00<00:00, 32.58it/s, loss=0.2306, rec=0.1984, t=0.9849]
Epoch 7/60:  72%|███████▏  | 28/39 [00:01<00:00, 32.58it/s, loss=0.2306, rec=0.1983, t=0.9849]
Epoch 7/60:  72%|███████▏  | 28/39 [00:01<00:00, 32.58it/s, loss=0.2306, rec=0.1982, t=0.9848]
Epoch 7/60:  72%|███████▏  | 28/39 [00:01<00:00, 32.58it/s, loss=0.2306, rec=0.1981, t=0.9847]
Epoch 7/60:  82%|████████▏ | 32/39 [00:01<00:00, 32.50it/s, loss=0.2306, rec=0.1981, t=0.9847]
Epoch 7/60:  82%|████████▏ | 32/39 [00:01<00:00, 32.50it/s, loss=0.2306, rec=0.1980, t=0.9847]
Epoch 7/60:  82%|████████▏ | 32/39 [00:01<00:00, 32.50it/s, loss=0.2305, rec=0.1978, t=0.9846]
Epoch 7/60:  82%|████████▏ | 32/39 [00:01<00:00, 32.50it/s, loss=0.2304, rec=0.1977, t=0.9846]
Epoch 7/60:  82%|████████▏ | 32/39 [00:01<00:00, 32.50it/s, loss=0.2303, rec=0.1975, t=0.9845]
Epoch 7/60:  92%|█████████▏| 36/39 [00:01<00:00, 31.46it/s, loss=0.2303, rec=0.1975, t=0.9845]
Epoch 7/60:  92%|█████████▏| 36/39 [00:01<00:00, 31.46it/s, loss=0.2302, rec=0.1974, t=0.9845]
Epoch 7/60:  92%|█████████▏| 36/39 [00:01<00:00, 31.46it/s, loss=0.2301, rec=0.1973, t=0.9844]
Epoch 7/60:  92%|█████████▏| 36/39 [00:01<00:00, 31.46it/s, loss=0.2301, rec=0.1973, t=0.9843]
                                                                                              
[Epoch    7/60] loss=0.230147 | rec=0.197282 | cb=0.047237 | com=0.047237 | uniq=0.326639 | rqvae=0.016533 | t=0.984348 | global_step=273
[EventC2 epoch 7] churn=0.2577364680153089 | churn_art=0.24830560690080097 | step_vs_snapshot=0.8524876981957353 | q2_used(events/articles)=5/5 | dead=123 | same_event_c2=1.0 | c123_collision=0.9931 | max_c4=1935 | cb_q1/q2/q3=0.02129/0.01261/0.01333 | com_q1/q2/q3=0.02129/0.01261/0.01333

Epoch 8/60:   0%|          | 0/39 [00:00<?, ?it/s, loss=0.2249, rec=0.1914, t=0.9843]
Epoch 8/60:   0%|          | 0/39 [00:00<?, ?it/s, loss=0.2269, rec=0.1939, t=0.9842]
Epoch 8/60:   5%|▌         | 2/39 [00:00<00:02, 18.19it/s, loss=0.2269, rec=0.1939, t=0.9842]
Epoch 8/60:   5%|▌         | 2/39 [00:00<00:02, 18.19it/s, loss=0.2333, rec=0.2000, t=0.9842]
Epoch 8/60:   5%|▌         | 2/39 [00:00<00:02, 18.19it/s, loss=0.2348, rec=0.2015, t=0.9841]
Epoch 8/60:   5%|▌         | 2/39 [00:00<00:02, 18.19it/s, loss=0.2405, rec=0.2072, t=0.9841]
Epoch 8/60:  13%|█▎        | 5/39 [00:00<00:01, 23.22it/s, loss=0.2405, rec=0.2072, t=0.9841]
Epoch 8/60:  13%|█▎        | 5/39 [00:00<00:01, 23.22it/s, loss=0.2418, rec=0.2087, t=0.9840]
Epoch 8/60:  13%|█▎        | 5/39 [00:00<00:01, 23.22it/s, loss=0.2415, rec=0.2084, t=0.9839]
Epoch 8/60:  13%|█▎        | 5/39 [00:00<00:01, 23.22it/s, loss=0.2400, rec=0.2071, t=0.9839]
Epoch 8/60:  13%|█▎        | 5/39 [00:00<00:01, 23.22it/s, loss=0.2389, rec=0.2061, t=0.9838]
Epoch 8/60:  23%|██▎       | 9/39 [00:00<00:01, 28.75it/s, loss=0.2389, rec=0.2061, t=0.9838]
Epoch 8/60:  23%|██▎       | 9/39 [00:00<00:01, 28.75it/s, loss=0.2379, rec=0.2053, t=0.9838]
Epoch 8/60:  23%|██▎       | 9/39 [00:00<00:01, 28.75it/s, loss=0.2366, rec=0.2039, t=0.9837]
Epoch 8/60:  23%|██▎       | 9/39 [00:00<00:01, 28.75it/s, loss=0.2360, rec=0.2033, t=0.9837]
Epoch 8/60:  23%|██▎       | 9/39 [00:00<00:01, 28.75it/s, loss=0.2355, rec=0.2026, t=0.9836]
Epoch 8/60:  33%|███▎      | 13/39 [00:00<00:00, 30.94it/s, loss=0.2355, rec=0.2026, t=0.9836]
Epoch 8/60:  33%|███▎      | 13/39 [00:00<00:00, 30.94it/s, loss=0.2354, rec=0.2022, t=0.9835]
Epoch 8/60:  33%|███▎      | 13/39 [00:00<00:00, 30.94it/s, loss=0.2351, rec=0.2017, t=0.9835]
Epoch 8/60:  33%|███▎      | 13/39 [00:00<00:00, 30.94it/s, loss=0.2350, rec=0.2014, t=0.9834]
Epoch 8/60:  33%|███▎      | 13/39 [00:00<00:00, 30.94it/s, loss=0.2349, rec=0.2011, t=0.9834]
Epoch 8/60:  44%|████▎     | 17/39 [00:00<00:00, 31.94it/s, loss=0.2349, rec=0.2011, t=0.9834]
Epoch 8/60:  44%|████▎     | 17/39 [00:00<00:00, 31.94it/s, loss=0.2349, rec=0.2010, t=0.9833]
Epoch 8/60:  44%|████▎     | 17/39 [00:00<00:00, 31.94it/s, loss=0.2349, rec=0.2008, t=0.9833]
Epoch 8/60:  44%|████▎     | 17/39 [00:00<00:00, 31.94it/s, loss=0.2345, rec=0.2004, t=0.9832]
Epoch 8/60:  44%|████▎     | 17/39 [00:00<00:00, 31.94it/s, loss=0.2342, rec=0.2002, t=0.9831]
Epoch 8/60:  54%|█████▍    | 21/39 [00:00<00:00, 32.22it/s, loss=0.2342, rec=0.2002, t=0.9831]
Epoch 8/60:  54%|█████▍    | 21/39 [00:00<00:00, 32.22it/s, loss=0.2340, rec=0.2001, t=0.9831]
Epoch 8/60:  54%|█████▍    | 21/39 [00:00<00:00, 32.22it/s, loss=0.2337, rec=0.1999, t=0.9830]
Epoch 8/60:  54%|█████▍    | 21/39 [00:00<00:00, 32.22it/s, loss=0.2338, rec=0.2000, t=0.9830]
Epoch 8/60:  54%|█████▍    | 21/39 [00:00<00:00, 32.22it/s, loss=0.2335, rec=0.1998, t=0.9829]
Epoch 8/60:  64%|██████▍   | 25/39 [00:00<00:00, 31.23it/s, loss=0.2335, rec=0.1998, t=0.9829]
Epoch 8/60:  64%|██████▍   | 25/39 [00:00<00:00, 31.23it/s, loss=0.2336, rec=0.2000, t=0.9829]
Epoch 8/60:  64%|██████▍   | 25/39 [00:00<00:00, 31.23it/s, loss=0.2338, rec=0.2002, t=0.9828]
Epoch 8/60:  64%|██████▍   | 25/39 [00:00<00:00, 31.23it/s, loss=0.2339, rec=0.2004, t=0.9828]
Epoch 8/60:  64%|██████▍   | 25/39 [00:00<00:00, 31.23it/s, loss=0.2341, rec=0.2006, t=0.9827]
Epoch 8/60:  74%|███████▍  | 29/39 [00:00<00:00, 30.33it/s, loss=0.2341, rec=0.2006, t=0.9827]
Epoch 8/60:  74%|███████▍  | 29/39 [00:01<00:00, 30.33it/s, loss=0.2342, rec=0.2007, t=0.9826]
Epoch 8/60:  74%|███████▍  | 29/39 [00:01<00:00, 30.33it/s, loss=0.2343, rec=0.2007, t=0.9826]
Epoch 8/60:  74%|███████▍  | 29/39 [00:01<00:00, 30.33it/s, loss=0.2343, rec=0.2007, t=0.9825]
Epoch 8/60:  74%|███████▍  | 29/39 [00:01<00:00, 30.33it/s, loss=0.2344, rec=0.2007, t=0.9825]
Epoch 8/60:  85%|████████▍ | 33/39 [00:01<00:00, 29.73it/s, loss=0.2344, rec=0.2007, t=0.9825]
Epoch 8/60:  85%|████████▍ | 33/39 [00:01<00:00, 29.73it/s, loss=0.2344, rec=0.2005, t=0.9824]
Epoch 8/60:  85%|████████▍ | 33/39 [00:01<00:00, 29.73it/s, loss=0.2344, rec=0.2003, t=0.9824]
Epoch 8/60:  85%|████████▍ | 33/39 [00:01<00:00, 29.73it/s, loss=0.2343, rec=0.2002, t=0.9823]
Epoch 8/60:  92%|█████████▏| 36/39 [00:01<00:00, 27.41it/s, loss=0.2343, rec=0.2002, t=0.9823]
Epoch 8/60:  92%|█████████▏| 36/39 [00:01<00:00, 27.41it/s, loss=0.2344, rec=0.2002, t=0.9822]
Epoch 8/60:  92%|█████████▏| 36/39 [00:01<00:00, 27.41it/s, loss=0.2343, rec=0.2000, t=0.9822]
Epoch 8/60:  92%|█████████▏| 36/39 [00:01<00:00, 27.41it/s, loss=0.2343, rec=0.2000, t=0.9821]
                                                                                              
[Epoch    8/60] loss=0.234332 | rec=0.200006 | cb=0.048963 | com=0.048963 | uniq=0.343791 | rqvae=0.017137 | t=0.982124 | global_step=312
[EventC2 epoch 8] churn=0.3210497539639147 | churn_art=0.3219346888478127 | step_vs_snapshot=0.7840349917987972 | q2_used(events/articles)=4/4 | dead=124 | same_event_c2=1.0 | c123_collision=0.9892 | max_c4=927 | cb_q1/q2/q3=0.02167/0.01490/0.01239 | com_q1/q2/q3=0.02167/0.01490/0.01239

Epoch 9/60:   0%|          | 0/39 [00:00<?, ?it/s, loss=0.2290, rec=0.1952, t=0.9821]
Epoch 9/60:   0%|          | 0/39 [00:00<?, ?it/s, loss=0.2299, rec=0.1960, t=0.9820]
Epoch 9/60:   5%|▌         | 2/39 [00:00<00:01, 18.93it/s, loss=0.2299, rec=0.1960, t=0.9820]
Epoch 9/60:   5%|▌         | 2/39 [00:00<00:01, 18.93it/s, loss=0.2296, rec=0.1961, t=0.9820]
Epoch 9/60:   5%|▌         | 2/39 [00:00<00:01, 18.93it/s, loss=0.2304, rec=0.1968, t=0.9819]
Epoch 9/60:   5%|▌         | 2/39 [00:00<00:01, 18.93it/s, loss=0.2319, rec=0.1984, t=0.9818]
Epoch 9/60:  13%|█▎        | 5/39 [00:00<00:01, 23.57it/s, loss=0.2319, rec=0.1984, t=0.9818]
Epoch 9/60:  13%|█▎        | 5/39 [00:00<00:01, 23.57it/s, loss=0.2333, rec=0.1997, t=0.9818]
Epoch 9/60:  13%|█▎        | 5/39 [00:00<00:01, 23.57it/s, loss=0.2341, rec=0.2004, t=0.9817]
Epoch 9/60:  13%|█▎        | 5/39 [00:00<00:01, 23.57it/s, loss=0.2345, rec=0.2009, t=0.9817]
Epoch 9/60:  21%|██        | 8/39 [00:00<00:01, 25.50it/s, loss=0.2345, rec=0.2009, t=0.9817]
Epoch 9/60:  21%|██        | 8/39 [00:00<00:01, 25.50it/s, loss=0.2342, rec=0.2006, t=0.9816]
Epoch 9/60:  21%|██        | 8/39 [00:00<00:01, 25.50it/s, loss=0.2342, rec=0.2005, t=0.9816]
Epoch 9/60:  21%|██        | 8/39 [00:00<00:01, 25.50it/s, loss=0.2338, rec=0.2001, t=0.9815]
Epoch 9/60:  28%|██▊       | 11/39 [00:00<00:01, 27.06it/s, loss=0.2338, rec=0.2001, t=0.9815]
Epoch 9/60:  28%|██▊       | 11/39 [00:00<00:01, 27.06it/s, loss=0.2332, rec=0.1994, t=0.9814]
Epoch 9/60:  28%|██▊       | 11/39 [00:00<00:01, 27.06it/s, loss=0.2329, rec=0.1990, t=0.9814]
Epoch 9/60:  28%|██▊       | 11/39 [00:00<00:01, 27.06it/s, loss=0.2328, rec=0.1988, t=0.9813]
Epoch 9/60:  36%|███▌      | 14/39 [00:00<00:00, 27.68it/s, loss=0.2328, rec=0.1988, t=0.9813]
Epoch 9/60:  36%|███▌      | 14/39 [00:00<00:00, 27.68it/s, loss=0.2326, rec=0.1984, t=0.9813]
Epoch 9/60:  36%|███▌      | 14/39 [00:00<00:00, 27.68it/s, loss=0.2326, rec=0.1982, t=0.9812]
Epoch 9/60:  36%|███▌      | 14/39 [00:00<00:00, 27.68it/s, loss=0.2325, rec=0.1981, t=0.9812]
Epoch 9/60:  44%|████▎     | 17/39 [00:00<00:00, 28.11it/s, loss=0.2325, rec=0.1981, t=0.9812]
Epoch 9/60:  44%|████▎     | 17/39 [00:00<00:00, 28.11it/s, loss=0.2324, rec=0.1979, t=0.9811]
Epoch 9/60:  44%|████▎     | 17/39 [00:00<00:00, 28.11it/s, loss=0.2322, rec=0.1978, t=0.9810]
Epoch 9/60:  44%|████▎     | 17/39 [00:00<00:00, 28.11it/s, loss=0.2321, rec=0.1977, t=0.9810]
Epoch 9/60:  51%|█████▏    | 20/39 [00:00<00:00, 28.35it/s, loss=0.2321, rec=0.1977, t=0.9810]
Epoch 9/60:  51%|█████▏    | 20/39 [00:00<00:00, 28.35it/s, loss=0.2317, rec=0.1974, t=0.9809]
Epoch 9/60:  51%|█████▏    | 20/39 [00:00<00:00, 28.35it/s, loss=0.2315, rec=0.1972, t=0.9809]
Epoch 9/60:  51%|█████▏    | 20/39 [00:00<00:00, 28.35it/s, loss=0.2313, rec=0.1970, t=0.9808]
Epoch 9/60:  59%|█████▉    | 23/39 [00:00<00:00, 28.39it/s, loss=0.2313, rec=0.1970, t=0.9808]
Epoch 9/60:  59%|█████▉    | 23/39 [00:00<00:00, 28.39it/s, loss=0.2309, rec=0.1967, t=0.9808]
Epoch 9/60:  59%|█████▉    | 23/39 [00:00<00:00, 28.39it/s, loss=0.2308, rec=0.1965, t=0.9807]
Epoch 9/60:  59%|█████▉    | 23/39 [00:00<00:00, 28.39it/s, loss=0.2306, rec=0.1964, t=0.9806]
Epoch 9/60:  67%|██████▋   | 26/39 [00:00<00:00, 28.14it/s, loss=0.2306, rec=0.1964, t=0.9806]
Epoch 9/60:  67%|██████▋   | 26/39 [00:00<00:00, 28.14it/s, loss=0.2304, rec=0.1961, t=0.9806]
Epoch 9/60:  67%|██████▋   | 26/39 [00:01<00:00, 28.14it/s, loss=0.2303, rec=0.1960, t=0.9805]
Epoch 9/60:  67%|██████▋   | 26/39 [00:01<00:00, 28.14it/s, loss=0.2302, rec=0.1960, t=0.9805]
Epoch 9/60:  74%|███████▍  | 29/39 [00:01<00:00, 28.06it/s, loss=0.2302, rec=0.1960, t=0.9805]
Epoch 9/60:  74%|███████▍  | 29/39 [00:01<00:00, 28.06it/s, loss=0.2301, rec=0.1960, t=0.9804]
Epoch 9/60:  74%|███████▍  | 29/39 [00:01<00:00, 28.06it/s, loss=0.2301, rec=0.1960, t=0.9804]
Epoch 9/60:  74%|███████▍  | 29/39 [00:01<00:00, 28.06it/s, loss=0.2301, rec=0.1961, t=0.9803]
Epoch 9/60:  82%|████████▏ | 32/39 [00:01<00:00, 28.17it/s, loss=0.2301, rec=0.1961, t=0.9803]
Epoch 9/60:  82%|████████▏ | 32/39 [00:01<00:00, 28.17it/s, loss=0.2302, rec=0.1963, t=0.9802]
Epoch 9/60:  82%|████████▏ | 32/39 [00:01<00:00, 28.17it/s, loss=0.2303, rec=0.1964, t=0.9802]
Epoch 9/60:  82%|████████▏ | 32/39 [00:01<00:00, 28.17it/s, loss=0.2304, rec=0.1966, t=0.9801]
Epoch 9/60:  90%|████████▉ | 35/39 [00:01<00:00, 27.72it/s, loss=0.2304, rec=0.1966, t=0.9801]
Epoch 9/60:  90%|████████▉ | 35/39 [00:01<00:00, 27.72it/s, loss=0.2304, rec=0.1966, t=0.9801]
Epoch 9/60:  90%|████████▉ | 35/39 [00:01<00:00, 27.72it/s, loss=0.2304, rec=0.1967, t=0.9800]
Epoch 9/60:  90%|████████▉ | 35/39 [00:01<00:00, 27.72it/s, loss=0.2305, rec=0.1968, t=0.9800]
Epoch 9/60:  90%|████████▉ | 35/39 [00:01<00:00, 27.72it/s, loss=0.2305, rec=0.1968, t=0.9799]
Epoch 9/60: 100%|██████████| 39/39 [00:01<00:00, 31.07it/s, loss=0.2305, rec=0.1968, t=0.9799]
                                                                                              
[Epoch    9/60] loss=0.230499 | rec=0.196778 | cb=0.046511 | com=0.046511 | uniq=0.348847 | rqvae=0.016279 | t=0.979905 | global_step=351
[EventC2 epoch 9] churn=0.3907053034445052 | churn_art=0.3920722941055658 | step_vs_snapshot=0.7554948059048661 | q2_used(events/articles)=4/4 | dead=124 | same_event_c2=1.0 | c123_collision=0.9834 | max_c4=1009 | cb_q1/q2/q3=0.01945/0.01442/0.01264 | com_q1/q2/q3=0.01945/0.01442/0.01264

Epoch 10/60:   0%|          | 0/39 [00:00<?, ?it/s, loss=0.2269, rec=0.1938, t=0.9798]
Epoch 10/60:   0%|          | 0/39 [00:00<?, ?it/s, loss=0.2274, rec=0.1944, t=0.9798]
Epoch 10/60:   5%|▌         | 2/39 [00:00<00:02, 17.61it/s, loss=0.2274, rec=0.1944, t=0.9798]
Epoch 10/60:   5%|▌         | 2/39 [00:00<00:02, 17.61it/s, loss=0.2278, rec=0.1947, t=0.9797]
Epoch 10/60:   5%|▌         | 2/39 [00:00<00:02, 17.61it/s, loss=0.2278, rec=0.1945, t=0.9797]
Epoch 10/60:   5%|▌         | 2/39 [00:00<00:02, 17.61it/s, loss=0.2280, rec=0.1944, t=0.9796]
Epoch 10/60:  13%|█▎        | 5/39 [00:00<00:01, 23.78it/s, loss=0.2280, rec=0.1944, t=0.9796]
Epoch 10/60:  13%|█▎        | 5/39 [00:00<00:01, 23.78it/s, loss=0.2278, rec=0.1942, t=0.9796]
Epoch 10/60:  13%|█▎        | 5/39 [00:00<00:01, 23.78it/s, loss=0.2280, rec=0.1939, t=0.9795]
Epoch 10/60:  13%|█▎        | 5/39 [00:00<00:01, 23.78it/s, loss=0.2280, rec=0.1939, t=0.9795]
Epoch 10/60:  21%|██        | 8/39 [00:00<00:01, 26.19it/s, loss=0.2280, rec=0.1939, t=0.9795]
Epoch 10/60:  21%|██        | 8/39 [00:00<00:01, 26.19it/s, loss=0.2279, rec=0.1935, t=0.9794]
Epoch 10/60:  21%|██        | 8/39 [00:00<00:01, 26.19it/s, loss=0.2277, rec=0.1931, t=0.9793]
Epoch 10/60:  21%|██        | 8/39 [00:00<00:01, 26.19it/s, loss=0.2277, rec=0.1930, t=0.9793]
Epoch 10/60:  28%|██▊       | 11/39 [00:00<00:01, 26.13it/s, loss=0.2277, rec=0.1930, t=0.9793]
Epoch 10/60:  28%|██▊       | 11/39 [00:00<00:01, 26.13it/s, loss=0.2276, rec=0.1930, t=0.9792]
Epoch 10/60:  28%|██▊       | 11/39 [00:00<00:01, 26.13it/s, loss=0.2277, rec=0.1931, t=0.9792]
Epoch 10/60:  28%|██▊       | 11/39 [00:00<00:01, 26.13it/s, loss=0.2275, rec=0.1929, t=0.9791]
Epoch 10/60:  36%|███▌      | 14/39 [00:00<00:00, 25.58it/s, loss=0.2275, rec=0.1929, t=0.9791]
Epoch 10/60:  36%|███▌      | 14/39 [00:00<00:00, 25.58it/s, loss=0.2274, rec=0.1930, t=0.9791]
Epoch 10/60:  36%|███▌      | 14/39 [00:00<00:00, 25.58it/s, loss=0.2272, rec=0.1929, t=0.9790]
Epoch 10/60:  36%|███▌      | 14/39 [00:00<00:00, 25.58it/s, loss=0.2269, rec=0.1927, t=0.9789]
Epoch 10/60:  44%|████▎     | 17/39 [00:00<00:00, 26.22it/s, loss=0.2269, rec=0.1927, t=0.9789]
Epoch 10/60:  44%|████▎     | 17/39 [00:00<00:00, 26.22it/s, loss=0.2267, rec=0.1926, t=0.9789]
Epoch 10/60:  44%|████▎     | 17/39 [00:00<00:00, 26.22it/s, loss=0.2265, rec=0.1924, t=0.9788]
Epoch 10/60:  44%|████▎     | 17/39 [00:00<00:00, 26.22it/s, loss=0.2265, rec=0.1924, t=0.9788]
Epoch 10/60:  51%|█████▏    | 20/39 [00:00<00:00, 25.96it/s, loss=0.2265, rec=0.1924, t=0.9788]
Epoch 10/60:  51%|█████▏    | 20/39 [00:00<00:00, 25.96it/s, loss=0.2264, rec=0.1924, t=0.9787]
Epoch 10/60:  51%|█████▏    | 20/39 [00:00<00:00, 25.96it/s, loss=0.2264, rec=0.1924, t=0.9787]
Epoch 10/60:  51%|█████▏    | 20/39 [00:00<00:00, 25.96it/s, loss=0.2264, rec=0.1924, t=0.9786]
Epoch 10/60:  59%|█████▉    | 23/39 [00:00<00:00, 24.83it/s, loss=0.2264, rec=0.1924, t=0.9786]
Epoch 10/60:  59%|█████▉    | 23/39 [00:00<00:00, 24.83it/s, loss=0.2265, rec=0.1925, t=0.9785]
Epoch 10/60:  59%|█████▉    | 23/39 [00:01<00:00, 24.83it/s, loss=0.2268, rec=0.1929, t=0.9785]
Epoch 10/60:  59%|█████▉    | 23/39 [00:01<00:00, 24.83it/s, loss=0.2269, rec=0.1931, t=0.9784]
Epoch 10/60:  67%|██████▋   | 26/39 [00:01<00:00, 24.65it/s, loss=0.2269, rec=0.1931, t=0.9784]
Epoch 10/60:  67%|██████▋   | 26/39 [00:01<00:00, 24.65it/s, loss=0.2270, rec=0.1933, t=0.9784]
Epoch 10/60:  67%|██████▋   | 26/39 [00:01<00:00, 24.65it/s, loss=0.2270, rec=0.1935, t=0.9783]
Epoch 10/60:  67%|██████▋   | 26/39 [00:01<00:00, 24.65it/s, loss=0.2270, rec=0.1935, t=0.9783]
Epoch 10/60:  74%|███████▍  | 29/39 [00:01<00:00, 24.47it/s, loss=0.2270, rec=0.1935, t=0.9783]
Epoch 10/60:  74%|███████▍  | 29/39 [00:01<00:00, 24.47it/s, loss=0.2270, rec=0.1936, t=0.9782]
Epoch 10/60:  74%|███████▍  | 29/39 [00:01<00:00, 24.47it/s, loss=0.2270, rec=0.1936, t=0.9781]
Epoch 10/60:  74%|███████▍  | 29/39 [00:01<00:00, 24.47it/s, loss=0.2271, rec=0.1937, t=0.9781]
Epoch 10/60:  82%|████████▏ | 32/39 [00:01<00:00, 23.89it/s, loss=0.2271, rec=0.1937, t=0.9781]
Epoch 10/60:  82%|████████▏ | 32/39 [00:01<00:00, 23.89it/s, loss=0.2273, rec=0.1939, t=0.9780]
Epoch 10/60:  82%|████████▏ | 32/39 [00:01<00:00, 23.89it/s, loss=0.2274, rec=0.1939, t=0.9780]
Epoch 10/60:  82%|████████▏ | 32/39 [00:01<00:00, 23.89it/s, loss=0.2276, rec=0.1940, t=0.9779]
Epoch 10/60:  90%|████████▉ | 35/39 [00:01<00:00, 24.68it/s, loss=0.2276, rec=0.1940, t=0.9779]
Epoch 10/60:  90%|████████▉ | 35/39 [00:01<00:00, 24.68it/s, loss=0.2278, rec=0.1941, t=0.9779]
Epoch 10/60:  90%|████████▉ | 35/39 [00:01<00:00, 24.68it/s, loss=0.2281, rec=0.1943, t=0.9778]
Epoch 10/60:  90%|████████▉ | 35/39 [00:01<00:00, 24.68it/s, loss=0.2283, rec=0.1945, t=0.9777]
Epoch 10/60:  90%|████████▉ | 35/39 [00:01<00:00, 24.68it/s, loss=0.2283, rec=0.1945, t=0.9777]
Epoch 10/60: 100%|██████████| 39/39 [00:01<00:00, 28.60it/s, loss=0.2283, rec=0.1945, t=0.9777]
                                                                                               
[Epoch   10/60] loss=0.228328 | rec=0.194457 | cb=0.044229 | com=0.044229 | uniq=0.367817 | rqvae=0.015480 | t=0.977691 | global_step=390
[EventC2 epoch 10] churn=0.25161290322580643 | churn_art=0.24779215444649824 | step_vs_snapshot=0.8272279934390377 | q2_used(events/articles)=6/6 | dead=122 | same_event_c2=1.0 | c123_collision=0.9800 | max_c4=1197 | cb_q1/q2/q3=0.01784/0.01444/0.01195 | com_q1/q2/q3=0.01784/0.01444/0.01195
[Validation epoch 10] loss=0.224822 | rec=0.190086 | cb=0.043046 | com=0.043046 | uniq=0.393398 | rqvae=0.015066
[Best Checkpoint] Total Loss improved -> <scratch>/mid_run_event/checkpoint_best_total.pt
[Best Checkpoint] Reconstruction Loss improved -> <scratch>/mid_run_event/checkpoint_best_rec.pt
[EarlyStopping] epoch=10 | improved_total=True | improved_rec=True | counter=0/20 | best_total=0.224822@10 | best_rec=0.190086@10

Epoch 11/60:   0%|          | 0/39 [00:00<?, ?it/s, loss=0.2261, rec=0.1932, t=0.9776]
Epoch 11/60:   0%|          | 0/39 [00:00<?, ?it/s, loss=0.2262, rec=0.1938, t=0.9776]
Epoch 11/60:   0%|          | 0/39 [00:00<?, ?it/s, loss=0.2255, rec=0.1932, t=0.9775]
Epoch 11/60:   8%|▊         | 3/39 [00:00<00:01, 25.10it/s, loss=0.2255, rec=0.1932, t=0.9775]
Epoch 11/60:   8%|▊         | 3/39 [00:00<00:01, 25.10it/s, loss=0.2261, rec=0.1939, t=0.9775]
Epoch 11/60:   8%|▊         | 3/39 [00:00<00:01, 25.10it/s, loss=0.2268, rec=0.1947, t=0.9774]
Epoch 11/60:   8%|▊         | 3/39 [00:00<00:01, 25.10it/s, loss=0.2271, rec=0.1950, t=0.9774]
Epoch 11/60:   8%|▊         | 3/39 [00:00<00:01, 25.10it/s, loss=0.2280, rec=0.1960, t=0.9773]
Epoch 11/60:  18%|█▊        | 7/39 [00:00<00:01, 29.57it/s, loss=0.2280, rec=0.1960, t=0.9773]
Epoch 11/60:  18%|█▊        | 7/39 [00:00<00:01, 29.57it/s, loss=0.2287, rec=0.1967, t=0.9772]
Epoch 11/60:  18%|█▊        | 7/39 [00:00<00:01, 29.57it/s, loss=0.2287, rec=0.1968, t=0.9772]
Epoch 11/60:  18%|█▊        | 7/39 [00:00<00:01, 29.57it/s, loss=0.2288, rec=0.1968, t=0.9771]
Epoch 11/60:  26%|██▌       | 10/39 [00:00<00:01, 26.82it/s, loss=0.2288, rec=0.1968, t=0.9771]
Epoch 11/60:  26%|██▌       | 10/39 [00:00<00:01, 26.82it/s, loss=0.2288, rec=0.1966, t=0.9771]
Epoch 11/60:  26%|██▌       | 10/39 [00:00<00:01, 26.82it/s, loss=0.2284, rec=0.1962, t=0.9770]
Epoch 11/60:  26%|██▌       | 10/39 [00:00<00:01, 26.82it/s, loss=0.2282, rec=0.1959, t=0.9770]
Epoch 11/60:  33%|███▎      | 13/39 [00:00<00:01, 25.06it/s, loss=0.2282, rec=0.1959, t=0.9770]
Epoch 11/60:  33%|███▎      | 13/39 [00:00<00:01, 25.06it/s, loss=0.2281, rec=0.1958, t=0.9769]
Epoch 11/60:  33%|███▎      | 13/39 [00:00<00:01, 25.06it/s, loss=0.2280, rec=0.1956, t=0.9768]
Epoch 11/60:  33%|███▎      | 13/39 [00:00<00:01, 25.06it/s, loss=0.2280, rec=0.1956, t=0.9768]
Epoch 11/60:  33%|███▎      | 13/39 [00:00<00:01, 25.06it/s, loss=0.2280, rec=0.1955, t=0.9767]
Epoch 11/60:  44%|████▎     | 17/39 [00:00<00:00, 27.64it/s, loss=0.2280, rec=0.1955, t=0.9767]
Epoch 11/60:  44%|████▎     | 17/39 [00:00<00:00, 27.64it/s, loss=0.2280, rec=0.1953, t=0.9767]
Epoch 11/60:  44%|████▎     | 17/39 [00:00<00:00, 27.64it/s, loss=0.2277, rec=0.1949, t=0.9766]
Epoch 11/60:  44%|████▎     | 17/39 [00:00<00:00, 27.64it/s, loss=0.2275, rec=0.1947, t=0.9766]
Epoch 11/60:  44%|████▎     | 17/39 [00:00<00:00, 27.64it/s, loss=0.2274, rec=0.1945, t=0.9765]
Epoch 11/60:  54%|█████▍    | 21/39 [00:00<00:00, 29.61it/s, loss=0.2274, rec=0.1945, t=0.9765]
Epoch 11/60:  54%|█████▍    | 21/39 [00:00<00:00, 29.61it/s, loss=0.2272, rec=0.1944, t=0.9764]
Epoch 11/60:  54%|█████▍    | 21/39 [00:00<00:00, 29.61it/s, loss=0.2271, rec=0.1941, t=0.9764]
Epoch 11/60:  54%|█████▍    | 21/39 [00:00<00:00, 29.61it/s, loss=0.2269, rec=0.1939, t=0.9763]
Epoch 11/60:  54%|█████▍    | 21/39 [00:00<00:00, 29.61it/s, loss=0.2268, rec=0.1939, t=0.9763]
Epoch 11/60:  64%|██████▍   | 25/39 [00:00<00:00, 30.79it/s, loss=0.2268, rec=0.1939, t=0.9763]
Epoch 11/60:  64%|██████▍   | 25/39 [00:00<00:00, 30.79it/s, loss=0.2265, rec=0.1936, t=0.9762]
Epoch 11/60:  64%|██████▍   | 25/39 [00:00<00:00, 30.79it/s, loss=0.2263, rec=0.1934, t=0.9762]
Epoch 11/60:  64%|██████▍   | 25/39 [00:00<00:00, 30.79it/s, loss=0.2261, rec=0.1932, t=0.9761]
Epoch 11/60:  64%|██████▍   | 25/39 [00:00<00:00, 30.79it/s, loss=0.2258, rec=0.1929, t=0.9760]
Epoch 11/60:  74%|███████▍  | 29/39 [00:00<00:00, 30.91it/s, loss=0.2258, rec=0.1929, t=0.9760]
Epoch 11/60:  74%|███████▍  | 29/39 [00:01<00:00, 30.91it/s, loss=0.2256, rec=0.1927, t=0.9760]
Epoch 11/60:  74%|███████▍  | 29/39 [00:01<00:00, 30.91it/s, loss=0.2254, rec=0.1924, t=0.9759]
Epoch 11/60:  74%|███████▍  | 29/39 [00:01<00:00, 30.91it/s, loss=0.2252, rec=0.1923, t=0.9759]
Epoch 11/60:  74%|███████▍  | 29/39 [00:01<00:00, 30.91it/s, loss=0.2250, rec=0.1921, t=0.9758]
Epoch 11/60:  85%|████████▍ | 33/39 [00:01<00:00, 30.72it/s, loss=0.2250, rec=0.1921, t=0.9758]
Epoch 11/60:  85%|████████▍ | 33/39 [00:01<00:00, 30.72it/s, loss=0.2249, rec=0.1919, t=0.9758]
Epoch 11/60:  85%|████████▍ | 33/39 [00:01<00:00, 30.72it/s, loss=0.2248, rec=0.1918, t=0.9757]
Epoch 11/60:  85%|████████▍ | 33/39 [00:01<00:00, 30.72it/s, loss=0.2246, rec=0.1917, t=0.9757]
Epoch 11/60:  85%|████████▍ | 33/39 [00:01<00:00, 30.72it/s, loss=0.2245, rec=0.1915, t=0.9756]
Epoch 11/60:  95%|█████████▍| 37/39 [00:01<00:00, 30.59it/s, loss=0.2245, rec=0.1915, t=0.9756]
Epoch 11/60:  95%|█████████▍| 37/39 [00:01<00:00, 30.59it/s, loss=0.2244, rec=0.1914, t=0.9755]
Epoch 11/60:  95%|█████████▍| 37/39 [00:01<00:00, 30.59it/s, loss=0.2244, rec=0.1914, t=0.9755]
                                                                                               
[Epoch   11/60] loss=0.224421 | rec=0.191430 | cb=0.041998 | com=0.041998 | uniq=0.365829 | rqvae=0.014699 | t=0.975482 | global_step=429
[EventC2 epoch 11] churn=0.41323127392017495 | churn_art=0.4172314643663997 | step_vs_snapshot=0.7661016949152543 | q2_used(events/articles)=6/6 | dead=122 | same_event_c2=1.0 | c123_collision=0.9620 | max_c4=388 | cb_q1/q2/q3=0.01718/0.01459/0.01023 | com_q1/q2/q3=0.01718/0.01459/0.01023

Epoch 12/60:   0%|          | 0/39 [00:00<?, ?it/s, loss=0.2187, rec=0.1849, t=0.9754]
Epoch 12/60:   0%|          | 0/39 [00:00<?, ?it/s, loss=0.2188, rec=0.1844, t=0.9754]
Epoch 12/60:   0%|          | 0/39 [00:00<?, ?it/s, loss=0.2185, rec=0.1843, t=0.9753]
Epoch 12/60:   8%|▊         | 3/39 [00:00<00:01, 23.39it/s, loss=0.2185, rec=0.1843, t=0.9753]
Epoch 12/60:   8%|▊         | 3/39 [00:00<00:01, 23.39it/s, loss=0.2182, rec=0.1840, t=0.9753]
Epoch 12/60:   8%|▊         | 3/39 [00:00<00:01, 23.39it/s, loss=0.2182, rec=0.1838, t=0.9752]
Epoch 12/60:   8%|▊         | 3/39 [00:00<00:01, 23.39it/s, loss=0.2185, rec=0.1844, t=0.9751]
Epoch 12/60:  15%|█▌        | 6/39 [00:00<00:01, 26.20it/s, loss=0.2185, rec=0.1844, t=0.9751]
Epoch 12/60:  15%|█▌        | 6/39 [00:00<00:01, 26.20it/s, loss=0.2184, rec=0.1842, t=0.9751]
Epoch 12/60:  15%|█▌        | 6/39 [00:00<00:01, 26.20it/s, loss=0.2183, rec=0.1843, t=0.9750]
Epoch 12/60:  15%|█▌        | 6/39 [00:00<00:01, 26.20it/s, loss=0.2183, rec=0.1843, t=0.9750]
Epoch 12/60:  23%|██▎       | 9/39 [00:00<00:01, 27.00it/s, loss=0.2183, rec=0.1843, t=0.9750]
Epoch 12/60:  23%|██▎       | 9/39 [00:00<00:01, 27.00it/s, loss=0.2184, rec=0.1844, t=0.9749]
Epoch 12/60:  23%|██▎       | 9/39 [00:00<00:01, 27.00it/s, loss=0.2184, rec=0.1843, t=0.9749]
Epoch 12/60:  23%|██▎       | 9/39 [00:00<00:01, 27.00it/s, loss=0.2183, rec=0.1843, t=0.9748]
Epoch 12/60:  31%|███       | 12/39 [00:00<00:01, 25.96it/s, loss=0.2183, rec=0.1843, t=0.9748]
Epoch 12/60:  31%|███       | 12/39 [00:00<00:01, 25.96it/s, loss=0.2181, rec=0.1842, t=0.9747]
Epoch 12/60:  31%|███       | 12/39 [00:00<00:01, 25.96it/s, loss=0.2181, rec=0.1841, t=0.9747]
Epoch 12/60:  31%|███       | 12/39 [00:00<00:01, 25.96it/s, loss=0.2182, rec=0.1843, t=0.9746]
Epoch 12/60:  38%|███▊      | 15/39 [00:00<00:00, 25.67it/s, loss=0.2182, rec=0.1843, t=0.9746]
Epoch 12/60:  38%|███▊      | 15/39 [00:00<00:00, 25.67it/s, loss=0.2181, rec=0.1841, t=0.9746]
Epoch 12/60:  38%|███▊      | 15/39 [00:00<00:00, 25.67it/s, loss=0.2181, rec=0.1841, t=0.9745]
Epoch 12/60:  38%|███▊      | 15/39 [00:00<00:00, 25.67it/s, loss=0.2183, rec=0.1843, t=0.9745]
Epoch 12/60:  46%|████▌     | 18/39 [00:00<00:00, 25.97it/s, loss=0.2183, rec=0.1843, t=0.9745]
Epoch 12/60:  46%|████▌     | 18/39 [00:00<00:00, 25.97it/s, loss=0.2184, rec=0.1845, t=0.9744]
Epoch 12/60:  46%|████▌     | 18/39 [00:00<00:00, 25.97it/s, loss=0.2184, rec=0.1847, t=0.9744]
Epoch 12/60:  46%|████▌     | 18/39 [00:00<00:00, 25.97it/s, loss=0.2184, rec=0.1847, t=0.9743]
Epoch 12/60:  54%|█████▍    | 21/39 [00:00<00:00, 25.97it/s, loss=0.2184, rec=0.1847, t=0.9743]
Epoch 12/60:  54%|█████▍    | 21/39 [00:00<00:00, 25.97it/s, loss=0.2186, rec=0.1849, t=0.9742]
Epoch 12/60:  54%|█████▍    | 21/39 [00:00<00:00, 25.97it/s, loss=0.2186, rec=0.1849, t=0.9742]
Epoch 12/60:  54%|█████▍    | 21/39 [00:00<00:00, 25.97it/s, loss=0.2187, rec=0.1849, t=0.9741]
Epoch 12/60:  62%|██████▏   | 24/39 [00:00<00:00, 24.25it/s, loss=0.2187, rec=0.1849, t=0.9741]
Epoch 12/60:  62%|██████▏   | 24/39 [00:00<00:00, 24.25it/s, loss=0.2188, rec=0.1850, t=0.9741]
Epoch 12/60:  62%|██████▏   | 24/39 [00:01<00:00, 24.25it/s, loss=0.2191, rec=0.1852, t=0.9740]
Epoch 12/60:  62%|██████▏   | 24/39 [00:01<00:00, 24.25it/s, loss=0.2195, rec=0.1855, t=0.9740]
Epoch 12/60:  69%|██████▉   | 27/39 [00:01<00:00, 24.91it/s, loss=0.2195, rec=0.1855, t=0.9740]
Epoch 12/60:  69%|██████▉   | 27/39 [00:01<00:00, 24.91it/s, loss=0.2199, rec=0.1857, t=0.9739]
Epoch 12/60:  69%|██████▉   | 27/39 [00:01<00:00, 24.91it/s, loss=0.2202, rec=0.1859, t=0.9738]
Epoch 12/60:  69%|██████▉   | 27/39 [00:01<00:00, 24.91it/s, loss=0.2205, rec=0.1861, t=0.9738]
Epoch 12/60:  77%|███████▋  | 30/39 [00:01<00:00, 25.36it/s, loss=0.2205, rec=0.1861, t=0.9738]
Epoch 12/60:  77%|███████▋  | 30/39 [00:01<00:00, 25.36it/s, loss=0.2207, rec=0.1862, t=0.9737]
Epoch 12/60:  77%|███████▋  | 30/39 [00:01<00:00, 25.36it/s, loss=0.2207, rec=0.1862, t=0.9737]
Epoch 12/60:  77%|███████▋  | 30/39 [00:01<00:00, 25.36it/s, loss=0.2206, rec=0.1862, t=0.9736]
Epoch 12/60:  85%|████████▍ | 33/39 [00:01<00:00, 26.02it/s, loss=0.2206, rec=0.1862, t=0.9736]
Epoch 12/60:  85%|████████▍ | 33/39 [00:01<00:00, 26.02it/s, loss=0.2206, rec=0.1862, t=0.9736]
Epoch 12/60:  85%|████████▍ | 33/39 [00:01<00:00, 26.02it/s, loss=0.2205, rec=0.1862, t=0.9735]
Epoch 12/60:  85%|████████▍ | 33/39 [00:01<00:00, 26.02it/s, loss=0.2204, rec=0.1862, t=0.9734]
Epoch 12/60:  92%|█████████▏| 36/39 [00:01<00:00, 26.45it/s, loss=0.2204, rec=0.1862, t=0.9734]
Epoch 12/60:  92%|█████████▏| 36/39 [00:01<00:00, 26.45it/s, loss=0.2203, rec=0.1861, t=0.9734]
Epoch 12/60:  92%|█████████▏| 36/39 [00:01<00:00, 26.45it/s, loss=0.2203, rec=0.1862, t=0.9733]
Epoch 12/60:  92%|█████████▏| 36/39 [00:01<00:00, 26.45it/s, loss=0.2203, rec=0.1862, t=0.9733]
                                                                                               
[Epoch   12/60] loss=0.220325 | rec=0.186177 | cb=0.042370 | com=0.042370 | uniq=0.386376 | rqvae=0.014830 | t=0.973278 | global_step=468
[EventC2 epoch 12] churn=0.27731000546746853 | churn_art=0.2722324912713083 | step_vs_snapshot=0.7702569710224166 | q2_used(events/articles)=9/9 | dead=119 | same_event_c2=1.0 | c123_collision=0.9541 | max_c4=431 | cb_q1/q2/q3=0.01765/0.01512/0.00960 | com_q1/q2/q3=0.01765/0.01512/0.00960

Epoch 13/60:   0%|          | 0/39 [00:00<?, ?it/s, loss=0.2238, rec=0.1894, t=0.9732]
Epoch 13/60:   0%|          | 0/39 [00:00<?, ?it/s, loss=0.2243, rec=0.1899, t=0.9732]
Epoch 13/60:   0%|          | 0/39 [00:00<?, ?it/s, loss=0.2238, rec=0.1895, t=0.9731]
Epoch 13/60:   8%|▊         | 3/39 [00:00<00:01, 24.68it/s, loss=0.2238, rec=0.1895, t=0.9731]
Epoch 13/60:   8%|▊         | 3/39 [00:00<00:01, 24.68it/s, loss=0.2242, rec=0.1892, t=0.9731]
Epoch 13/60:   8%|▊         | 3/39 [00:00<00:01, 24.68it/s, loss=0.2250, rec=0.1901, t=0.9730]
Epoch 13/60:   8%|▊         | 3/39 [00:00<00:01, 24.68it/s, loss=0.2249, rec=0.1902, t=0.9729]
Epoch 13/60:  15%|█▌        | 6/39 [00:00<00:01, 27.02it/s, loss=0.2249, rec=0.1902, t=0.9729]
Epoch 13/60:  15%|█▌        | 6/39 [00:00<00:01, 27.02it/s, loss=0.2252, rec=0.1908, t=0.9729]
Epoch 13/60:  15%|█▌        | 6/39 [00:00<00:01, 27.02it/s, loss=0.2250, rec=0.1908, t=0.9728]
Epoch 13/60:  15%|█▌        | 6/39 [00:00<00:01, 27.02it/s, loss=0.2249, rec=0.1907, t=0.9728]
Epoch 13/60:  23%|██▎       | 9/39 [00:00<00:01, 27.99it/s, loss=0.2249, rec=0.1907, t=0.9728]
Epoch 13/60:  23%|██▎       | 9/39 [00:00<00:01, 27.99it/s, loss=0.2248, rec=0.1907, t=0.9727]
Epoch 13/60:  23%|██▎       | 9/39 [00:00<00:01, 27.99it/s, loss=0.2246, rec=0.1904, t=0.9727]
Epoch 13/60:  23%|██▎       | 9/39 [00:00<00:01, 27.99it/s, loss=0.2249, rec=0.1905, t=0.9726]
Epoch 13/60:  31%|███       | 12/39 [00:00<00:00, 28.30it/s, loss=0.2249, rec=0.1905, t=0.9726]
Epoch 13/60:  31%|███       | 12/39 [00:00<00:00, 28.30it/s, loss=0.2269, rec=0.1922, t=0.9725]
Epoch 13/60:  31%|███       | 12/39 [00:00<00:00, 28.30it/s, loss=0.2298, rec=0.1947, t=0.9725]
Epoch 13/60:  31%|███       | 12/39 [00:00<00:00, 28.30it/s, loss=0.2305, rec=0.1952, t=0.9724]
Epoch 13/60:  38%|███▊      | 15/39 [00:00<00:00, 28.60it/s, loss=0.2305, rec=0.1952, t=0.9724]
Epoch 13/60:  38%|███▊      | 15/39 [00:00<00:00, 28.60it/s, loss=0.2306, rec=0.1953, t=0.9724]
Epoch 13/60:  38%|███▊      | 15/39 [00:00<00:00, 28.60it/s, loss=0.2301, rec=0.1948, t=0.9723]
Epoch 13/60:  38%|███▊      | 15/39 [00:00<00:00, 28.60it/s, loss=0.2298, rec=0.1945, t=0.9723]
Epoch 13/60:  46%|████▌     | 18/39 [00:00<00:00, 28.16it/s, loss=0.2298, rec=0.1945, t=0.9723]
Epoch 13/60:  46%|████▌     | 18/39 [00:00<00:00, 28.16it/s, loss=0.2294, rec=0.1942, t=0.9722]
Epoch 13/60:  46%|████▌     | 18/39 [00:00<00:00, 28.16it/s, loss=0.2293, rec=0.1941, t=0.9721]
Epoch 13/60:  46%|████▌     | 18/39 [00:00<00:00, 28.16it/s, loss=0.2291, rec=0.1941, t=0.9721]
Epoch 13/60:  54%|█████▍    | 21/39 [00:00<00:00, 28.60it/s, loss=0.2291, rec=0.1941, t=0.9721]
Epoch 13/60:  54%|█████▍    | 21/39 [00:00<00:00, 28.60it/s, loss=0.2290, rec=0.1941, t=0.9720]
Epoch 13/60:  54%|█████▍    | 21/39 [00:00<00:00, 28.60it/s, loss=0.2288, rec=0.1941, t=0.9720]
Epoch 13/60:  54%|█████▍    | 21/39 [00:00<00:00, 28.60it/s, loss=0.2287, rec=0.1940, t=0.9719]
Epoch 13/60:  62%|██████▏   | 24/39 [00:00<00:00, 28.83it/s, loss=0.2287, rec=0.1940, t=0.9719]
Epoch 13/60:  62%|██████▏   | 24/39 [00:00<00:00, 28.83it/s, loss=0.2285, rec=0.1939, t=0.9719]
Epoch 13/60:  62%|██████▏   | 24/39 [00:00<00:00, 28.83it/s, loss=0.2284, rec=0.1938, t=0.9718]
Epoch 13/60:  62%|██████▏   | 24/39 [00:00<00:00, 28.83it/s, loss=0.2282, rec=0.1937, t=0.9718]
Epoch 13/60:  69%|██████▉   | 27/39 [00:00<00:00, 28.79it/s, loss=0.2282, rec=0.1937, t=0.9718]
Epoch 13/60:  69%|██████▉   | 27/39 [00:00<00:00, 28.79it/s, loss=0.2280, rec=0.1935, t=0.9717]
Epoch 13/60:  69%|██████▉   | 27/39 [00:01<00:00, 28.79it/s, loss=0.2279, rec=0.1934, t=0.9716]
Epoch 13/60:  69%|██████▉   | 27/39 [00:01<00:00, 28.79it/s, loss=0.2278, rec=0.1933, t=0.9716]
Epoch 13/60:  77%|███████▋  | 30/39 [00:01<00:00, 28.80it/s, loss=0.2278, rec=0.1933, t=0.9716]
Epoch 13/60:  77%|███████▋  | 30/39 [00:01<00:00, 28.80it/s, loss=0.2277, rec=0.1932, t=0.9715]
Epoch 13/60:  77%|███████▋  | 30/39 [00:01<00:00, 28.80it/s, loss=0.2276, rec=0.1931, t=0.9715]
Epoch 13/60:  77%|███████▋  | 30/39 [00:01<00:00, 28.80it/s, loss=0.2274, rec=0.1929, t=0.9714]
Epoch 13/60:  85%|████████▍ | 33/39 [00:01<00:00, 29.01it/s, loss=0.2274, rec=0.1929, t=0.9714]
Epoch 13/60:  85%|████████▍ | 33/39 [00:01<00:00, 29.01it/s, loss=0.2272, rec=0.1928, t=0.9714]
Epoch 13/60:  85%|████████▍ | 33/39 [00:01<00:00, 29.01it/s, loss=0.2270, rec=0.1926, t=0.9713]
Epoch 13/60:  85%|████████▍ | 33/39 [00:01<00:00, 29.01it/s, loss=0.2268, rec=0.1924, t=0.9712]
Epoch 13/60:  92%|█████████▏| 36/39 [00:01<00:00, 29.17it/s, loss=0.2268, rec=0.1924, t=0.9712]
Epoch 13/60:  92%|█████████▏| 36/39 [00:01<00:00, 29.17it/s, loss=0.2266, rec=0.1923, t=0.9712]
Epoch 13/60:  92%|█████████▏| 36/39 [00:01<00:00, 29.17it/s, loss=0.2264, rec=0.1922, t=0.9711]
Epoch 13/60:  92%|█████████▏| 36/39 [00:01<00:00, 29.17it/s, loss=0.2264, rec=0.1922, t=0.9711]
                                                                                               
[Epoch   13/60] loss=0.226395 | rec=0.192176 | cb=0.043032 | com=0.043032 | uniq=0.383158 | rqvae=0.015061 | t=0.971078 | global_step=507
[EventC2 epoch 13] churn=0.2684527063969382 | churn_art=0.27130827685356335 | step_vs_snapshot=0.8605795516675779 | q2_used(events/articles)=6/6 | dead=122 | same_event_c2=1.0 | c123_collision=0.9522 | max_c4=621 | cb_q1/q2/q3=0.01733/0.01545/0.01026 | com_q1/q2/q3=0.01733/0.01545/0.01026

Epoch 14/60:   0%|          | 0/39 [00:00<?, ?it/s, loss=0.2187, rec=0.1863, t=0.9710]
Epoch 14/60:   0%|          | 0/39 [00:00<?, ?it/s, loss=0.2194, rec=0.1871, t=0.9710]
Epoch 14/60:   0%|          | 0/39 [00:00<?, ?it/s, loss=0.2197, rec=0.1876, t=0.9709]
Epoch 14/60:   8%|▊         | 3/39 [00:00<00:01, 26.06it/s, loss=0.2197, rec=0.1876, t=0.9709]
Epoch 14/60:   8%|▊         | 3/39 [00:00<00:01, 26.06it/s, loss=0.2197, rec=0.1873, t=0.9709]
Epoch 14/60:   8%|▊         | 3/39 [00:00<00:01, 26.06it/s, loss=0.2193, rec=0.1869, t=0.9708]
Epoch 14/60:   8%|▊         | 3/39 [00:00<00:01, 26.06it/s, loss=0.2192, rec=0.1869, t=0.9707]
Epoch 14/60:  15%|█▌        | 6/39 [00:00<00:01, 28.21it/s, loss=0.2192, rec=0.1869, t=0.9707]
Epoch 14/60:  15%|█▌        | 6/39 [00:00<00:01, 28.21it/s, loss=0.2188, rec=0.1864, t=0.9707]
Epoch 14/60:  15%|█▌        | 6/39 [00:00<00:01, 28.21it/s, loss=0.2188, rec=0.1864, t=0.9706]
Epoch 14/60:  15%|█▌        | 6/39 [00:00<00:01, 28.21it/s, loss=0.2185, rec=0.1861, t=0.9706]
Epoch 14/60:  23%|██▎       | 9/39 [00:00<00:01, 25.95it/s, loss=0.2185, rec=0.1861, t=0.9706]
Epoch 14/60:  23%|██▎       | 9/39 [00:00<00:01, 25.95it/s, loss=0.2182, rec=0.1857, t=0.9705]
Epoch 14/60:  23%|██▎       | 9/39 [00:00<00:01, 25.95it/s, loss=0.2180, rec=0.1855, t=0.9705]
Epoch 14/60:  23%|██▎       | 9/39 [00:00<00:01, 25.95it/s, loss=0.2182, rec=0.1857, t=0.9704]
Epoch 14/60:  31%|███       | 12/39 [00:00<00:01, 26.91it/s, loss=0.2182, rec=0.1857, t=0.9704]
Epoch 14/60:  31%|███       | 12/39 [00:00<00:01, 26.91it/s, loss=0.2182, rec=0.1856, t=0.9703]
Epoch 14/60:  31%|███       | 12/39 [00:00<00:01, 26.91it/s, loss=0.2180, rec=0.1854, t=0.9703]
Epoch 14/60:  31%|███       | 12/39 [00:00<00:01, 26.91it/s, loss=0.2180, rec=0.1853, t=0.9702]
Epoch 14/60:  38%|███▊      | 15/39 [00:00<00:00, 27.04it/s, loss=0.2180, rec=0.1853, t=0.9702]
Epoch 14/60:  38%|███▊      | 15/39 [00:00<00:00, 27.04it/s, loss=0.2179, rec=0.1851, t=0.9702]
Epoch 14/60:  38%|███▊      | 15/39 [00:00<00:00, 27.04it/s, loss=0.2179, rec=0.1850, t=0.9701]
Epoch 14/60:  38%|███▊      | 15/39 [00:00<00:00, 27.04it/s, loss=0.2180, rec=0.1850, t=0.9701]
Epoch 14/60:  46%|████▌     | 18/39 [00:00<00:00, 27.21it/s, loss=0.2180, rec=0.1850, t=0.9701]
Epoch 14/60:  46%|████▌     | 18/39 [00:00<00:00, 27.21it/s, loss=0.2180, rec=0.1850, t=0.9700]
Epoch 14/60:  46%|████▌     | 18/39 [00:00<00:00, 27.21it/s, loss=0.2180, rec=0.1849, t=0.9700]
Epoch 14/60:  46%|████▌     | 18/39 [00:00<00:00, 27.21it/s, loss=0.2180, rec=0.1848, t=0.9699]
Epoch 14/60:  54%|█████▍    | 21/39 [00:00<00:00, 26.66it/s, loss=0.2180, rec=0.1848, t=0.9699]
Epoch 14/60:  54%|█████▍    | 21/39 [00:00<00:00, 26.66it/s, loss=0.2180, rec=0.1847, t=0.9698]
Epoch 14/60:  54%|█████▍    | 21/39 [00:00<00:00, 26.66it/s, loss=0.2181, rec=0.1847, t=0.9698]
Epoch 14/60:  54%|█████▍    | 21/39 [00:00<00:00, 26.66it/s, loss=0.2180, rec=0.1847, t=0.9697]
Epoch 14/60:  62%|██████▏   | 24/39 [00:00<00:00, 21.18it/s, loss=0.2180, rec=0.1847, t=0.9697]
Epoch 14/60:  62%|██████▏   | 24/39 [00:01<00:00, 21.18it/s, loss=0.2179, rec=0.1846, t=0.9697]
Epoch 14/60:  62%|██████▏   | 24/39 [00:01<00:00, 21.18it/s, loss=0.2178, rec=0.1845, t=0.9696]
Epoch 14/60:  62%|██████▏   | 24/39 [00:01<00:00, 21.18it/s, loss=0.2177, rec=0.1844, t=0.9696]
Epoch 14/60:  69%|██████▉   | 27/39 [00:01<00:00, 22.88it/s, loss=0.2177, rec=0.1844, t=0.9696]
Epoch 14/60:  69%|██████▉   | 27/39 [00:01<00:00, 22.88it/s, loss=0.2176, rec=0.1843, t=0.9695]
Epoch 14/60:  69%|██████▉   | 27/39 [00:01<00:00, 22.88it/s, loss=0.2174, rec=0.1842, t=0.9694]
Epoch 14/60:  69%|██████▉   | 27/39 [00:01<00:00, 22.88it/s, loss=0.2173, rec=0.1840, t=0.9694]
Epoch 14/60:  77%|███████▋  | 30/39 [00:01<00:00, 24.31it/s, loss=0.2173, rec=0.1840, t=0.9694]
Epoch 14/60:  77%|███████▋  | 30/39 [00:01<00:00, 24.31it/s, loss=0.2172, rec=0.1839, t=0.9693]
Epoch 14/60:  77%|███████▋  | 30/39 [00:01<00:00, 24.31it/s, loss=0.2171, rec=0.1838, t=0.9693]
Epoch 14/60:  77%|███████▋  | 30/39 [00:01<00:00, 24.31it/s, loss=0.2170, rec=0.1838, t=0.9692]
Epoch 14/60:  85%|████████▍ | 33/39 [00:01<00:00, 25.38it/s, loss=0.2170, rec=0.1838, t=0.9692]
Epoch 14/60:  85%|████████▍ | 33/39 [00:01<00:00, 25.38it/s, loss=0.2171, rec=0.1839, t=0.9692]
Epoch 14/60:  85%|████████▍ | 33/39 [00:01<00:00, 25.38it/s, loss=0.2171, rec=0.1839, t=0.9691]
Epoch 14/60:  85%|████████▍ | 33/39 [00:01<00:00, 25.38it/s, loss=0.2170, rec=0.1838, t=0.9691]
Epoch 14/60:  92%|█████████▏| 36/39 [00:01<00:00, 26.04it/s, loss=0.2170, rec=0.1838, t=0.9691]
Epoch 14/60:  92%|█████████▏| 36/39 [00:01<00:00, 26.04it/s, loss=0.2169, rec=0.1837, t=0.9690]
Epoch 14/60:  92%|█████████▏| 36/39 [00:01<00:00, 26.04it/s, loss=0.2169, rec=0.1837, t=0.9689]
Epoch 14/60:  92%|█████████▏| 36/39 [00:01<00:00, 26.04it/s, loss=0.2169, rec=0.1837, t=0.9689]
                                                                                               
[Epoch   14/60] loss=0.216887 | rec=0.183651 | cb=0.042134 | com=0.042134 | uniq=0.369766 | rqvae=0.014747 | t=0.968884 | global_step=546
[EventC2 epoch 14] churn=0.12979770366320392 | churn_art=0.13072499486547545 | step_vs_snapshot=0.9209404045926736 | q2_used(events/articles)=6/6 | dead=122 | same_event_c2=1.0 | c123_collision=0.9513 | max_c4=364 | cb_q1/q2/q3=0.01719/0.01533/0.00961 | com_q1/q2/q3=0.01719/0.01533/0.00961

Epoch 15/60:   0%|          | 0/39 [00:00<?, ?it/s, loss=0.2162, rec=0.1838, t=0.9688]
Epoch 15/60:   0%|          | 0/39 [00:00<?, ?it/s, loss=0.2161, rec=0.1836, t=0.9688]
Epoch 15/60:   0%|          | 0/39 [00:00<?, ?it/s, loss=0.2159, rec=0.1831, t=0.9687]
Epoch 15/60:   8%|▊         | 3/39 [00:00<00:01, 24.76it/s, loss=0.2159, rec=0.1831, t=0.9687]
Epoch 15/60:   8%|▊         | 3/39 [00:00<00:01, 24.76it/s, loss=0.2163, rec=0.1833, t=0.9687]
Epoch 15/60:   8%|▊         | 3/39 [00:00<00:01, 24.76it/s, loss=0.2164, rec=0.1833, t=0.9686]
Epoch 15/60:   8%|▊         | 3/39 [00:00<00:01, 24.76it/s, loss=0.2169, rec=0.1835, t=0.9685]
Epoch 15/60:   8%|▊         | 3/39 [00:00<00:01, 24.76it/s, loss=0.2171, rec=0.1836, t=0.9685]
Epoch 15/60:  18%|█▊        | 7/39 [00:00<00:01, 28.85it/s, loss=0.2171, rec=0.1836, t=0.9685]
Epoch 15/60:  18%|█▊        | 7/39 [00:00<00:01, 28.85it/s, loss=0.2177, rec=0.1840, t=0.9684]
Epoch 15/60:  18%|█▊        | 7/39 [00:00<00:01, 28.85it/s, loss=0.2188, rec=0.1848, t=0.9684]
Epoch 15/60:  18%|█▊        | 7/39 [00:00<00:01, 28.85it/s, loss=0.2197, rec=0.1856, t=0.9683]
Epoch 15/60:  26%|██▌       | 10/39 [00:00<00:00, 29.06it/s, loss=0.2197, rec=0.1856, t=0.9683]
Epoch 15/60:  26%|██▌       | 10/39 [00:00<00:00, 29.06it/s, loss=0.2200, rec=0.1856, t=0.9683]
Epoch 15/60:  26%|██▌       | 10/39 [00:00<00:00, 29.06it/s, loss=0.2203, rec=0.1858, t=0.9682]
Epoch 15/60:  26%|██▌       | 10/39 [00:00<00:00, 29.06it/s, loss=0.2202, rec=0.1856, t=0.9682]
Epoch 15/60:  26%|██▌       | 10/39 [00:00<00:00, 29.06it/s, loss=0.2201, rec=0.1855, t=0.9681]
Epoch 15/60:  36%|███▌      | 14/39 [00:00<00:00, 29.44it/s, loss=0.2201, rec=0.1855, t=0.9681]
Epoch 15/60:  36%|███▌      | 14/39 [00:00<00:00, 29.44it/s, loss=0.2201, rec=0.1856, t=0.9680]
Epoch 15/60:  36%|███▌      | 14/39 [00:00<00:00, 29.44it/s, loss=0.2198, rec=0.1853, t=0.9680]
Epoch 15/60:  36%|███▌      | 14/39 [00:00<00:00, 29.44it/s, loss=0.2196, rec=0.1850, t=0.9679]
Epoch 15/60:  36%|███▌      | 14/39 [00:00<00:00, 29.44it/s, loss=0.2193, rec=0.1848, t=0.9679]
Epoch 15/60:  46%|████▌     | 18/39 [00:00<00:00, 29.91it/s, loss=0.2193, rec=0.1848, t=0.9679]
Epoch 15/60:  46%|████▌     | 18/39 [00:00<00:00, 29.91it/s, loss=0.2190, rec=0.1847, t=0.9678]
Epoch 15/60:  46%|████▌     | 18/39 [00:00<00:00, 29.91it/s, loss=0.2188, rec=0.1845, t=0.9678]
Epoch 15/60:  46%|████▌     | 18/39 [00:00<00:00, 29.91it/s, loss=0.2186, rec=0.1845, t=0.9677]
Epoch 15/60:  46%|████▌     | 18/39 [00:00<00:00, 29.91it/s, loss=0.2184, rec=0.1842, t=0.9676]
Epoch 15/60:  56%|█████▋    | 22/39 [00:00<00:00, 30.57it/s, loss=0.2184, rec=0.1842, t=0.9676]
Epoch 15/60:  56%|█████▋    | 22/39 [00:00<00:00, 30.57it/s, loss=0.2182, rec=0.1840, t=0.9676]
Epoch 15/60:  56%|█████▋    | 22/39 [00:00<00:00, 30.57it/s, loss=0.2181, rec=0.1839, t=0.9675]
Epoch 15/60:  56%|█████▋    | 22/39 [00:00<00:00, 30.57it/s, loss=0.2180, rec=0.1838, t=0.9675]
Epoch 15/60:  56%|█████▋    | 22/39 [00:00<00:00, 30.57it/s, loss=0.2180, rec=0.1838, t=0.9674]
Epoch 15/60:  67%|██████▋   | 26/39 [00:00<00:00, 31.23it/s, loss=0.2180, rec=0.1838, t=0.9674]
Epoch 15/60:  67%|██████▋   | 26/39 [00:00<00:00, 31.23it/s, loss=0.2179, rec=0.1838, t=0.9674]
Epoch 15/60:  67%|██████▋   | 26/39 [00:00<00:00, 31.23it/s, loss=0.2179, rec=0.1838, t=0.9673]
Epoch 15/60:  67%|██████▋   | 26/39 [00:00<00:00, 31.23it/s, loss=0.2179, rec=0.1838, t=0.9673]
Epoch 15/60:  67%|██████▋   | 26/39 [00:00<00:00, 31.23it/s, loss=0.2178, rec=0.1838, t=0.9672]
Epoch 15/60:  77%|███████▋  | 30/39 [00:00<00:00, 30.51it/s, loss=0.2178, rec=0.1838, t=0.9672]
Epoch 15/60:  77%|███████▋  | 30/39 [00:01<00:00, 30.51it/s, loss=0.2178, rec=0.1837, t=0.9671]
Epoch 15/60:  77%|███████▋  | 30/39 [00:01<00:00, 30.51it/s, loss=0.2178, rec=0.1837, t=0.9671]
Epoch 15/60:  77%|███████▋  | 30/39 [00:01<00:00, 30.51it/s, loss=0.2178, rec=0.1837, t=0.9670]
Epoch 15/60:  77%|███████▋  | 30/39 [00:01<00:00, 30.51it/s, loss=0.2178, rec=0.1837, t=0.9670]
Epoch 15/60:  87%|████████▋ | 34/39 [00:01<00:00, 30.99it/s, loss=0.2178, rec=0.1837, t=0.9670]
Epoch 15/60:  87%|████████▋ | 34/39 [00:01<00:00, 30.99it/s, loss=0.2177, rec=0.1837, t=0.9669]
Epoch 15/60:  87%|████████▋ | 34/39 [00:01<00:00, 30.99it/s, loss=0.2178, rec=0.1838, t=0.9669]
Epoch 15/60:  87%|████████▋ | 34/39 [00:01<00:00, 30.99it/s, loss=0.2182, rec=0.1841, t=0.9668]
Epoch 15/60:  87%|████████▋ | 34/39 [00:01<00:00, 30.99it/s, loss=0.2188, rec=0.1846, t=0.9668]
Epoch 15/60:  97%|█████████▋| 38/39 [00:01<00:00, 32.27it/s, loss=0.2188, rec=0.1846, t=0.9668]
Epoch 15/60:  97%|█████████▋| 38/39 [00:01<00:00, 32.27it/s, loss=0.2187, rec=0.1846, t=0.9667]
                                                                                               
[Epoch   15/60] loss=0.218745 | rec=0.184581 | cb=0.045489 | com=0.045489 | uniq=0.364870 | rqvae=0.015921 | t=0.966695 | global_step=585
[EventC2 epoch 15] churn=0.09458720612356479 | churn_art=0.09416718011912097 | step_vs_snapshot=0.9452159650082012 | q2_used(events/articles)=6/6 | dead=122 | same_event_c2=1.0 | c123_collision=0.9425 | max_c4=567 | cb_q1/q2/q3=0.01843/0.01658/0.01048 | com_q1/q2/q3=0.01843/0.01658/0.01048

Epoch 16/60:   0%|          | 0/39 [00:00<?, ?it/s, loss=0.2383, rec=0.2024, t=0.9666]
Epoch 16/60:   0%|          | 0/39 [00:00<?, ?it/s, loss=0.2318, rec=0.1953, t=0.9666]
Epoch 16/60:   0%|          | 0/39 [00:00<?, ?it/s, loss=0.2295, rec=0.1938, t=0.9665]
Epoch 16/60:   8%|▊         | 3/39 [00:00<00:01, 23.26it/s, loss=0.2295, rec=0.1938, t=0.9665]
Epoch 16/60:   8%|▊         | 3/39 [00:00<00:01, 23.26it/s, loss=0.2264, rec=0.1914, t=0.9665]
Epoch 16/60:   8%|▊         | 3/39 [00:00<00:01, 23.26it/s, loss=0.2251, rec=0.1905, t=0.9664]
Epoch 16/60:   8%|▊         | 3/39 [00:00<00:01, 23.26it/s, loss=0.2238, rec=0.1894, t=0.9664]
Epoch 16/60:  15%|█▌        | 6/39 [00:00<00:01, 25.39it/s, loss=0.2238, rec=0.1894, t=0.9664]
Epoch 16/60:  15%|█▌        | 6/39 [00:00<00:01, 25.39it/s, loss=0.2228, rec=0.1885, t=0.9663]
Epoch 16/60:  15%|█▌        | 6/39 [00:00<00:01, 25.39it/s, loss=0.2222, rec=0.1880, t=0.9662]
Epoch 16/60:  15%|█▌        | 6/39 [00:00<00:01, 25.39it/s, loss=0.2216, rec=0.1875, t=0.9662]
Epoch 16/60:  23%|██▎       | 9/39 [00:00<00:01, 26.42it/s, loss=0.2216, rec=0.1875, t=0.9662]
Epoch 16/60:  23%|██▎       | 9/39 [00:00<00:01, 26.42it/s, loss=0.2211, rec=0.1871, t=0.9661]
Epoch 16/60:  23%|██▎       | 9/39 [00:00<00:01, 26.42it/s, loss=0.2209, rec=0.1869, t=0.9661]
Epoch 16/60:  23%|██▎       | 9/39 [00:00<00:01, 26.42it/s, loss=0.2205, rec=0.1865, t=0.9660]
Epoch 16/60:  31%|███       | 12/39 [00:00<00:00, 27.23it/s, loss=0.2205, rec=0.1865, t=0.9660]
Epoch 16/60:  31%|███       | 12/39 [00:00<00:00, 27.23it/s, loss=0.2200, rec=0.1859, t=0.9660]
Epoch 16/60:  31%|███       | 12/39 [00:00<00:00, 27.23it/s, loss=0.2196, rec=0.1855, t=0.9659]
Epoch 16/60:  31%|███       | 12/39 [00:00<00:00, 27.23it/s, loss=0.2193, rec=0.1852, t=0.9659]
Epoch 16/60:  31%|███       | 12/39 [00:00<00:00, 27.23it/s, loss=0.2191, rec=0.1850, t=0.9658]
Epoch 16/60:  41%|████      | 16/39 [00:00<00:00, 28.52it/s, loss=0.2191, rec=0.1850, t=0.9658]
Epoch 16/60:  41%|████      | 16/39 [00:00<00:00, 28.52it/s, loss=0.2189, rec=0.1848, t=0.9657]
Epoch 16/60:  41%|████      | 16/39 [00:00<00:00, 28.52it/s, loss=0.2187, rec=0.1846, t=0.9657]
Epoch 16/60:  41%|████      | 16/39 [00:00<00:00, 28.52it/s, loss=0.2186, rec=0.1844, t=0.9656]
Epoch 16/60:  41%|████      | 16/39 [00:00<00:00, 28.52it/s, loss=0.2184, rec=0.1842, t=0.9656]
Epoch 16/60:  51%|█████▏    | 20/39 [00:00<00:00, 29.99it/s, loss=0.2184, rec=0.1842, t=0.9656]
Epoch 16/60:  51%|█████▏    | 20/39 [00:00<00:00, 29.99it/s, loss=0.2183, rec=0.1841, t=0.9655]
Epoch 16/60:  51%|█████▏    | 20/39 [00:00<00:00, 29.99it/s, loss=0.2182, rec=0.1841, t=0.9655]
Epoch 16/60:  51%|█████▏    | 20/39 [00:00<00:00, 29.99it/s, loss=0.2180, rec=0.1839, t=0.9654]
Epoch 16/60:  51%|█████▏    | 20/39 [00:00<00:00, 29.99it/s, loss=0.2179, rec=0.1838, t=0.9654]
Epoch 16/60:  62%|██████▏   | 24/39 [00:00<00:00, 30.49it/s, loss=0.2179, rec=0.1838, t=0.9654]
Epoch 16/60:  62%|██████▏   | 24/39 [00:00<00:00, 30.49it/s, loss=0.2175, rec=0.1834, t=0.9653]
Epoch 16/60:  62%|██████▏   | 24/39 [00:00<00:00, 30.49it/s, loss=0.2174, rec=0.1833, t=0.9652]
Epoch 16/60:  62%|██████▏   | 24/39 [00:00<00:00, 30.49it/s, loss=0.2174, rec=0.1833, t=0.9652]
Epoch 16/60:  62%|██████▏   | 24/39 [00:00<00:00, 30.49it/s, loss=0.2174, rec=0.1834, t=0.9651]
Epoch 16/60:  72%|███████▏  | 28/39 [00:00<00:00, 30.90it/s, loss=0.2174, rec=0.1834, t=0.9651]
Epoch 16/60:  72%|███████▏  | 28/39 [00:00<00:00, 30.90it/s, loss=0.2175, rec=0.1833, t=0.9651]
Epoch 16/60:  72%|███████▏  | 28/39 [00:01<00:00, 30.90it/s, loss=0.2174, rec=0.1833, t=0.9650]
Epoch 16/60:  72%|███████▏  | 28/39 [00:01<00:00, 30.90it/s, loss=0.2175, rec=0.1834, t=0.9650]
Epoch 16/60:  72%|███████▏  | 28/39 [00:01<00:00, 30.90it/s, loss=0.2174, rec=0.1833, t=0.9649]
Epoch 16/60:  82%|████████▏ | 32/39 [00:01<00:00, 30.72it/s, loss=0.2174, rec=0.1833, t=0.9649]
Epoch 16/60:  82%|████████▏ | 32/39 [00:01<00:00, 30.72it/s, loss=0.2173, rec=0.1832, t=0.9648]
Epoch 16/60:  82%|████████▏ | 32/39 [00:01<00:00, 30.72it/s, loss=0.2172, rec=0.1831, t=0.9648]
Epoch 16/60:  82%|████████▏ | 32/39 [00:01<00:00, 30.72it/s, loss=0.2172, rec=0.1830, t=0.9647]
Epoch 16/60:  82%|████████▏ | 32/39 [00:01<00:00, 30.72it/s, loss=0.2172, rec=0.1830, t=0.9647]
Epoch 16/60:  92%|█████████▏| 36/39 [00:01<00:00, 30.02it/s, loss=0.2172, rec=0.1830, t=0.9647]
Epoch 16/60:  92%|█████████▏| 36/39 [00:01<00:00, 30.02it/s, loss=0.2173, rec=0.1830, t=0.9646]
Epoch 16/60:  92%|█████████▏| 36/39 [00:01<00:00, 30.02it/s, loss=0.2173, rec=0.1829, t=0.9646]
Epoch 16/60:  92%|█████████▏| 36/39 [00:01<00:00, 30.02it/s, loss=0.2173, rec=0.1829, t=0.9645]
                                                                                               
[Epoch   16/60] loss=0.217289 | rec=0.182926 | cb=0.046774 | com=0.046774 | uniq=0.359846 | rqvae=0.016371 | t=0.964511 | global_step=624
[EventC2 epoch 16] churn=0.1003827227993439 | churn_art=0.09919901417128774 | step_vs_snapshot=0.9191908146528157 | q2_used(events/articles)=6/6 | dead=122 | same_event_c2=1.0 | c123_collision=0.9387 | max_c4=544 | cb_q1/q2/q3=0.01906/0.01739/0.01033 | com_q1/q2/q3=0.01906/0.01739/0.01033

Epoch 17/60:   0%|          | 0/39 [00:00<?, ?it/s, loss=0.2179, rec=0.1798, t=0.9645]
Epoch 17/60:   0%|          | 0/39 [00:00<?, ?it/s, loss=0.2205, rec=0.1827, t=0.9644]
Epoch 17/60:   0%|          | 0/39 [00:00<?, ?it/s, loss=0.2205, rec=0.1830, t=0.9643]
Epoch 17/60:   8%|▊         | 3/39 [00:00<00:01, 25.53it/s, loss=0.2205, rec=0.1830, t=0.9643]
Epoch 17/60:   8%|▊         | 3/39 [00:00<00:01, 25.53it/s, loss=0.2216, rec=0.1840, t=0.9643]
Epoch 17/60:   8%|▊         | 3/39 [00:00<00:01, 25.53it/s, loss=0.2215, rec=0.1843, t=0.9642]
Epoch 17/60:   8%|▊         | 3/39 [00:00<00:01, 25.53it/s, loss=0.2211, rec=0.1841, t=0.9642]
Epoch 17/60:   8%|▊         | 3/39 [00:00<00:01, 25.53it/s, loss=0.2208, rec=0.1839, t=0.9641]
Epoch 17/60:  18%|█▊        | 7/39 [00:00<00:01, 29.62it/s, loss=0.2208, rec=0.1839, t=0.9641]
Epoch 17/60:  18%|█▊        | 7/39 [00:00<00:01, 29.62it/s, loss=0.2201, rec=0.1833, t=0.9641]
Epoch 17/60:  18%|█▊        | 7/39 [00:00<00:01, 29.62it/s, loss=0.2196, rec=0.1830, t=0.9640]
Epoch 17/60:  18%|█▊        | 7/39 [00:00<00:01, 29.62it/s, loss=0.2189, rec=0.1827, t=0.9640]
Epoch 17/60:  26%|██▌       | 10/39 [00:00<00:00, 29.30it/s, loss=0.2189, rec=0.1827, t=0.9640]
Epoch 17/60:  26%|██▌       | 10/39 [00:00<00:00, 29.30it/s, loss=0.2185, rec=0.1823, t=0.9639]
Epoch 17/60:  26%|██▌       | 10/39 [00:00<00:00, 29.30it/s, loss=0.2181, rec=0.1821, t=0.9638]
Epoch 17/60:  26%|██▌       | 10/39 [00:00<00:00, 29.30it/s, loss=0.2186, rec=0.1827, t=0.9638]
Epoch 17/60:  33%|███▎      | 13/39 [00:00<00:00, 28.04it/s, loss=0.2186, rec=0.1827, t=0.9638]
Epoch 17/60:  33%|███▎      | 13/39 [00:00<00:00, 28.04it/s, loss=0.2197, rec=0.1837, t=0.9637]
Epoch 17/60:  33%|███▎      | 13/39 [00:00<00:00, 28.04it/s, loss=0.2206, rec=0.1846, t=0.9637]
Epoch 17/60:  33%|███▎      | 13/39 [00:00<00:00, 28.04it/s, loss=0.2219, rec=0.1855, t=0.9636]
Epoch 17/60:  33%|███▎      | 13/39 [00:00<00:00, 28.04it/s, loss=0.2228, rec=0.1864, t=0.9636]
Epoch 17/60:  44%|████▎     | 17/39 [00:00<00:00, 29.11it/s, loss=0.2228, rec=0.1864, t=0.9636]
Epoch 17/60:  44%|████▎     | 17/39 [00:00<00:00, 29.11it/s, loss=0.2237, rec=0.1873, t=0.9635]
Epoch 17/60:  44%|████▎     | 17/39 [00:00<00:00, 29.11it/s, loss=0.2240, rec=0.1878, t=0.9634]
Epoch 17/60:  44%|████▎     | 17/39 [00:00<00:00, 29.11it/s, loss=0.2242, rec=0.1880, t=0.9634]
Epoch 17/60:  51%|█████▏    | 20/39 [00:00<00:00, 29.09it/s, loss=0.2242, rec=0.1880, t=0.9634]
Epoch 17/60:  51%|█████▏    | 20/39 [00:00<00:00, 29.09it/s, loss=0.2241, rec=0.1881, t=0.9633]
Epoch 17/60:  51%|█████▏    | 20/39 [00:00<00:00, 29.09it/s, loss=0.2240, rec=0.1881, t=0.9633]
Epoch 17/60:  51%|█████▏    | 20/39 [00:00<00:00, 29.09it/s, loss=0.2239, rec=0.1880, t=0.9632]
Epoch 17/60:  59%|█████▉    | 23/39 [00:00<00:00, 29.24it/s, loss=0.2239, rec=0.1880, t=0.9632]
Epoch 17/60:  59%|█████▉    | 23/39 [00:00<00:00, 29.24it/s, loss=0.2237, rec=0.1878, t=0.9632]
Epoch 17/60:  59%|█████▉    | 23/39 [00:00<00:00, 29.24it/s, loss=0.2236, rec=0.1877, t=0.9631]
Epoch 17/60:  59%|█████▉    | 23/39 [00:00<00:00, 29.24it/s, loss=0.2246, rec=0.1885, t=0.9631]
Epoch 17/60:  67%|██████▋   | 26/39 [00:00<00:00, 29.45it/s, loss=0.2246, rec=0.1885, t=0.9631]
Epoch 17/60:  67%|██████▋   | 26/39 [00:00<00:00, 29.45it/s, loss=0.2279, rec=0.1916, t=0.9630]
Epoch 17/60:  67%|██████▋   | 26/39 [00:00<00:00, 29.45it/s, loss=0.2307, rec=0.1941, t=0.9629]
Epoch 17/60:  67%|██████▋   | 26/39 [00:00<00:00, 29.45it/s, loss=0.2323, rec=0.1956, t=0.9629]
Epoch 17/60:  74%|███████▍  | 29/39 [00:00<00:00, 29.61it/s, loss=0.2323, rec=0.1956, t=0.9629]
Epoch 17/60:  74%|███████▍  | 29/39 [00:01<00:00, 29.61it/s, loss=0.2321, rec=0.1955, t=0.9628]
Epoch 17/60:  74%|███████▍  | 29/39 [00:01<00:00, 29.61it/s, loss=0.2321, rec=0.1954, t=0.9628]
Epoch 17/60:  74%|███████▍  | 29/39 [00:01<00:00, 29.61it/s, loss=0.2320, rec=0.1953, t=0.9627]
Epoch 17/60:  82%|████████▏ | 32/39 [00:01<00:00, 29.55it/s, loss=0.2320, rec=0.1953, t=0.9627]
Epoch 17/60:  82%|████████▏ | 32/39 [00:01<00:00, 29.55it/s, loss=0.2319, rec=0.1953, t=0.9627]
Epoch 17/60:  82%|████████▏ | 32/39 [00:01<00:00, 29.55it/s, loss=0.2317, rec=0.1951, t=0.9626]
Epoch 17/60:  82%|████████▏ | 32/39 [00:01<00:00, 29.55it/s, loss=0.2316, rec=0.1950, t=0.9626]
Epoch 17/60:  90%|████████▉ | 35/39 [00:01<00:00, 29.64it/s, loss=0.2316, rec=0.1950, t=0.9626]
Epoch 17/60:  90%|████████▉ | 35/39 [00:01<00:00, 29.64it/s, loss=0.2315, rec=0.1949, t=0.9625]
Epoch 17/60:  90%|████████▉ | 35/39 [00:01<00:00, 29.64it/s, loss=0.2316, rec=0.1948, t=0.9624]
Epoch 17/60:  90%|████████▉ | 35/39 [00:01<00:00, 29.64it/s, loss=0.2319, rec=0.1950, t=0.9624]
Epoch 17/60:  90%|████████▉ | 35/39 [00:01<00:00, 29.64it/s, loss=0.2319, rec=0.1951, t=0.9623]
                                                                                               
[Epoch   17/60] loss=0.231926 | rec=0.195052 | cb=0.055275 | com=0.055275 | uniq=0.350550 | rqvae=0.019346 | t=0.962332 | global_step=663
[EventC2 epoch 17] churn=0.11033351558228541 | churn_art=0.10926268227562128 | step_vs_snapshot=0.8532531437944232 | q2_used(events/articles)=7/7 | dead=121 | same_event_c2=1.0 | c123_collision=0.9321 | max_c4=457 | cb_q1/q2/q3=0.02184/0.02020/0.01323 | com_q1/q2/q3=0.02184/0.02020/0.01323

Epoch 18/60:   0%|          | 0/39 [00:00<?, ?it/s, loss=0.2541, rec=0.2113, t=0.9623]
Epoch 18/60:   0%|          | 0/39 [00:00<?, ?it/s, loss=0.2425, rec=0.2008, t=0.9622]
Epoch 18/60:   0%|          | 0/39 [00:00<?, ?it/s, loss=0.2386, rec=0.1978, t=0.9622]
Epoch 18/60:   8%|▊         | 3/39 [00:00<00:01, 23.87it/s, loss=0.2386, rec=0.1978, t=0.9622]
Epoch 18/60:   8%|▊         | 3/39 [00:00<00:01, 23.87it/s, loss=0.2347, rec=0.1947, t=0.9621]
Epoch 18/60:   8%|▊         | 3/39 [00:00<00:01, 23.87it/s, loss=0.2316, rec=0.1922, t=0.9621]
Epoch 18/60:   8%|▊         | 3/39 [00:00<00:01, 23.87it/s, loss=0.2296, rec=0.1907, t=0.9620]
Epoch 18/60:  15%|█▌        | 6/39 [00:00<00:01, 26.91it/s, loss=0.2296, rec=0.1907, t=0.9620]
Epoch 18/60:  15%|█▌        | 6/39 [00:00<00:01, 26.91it/s, loss=0.2285, rec=0.1901, t=0.9619]
Epoch 18/60:  15%|█▌        | 6/39 [00:00<00:01, 26.91it/s, loss=0.2275, rec=0.1893, t=0.9619]
Epoch 18/60:  15%|█▌        | 6/39 [00:00<00:01, 26.91it/s, loss=0.2268, rec=0.1888, t=0.9618]
Epoch 18/60:  15%|█▌        | 6/39 [00:00<00:01, 26.91it/s, loss=0.2262, rec=0.1882, t=0.9618]
Epoch 18/60:  26%|██▌       | 10/39 [00:00<00:01, 28.46it/s, loss=0.2262, rec=0.1882, t=0.9618]
Epoch 18/60:  26%|██▌       | 10/39 [00:00<00:01, 28.46it/s, loss=0.2258, rec=0.1879, t=0.9617]
Epoch 18/60:  26%|██▌       | 10/39 [00:00<00:01, 28.46it/s, loss=0.2251, rec=0.1872, t=0.9617]
Epoch 18/60:  26%|██▌       | 10/39 [00:00<00:01, 28.46it/s, loss=0.2246, rec=0.1869, t=0.9616]
Epoch 18/60:  33%|███▎      | 13/39 [00:00<00:00, 28.39it/s, loss=0.2246, rec=0.1869, t=0.9616]
Epoch 18/60:  33%|███▎      | 13/39 [00:00<00:00, 28.39it/s, loss=0.2244, rec=0.1868, t=0.9616]
Epoch 18/60:  33%|███▎      | 13/39 [00:00<00:00, 28.39it/s, loss=0.2242, rec=0.1867, t=0.9615]
Epoch 18/60:  33%|███▎      | 13/39 [00:00<00:00, 28.39it/s, loss=0.2238, rec=0.1863, t=0.9614]
Epoch 18/60:  33%|███▎      | 13/39 [00:00<00:00, 28.39it/s, loss=0.2237, rec=0.1862, t=0.9614]
Epoch 18/60:  44%|████▎     | 17/39 [00:00<00:00, 29.38it/s, loss=0.2237, rec=0.1862, t=0.9614]
Epoch 18/60:  44%|████▎     | 17/39 [00:00<00:00, 29.38it/s, loss=0.2236, rec=0.1862, t=0.9613]
Epoch 18/60:  44%|████▎     | 17/39 [00:00<00:00, 29.38it/s, loss=0.2233, rec=0.1860, t=0.9613]
Epoch 18/60:  44%|████▎     | 17/39 [00:00<00:00, 29.38it/s, loss=0.2231, rec=0.1858, t=0.9612]
Epoch 18/60:  51%|█████▏    | 20/39 [00:00<00:00, 28.74it/s, loss=0.2231, rec=0.1858, t=0.9612]
Epoch 18/60:  51%|█████▏    | 20/39 [00:00<00:00, 28.74it/s, loss=0.2230, rec=0.1858, t=0.9612]
Epoch 18/60:  51%|█████▏    | 20/39 [00:00<00:00, 28.74it/s, loss=0.2227, rec=0.1856, t=0.9611]
Epoch 18/60:  51%|█████▏    | 20/39 [00:00<00:00, 28.74it/s, loss=0.2225, rec=0.1853, t=0.9610]
Epoch 18/60:  51%|█████▏    | 20/39 [00:00<00:00, 28.74it/s, loss=0.2226, rec=0.1854, t=0.9610]
Epoch 18/60:  62%|██████▏   | 24/39 [00:00<00:00, 29.48it/s, loss=0.2226, rec=0.1854, t=0.9610]
Epoch 18/60:  62%|██████▏   | 24/39 [00:00<00:00, 29.48it/s, loss=0.2225, rec=0.1853, t=0.9609]
Epoch 18/60:  62%|██████▏   | 24/39 [00:00<00:00, 29.48it/s, loss=0.2223, rec=0.1852, t=0.9609]
Epoch 18/60:  62%|██████▏   | 24/39 [00:00<00:00, 29.48it/s, loss=0.2222, rec=0.1851, t=0.9608]
Epoch 18/60:  69%|██████▉   | 27/39 [00:00<00:00, 29.26it/s, loss=0.2222, rec=0.1851, t=0.9608]
Epoch 18/60:  69%|██████▉   | 27/39 [00:00<00:00, 29.26it/s, loss=0.2222, rec=0.1850, t=0.9608]
Epoch 18/60:  69%|██████▉   | 27/39 [00:01<00:00, 29.26it/s, loss=0.2220, rec=0.1849, t=0.9607]
Epoch 18/60:  69%|██████▉   | 27/39 [00:01<00:00, 29.26it/s, loss=0.2219, rec=0.1848, t=0.9607]
Epoch 18/60:  77%|███████▋  | 30/39 [00:01<00:00, 28.74it/s, loss=0.2219, rec=0.1848, t=0.9607]
Epoch 18/60:  77%|███████▋  | 30/39 [00:01<00:00, 28.74it/s, loss=0.2219, rec=0.1847, t=0.9606]
Epoch 18/60:  77%|███████▋  | 30/39 [00:01<00:00, 28.74it/s, loss=0.2217, rec=0.1846, t=0.9605]
Epoch 18/60:  77%|███████▋  | 30/39 [00:01<00:00, 28.74it/s, loss=0.2216, rec=0.1845, t=0.9605]
Epoch 18/60:  85%|████████▍ | 33/39 [00:01<00:00, 28.17it/s, loss=0.2216, rec=0.1845, t=0.9605]
Epoch 18/60:  85%|████████▍ | 33/39 [00:01<00:00, 28.17it/s, loss=0.2214, rec=0.1843, t=0.9604]
Epoch 18/60:  85%|████████▍ | 33/39 [00:01<00:00, 28.17it/s, loss=0.2214, rec=0.1842, t=0.9604]
Epoch 18/60:  85%|████████▍ | 33/39 [00:01<00:00, 28.17it/s, loss=0.2213, rec=0.1842, t=0.9603]
Epoch 18/60:  85%|████████▍ | 33/39 [00:01<00:00, 28.17it/s, loss=0.2213, rec=0.1841, t=0.9603]
Epoch 18/60:  95%|█████████▍| 37/39 [00:01<00:00, 29.06it/s, loss=0.2213, rec=0.1841, t=0.9603]
Epoch 18/60:  95%|█████████▍| 37/39 [00:01<00:00, 29.06it/s, loss=0.2212, rec=0.1841, t=0.9602]
Epoch 18/60:  95%|█████████▍| 37/39 [00:01<00:00, 29.06it/s, loss=0.2212, rec=0.1841, t=0.9602]
                                                                                               
[Epoch   18/60] loss=0.221240 | rec=0.184056 | cb=0.054066 | com=0.054066 | uniq=0.365213 | rqvae=0.018923 | t=0.960157 | global_step=702
[EventC2 epoch 18] churn=0.1737561509021323 | churn_art=0.17200657219141507 | step_vs_snapshot=0.8934937124111536 | q2_used(events/articles)=7/7 | dead=121 | same_event_c2=1.0 | c123_collision=0.9229 | max_c4=358 | cb_q1/q2/q3=0.02216/0.01994/0.01197 | com_q1/q2/q3=0.02216/0.01994/0.01197

Epoch 19/60:   0%|          | 0/39 [00:00<?, ?it/s, loss=0.2192, rec=0.1814, t=0.9601]
Epoch 19/60:   0%|          | 0/39 [00:00<?, ?it/s, loss=0.2174, rec=0.1790, t=0.9600]
Epoch 19/60:   0%|          | 0/39 [00:00<?, ?it/s, loss=0.2181, rec=0.1795, t=0.9600]
Epoch 19/60:   8%|▊         | 3/39 [00:00<00:01, 24.21it/s, loss=0.2181, rec=0.1795, t=0.9600]
Epoch 19/60:   8%|▊         | 3/39 [00:00<00:01, 24.21it/s, loss=0.2188, rec=0.1801, t=0.9599]
Epoch 19/60:   8%|▊         | 3/39 [00:00<00:01, 24.21it/s, loss=0.2190, rec=0.1803, t=0.9599]
Epoch 19/60:   8%|▊         | 3/39 [00:00<00:01, 24.21it/s, loss=0.2186, rec=0.1802, t=0.9598]
Epoch 19/60:  15%|█▌        | 6/39 [00:00<00:01, 23.81it/s, loss=0.2186, rec=0.1802, t=0.9598]
Epoch 19/60:  15%|█▌        | 6/39 [00:00<00:01, 23.81it/s, loss=0.2187, rec=0.1803, t=0.9598]
Epoch 19/60:  15%|█▌        | 6/39 [00:00<00:01, 23.81it/s, loss=0.2184, rec=0.1803, t=0.9597]
Epoch 19/60:  15%|█▌        | 6/39 [00:00<00:01, 23.81it/s, loss=0.2187, rec=0.1806, t=0.9597]
Epoch 19/60:  23%|██▎       | 9/39 [00:00<00:01, 22.49it/s, loss=0.2187, rec=0.1806, t=0.9597]
Epoch 19/60:  23%|██▎       | 9/39 [00:00<00:01, 22.49it/s, loss=0.2192, rec=0.1811, t=0.9596]
Epoch 19/60:  23%|██▎       | 9/39 [00:00<00:01, 22.49it/s, loss=0.2188, rec=0.1809, t=0.9595]
Epoch 19/60:  23%|██▎       | 9/39 [00:00<00:01, 22.49it/s, loss=0.2184, rec=0.1804, t=0.9595]
Epoch 19/60:  31%|███       | 12/39 [00:00<00:01, 24.65it/s, loss=0.2184, rec=0.1804, t=0.9595]
Epoch 19/60:  31%|███       | 12/39 [00:00<00:01, 24.65it/s, loss=0.2186, rec=0.1805, t=0.9594]
Epoch 19/60:  31%|███       | 12/39 [00:00<00:01, 24.65it/s, loss=0.2184, rec=0.1802, t=0.9594]
Epoch 19/60:  31%|███       | 12/39 [00:00<00:01, 24.65it/s, loss=0.2183, rec=0.1802, t=0.9593]
Epoch 19/60:  38%|███▊      | 15/39 [00:00<00:00, 24.82it/s, loss=0.2183, rec=0.1802, t=0.9593]
Epoch 19/60:  38%|███▊      | 15/39 [00:00<00:00, 24.82it/s, loss=0.2180, rec=0.1798, t=0.9593]
Epoch 19/60:  38%|███▊      | 15/39 [00:00<00:00, 24.82it/s, loss=0.2179, rec=0.1797, t=0.9592]
Epoch 19/60:  38%|███▊      | 15/39 [00:00<00:00, 24.82it/s, loss=0.2177, rec=0.1795, t=0.9592]
Epoch 19/60:  46%|████▌     | 18/39 [00:00<00:00, 25.57it/s, loss=0.2177, rec=0.1795, t=0.9592]
Epoch 19/60:  46%|████▌     | 18/39 [00:00<00:00, 25.57it/s, loss=0.2177, rec=0.1796, t=0.9591]
Epoch 19/60:  46%|████▌     | 18/39 [00:00<00:00, 25.57it/s, loss=0.2178, rec=0.1798, t=0.9590]
Epoch 19/60:  46%|████▌     | 18/39 [00:00<00:00, 25.57it/s, loss=0.2178, rec=0.1798, t=0.9590]
Epoch 19/60:  54%|█████▍    | 21/39 [00:00<00:00, 26.45it/s, loss=0.2178, rec=0.1798, t=0.9590]
Epoch 19/60:  54%|█████▍    | 21/39 [00:00<00:00, 26.45it/s, loss=0.2176, rec=0.1797, t=0.9589]
Epoch 19/60:  54%|█████▍    | 21/39 [00:00<00:00, 26.45it/s, loss=0.2174, rec=0.1796, t=0.9589]
Epoch 19/60:  54%|█████▍    | 21/39 [00:00<00:00, 26.45it/s, loss=0.2174, rec=0.1795, t=0.9588]
Epoch 19/60:  62%|██████▏   | 24/39 [00:00<00:00, 27.08it/s, loss=0.2174, rec=0.1795, t=0.9588]
Epoch 19/60:  62%|██████▏   | 24/39 [00:00<00:00, 27.08it/s, loss=0.2173, rec=0.1794, t=0.9588]
Epoch 19/60:  62%|██████▏   | 24/39 [00:01<00:00, 27.08it/s, loss=0.2173, rec=0.1795, t=0.9587]
Epoch 19/60:  62%|██████▏   | 24/39 [00:01<00:00, 27.08it/s, loss=0.2174, rec=0.1796, t=0.9587]
Epoch 19/60:  69%|██████▉   | 27/39 [00:01<00:00, 27.01it/s, loss=0.2174, rec=0.1796, t=0.9587]
Epoch 19/60:  69%|██████▉   | 27/39 [00:01<00:00, 27.01it/s, loss=0.2174, rec=0.1795, t=0.9586]
Epoch 19/60:  69%|██████▉   | 27/39 [00:01<00:00, 27.01it/s, loss=0.2173, rec=0.1794, t=0.9585]
Epoch 19/60:  69%|██████▉   | 27/39 [00:01<00:00, 27.01it/s, loss=0.2174, rec=0.1795, t=0.9585]
Epoch 19/60:  77%|███████▋  | 30/39 [00:01<00:00, 27.47it/s, loss=0.2174, rec=0.1795, t=0.9585]
Epoch 19/60:  77%|███████▋  | 30/39 [00:01<00:00, 27.47it/s, loss=0.2174, rec=0.1795, t=0.9584]
Epoch 19/60:  77%|███████▋  | 30/39 [00:01<00:00, 27.47it/s, loss=0.2175, rec=0.1796, t=0.9584]
Epoch 19/60:  77%|███████▋  | 30/39 [00:01<00:00, 27.47it/s, loss=0.2175, rec=0.1796, t=0.9583]
Epoch 19/60:  85%|████████▍ | 33/39 [00:01<00:00, 27.70it/s, loss=0.2175, rec=0.1796, t=0.9583]
Epoch 19/60:  85%|████████▍ | 33/39 [00:01<00:00, 27.70it/s, loss=0.2176, rec=0.1797, t=0.9583]
Epoch 19/60:  85%|████████▍ | 33/39 [00:01<00:00, 27.70it/s, loss=0.2176, rec=0.1797, t=0.9582]
Epoch 19/60:  85%|████████▍ | 33/39 [00:01<00:00, 27.70it/s, loss=0.2176, rec=0.1797, t=0.9582]
Epoch 19/60:  92%|█████████▏| 36/39 [00:01<00:00, 27.87it/s, loss=0.2176, rec=0.1797, t=0.9582]
Epoch 19/60:  92%|█████████▏| 36/39 [00:01<00:00, 27.87it/s, loss=0.2176, rec=0.1797, t=0.9581]
Epoch 19/60:  92%|█████████▏| 36/39 [00:01<00:00, 27.87it/s, loss=0.2176, rec=0.1797, t=0.9580]
Epoch 19/60:  92%|█████████▏| 36/39 [00:01<00:00, 27.87it/s, loss=0.2176, rec=0.1797, t=0.9580]
                                                                                               
[Epoch   19/60] loss=0.217564 | rec=0.179694 | cb=0.055436 | com=0.055436 | uniq=0.369341 | rqvae=0.019403 | t=0.957988 | global_step=741
[EventC2 epoch 19] churn=0.12268999453253143 | churn_art=0.12610392277675087 | step_vs_snapshot=0.9249863313285949 | q2_used(events/articles)=7/7 | dead=121 | same_event_c2=1.0 | c123_collision=0.9241 | max_c4=377 | cb_q1/q2/q3=0.02311/0.02047/0.01186 | com_q1/q2/q3=0.02311/0.02047/0.01186

Epoch 20/60:   0%|          | 0/39 [00:00<?, ?it/s, loss=0.2140, rec=0.1781, t=0.9579]
Epoch 20/60:   0%|          | 0/39 [00:00<?, ?it/s, loss=0.2150, rec=0.1788, t=0.9579]
Epoch 20/60:   0%|          | 0/39 [00:00<?, ?it/s, loss=0.2156, rec=0.1787, t=0.9578]
Epoch 20/60:   8%|▊         | 3/39 [00:00<00:01, 22.19it/s, loss=0.2156, rec=0.1787, t=0.9578]
Epoch 20/60:   8%|▊         | 3/39 [00:00<00:01, 22.19it/s, loss=0.2158, rec=0.1782, t=0.9578]
Epoch 20/60:   8%|▊         | 3/39 [00:00<00:01, 22.19it/s, loss=0.2155, rec=0.1778, t=0.9577]
Epoch 20/60:   8%|▊         | 3/39 [00:00<00:01, 22.19it/s, loss=0.2158, rec=0.1781, t=0.9577]
Epoch 20/60:  15%|█▌        | 6/39 [00:00<00:01, 24.39it/s, loss=0.2158, rec=0.1781, t=0.9577]
Epoch 20/60:  15%|█▌        | 6/39 [00:00<00:01, 24.39it/s, loss=0.2161, rec=0.1781, t=0.9576]
Epoch 20/60:  15%|█▌        | 6/39 [00:00<00:01, 24.39it/s, loss=0.2161, rec=0.1783, t=0.9575]
Epoch 20/60:  15%|█▌        | 6/39 [00:00<00:01, 24.39it/s, loss=0.2162, rec=0.1786, t=0.9575]
Epoch 20/60:  23%|██▎       | 9/39 [00:00<00:01, 25.67it/s, loss=0.2162, rec=0.1786, t=0.9575]
Epoch 20/60:  23%|██▎       | 9/39 [00:00<00:01, 25.67it/s, loss=0.2163, rec=0.1787, t=0.9574]
Epoch 20/60:  23%|██▎       | 9/39 [00:00<00:01, 25.67it/s, loss=0.2163, rec=0.1788, t=0.9574]
Epoch 20/60:  23%|██▎       | 9/39 [00:00<00:01, 25.67it/s, loss=0.2163, rec=0.1788, t=0.9573]
Epoch 20/60:  23%|██▎       | 9/39 [00:00<00:01, 25.67it/s, loss=0.2165, rec=0.1790, t=0.9573]
Epoch 20/60:  33%|███▎      | 13/39 [00:00<00:00, 27.42it/s, loss=0.2165, rec=0.1790, t=0.9573]
Epoch 20/60:  33%|███▎      | 13/39 [00:00<00:00, 27.42it/s, loss=0.2164, rec=0.1788, t=0.9572]
Epoch 20/60:  33%|███▎      | 13/39 [00:00<00:00, 27.42it/s, loss=0.2164, rec=0.1788, t=0.9572]
Epoch 20/60:  33%|███▎      | 13/39 [00:00<00:00, 27.42it/s, loss=0.2167, rec=0.1791, t=0.9571]
Epoch 20/60:  41%|████      | 16/39 [00:00<00:00, 26.62it/s, loss=0.2167, rec=0.1791, t=0.9571]
Epoch 20/60:  41%|████      | 16/39 [00:00<00:00, 26.62it/s, loss=0.2169, rec=0.1792, t=0.9570]
Epoch 20/60:  41%|████      | 16/39 [00:00<00:00, 26.62it/s, loss=0.2174, rec=0.1796, t=0.9570]
Epoch 20/60:  41%|████      | 16/39 [00:00<00:00, 26.62it/s, loss=0.2178, rec=0.1799, t=0.9569]
Epoch 20/60:  49%|████▊     | 19/39 [00:00<00:00, 25.52it/s, loss=0.2178, rec=0.1799, t=0.9569]
Epoch 20/60:  49%|████▊     | 19/39 [00:00<00:00, 25.52it/s, loss=0.2181, rec=0.1800, t=0.9569]
Epoch 20/60:  49%|████▊     | 19/39 [00:00<00:00, 25.52it/s, loss=0.2182, rec=0.1801, t=0.9568]
Epoch 20/60:  49%|████▊     | 19/39 [00:00<00:00, 25.52it/s, loss=0.2185, rec=0.1803, t=0.9568]
Epoch 20/60:  56%|█████▋    | 22/39 [00:00<00:00, 25.98it/s, loss=0.2185, rec=0.1803, t=0.9568]
Epoch 20/60:  56%|█████▋    | 22/39 [00:00<00:00, 25.98it/s, loss=0.2187, rec=0.1804, t=0.9567]
Epoch 20/60:  56%|█████▋    | 22/39 [00:00<00:00, 25.98it/s, loss=0.2187, rec=0.1803, t=0.9567]
Epoch 20/60:  56%|█████▋    | 22/39 [00:00<00:00, 25.98it/s, loss=0.2186, rec=0.1803, t=0.9566]
Epoch 20/60:  64%|██████▍   | 25/39 [00:00<00:00, 25.91it/s, loss=0.2186, rec=0.1803, t=0.9566]
Epoch 20/60:  64%|██████▍   | 25/39 [00:01<00:00, 25.91it/s, loss=0.2185, rec=0.1802, t=0.9565]
Epoch 20/60:  64%|██████▍   | 25/39 [00:01<00:00, 25.91it/s, loss=0.2183, rec=0.1801, t=0.9565]
Epoch 20/60:  64%|██████▍   | 25/39 [00:01<00:00, 25.91it/s, loss=0.2183, rec=0.1801, t=0.9564]
Epoch 20/60:  72%|███████▏  | 28/39 [00:01<00:00, 26.64it/s, loss=0.2183, rec=0.1801, t=0.9564]
Epoch 20/60:  72%|███████▏  | 28/39 [00:01<00:00, 26.64it/s, loss=0.2183, rec=0.1801, t=0.9564]
Epoch 20/60:  72%|███████▏  | 28/39 [00:01<00:00, 26.64it/s, loss=0.2183, rec=0.1802, t=0.9563]
Epoch 20/60:  72%|███████▏  | 28/39 [00:01<00:00, 26.64it/s, loss=0.2183, rec=0.1802, t=0.9563]
Epoch 20/60:  79%|███████▉  | 31/39 [00:01<00:00, 26.22it/s, loss=0.2183, rec=0.1802, t=0.9563]
Epoch 20/60:  79%|███████▉  | 31/39 [00:01<00:00, 26.22it/s, loss=0.2181, rec=0.1800, t=0.9562]
Epoch 20/60:  79%|███████▉  | 31/39 [00:01<00:00, 26.22it/s, loss=0.2181, rec=0.1801, t=0.9562]
Epoch 20/60:  79%|███████▉  | 31/39 [00:01<00:00, 26.22it/s, loss=0.2182, rec=0.1801, t=0.9561]
Epoch 20/60:  87%|████████▋ | 34/39 [00:01<00:00, 24.79it/s, loss=0.2182, rec=0.1801, t=0.9561]
Epoch 20/60:  87%|████████▋ | 34/39 [00:01<00:00, 24.79it/s, loss=0.2182, rec=0.1801, t=0.9560]
Epoch 20/60:  87%|████████▋ | 34/39 [00:01<00:00, 24.79it/s, loss=0.2182, rec=0.1802, t=0.9560]
Epoch 20/60:  87%|████████▋ | 34/39 [00:01<00:00, 24.79it/s, loss=0.2182, rec=0.1802, t=0.9559]
Epoch 20/60:  95%|█████████▍| 37/39 [00:01<00:00, 25.37it/s, loss=0.2182, rec=0.1802, t=0.9559]
Epoch 20/60:  95%|█████████▍| 37/39 [00:01<00:00, 25.37it/s, loss=0.2182, rec=0.1802, t=0.9559]
Epoch 20/60:  95%|█████████▍| 37/39 [00:01<00:00, 25.37it/s, loss=0.2182, rec=0.1802, t=0.9558]
                                                                                               
[Epoch   20/60] loss=0.218199 | rec=0.180178 | cb=0.059043 | com=0.059043 | uniq=0.347109 | rqvae=0.020665 | t=0.955824 | global_step=780
[EventC2 epoch 20] churn=0.08223072717331875 | churn_art=0.08389813103306634 | step_vs_snapshot=0.9386550027337343 | q2_used(events/articles)=7/7 | dead=121 | same_event_c2=1.0 | c123_collision=0.9190 | max_c4=376 | cb_q1/q2/q3=0.02419/0.02185/0.01300 | com_q1/q2/q3=0.02419/0.02185/0.01300
[Validation epoch 20] loss=0.217881 | rec=0.179211 | cb=0.057748 | com=0.057748 | uniq=0.369162 | rqvae=0.020212
[Best Checkpoint] Total Loss improved -> <scratch>/mid_run_event/checkpoint_best_total.pt
[Best Checkpoint] Reconstruction Loss improved -> <scratch>/mid_run_event/checkpoint_best_rec.pt
[EarlyStopping] epoch=20 | improved_total=True | improved_rec=True | counter=0/20 | best_total=0.217881@20 | best_rec=0.179211@20

Epoch 21/60:   0%|          | 0/39 [00:00<?, ?it/s, loss=0.2177, rec=0.1802, t=0.9558]
Epoch 21/60:   0%|          | 0/39 [00:00<?, ?it/s, loss=0.2179, rec=0.1804, t=0.9557]
Epoch 21/60:   5%|▌         | 2/39 [00:00<00:01, 18.80it/s, loss=0.2179, rec=0.1804, t=0.9557]
Epoch 21/60:   5%|▌         | 2/39 [00:00<00:01, 18.80it/s, loss=0.2196, rec=0.1819, t=0.9557]
Epoch 21/60:   5%|▌         | 2/39 [00:00<00:01, 18.80it/s, loss=0.2194, rec=0.1814, t=0.9556]
Epoch 21/60:   5%|▌         | 2/39 [00:00<00:01, 18.80it/s, loss=0.2193, rec=0.1810, t=0.9555]
Epoch 21/60:  13%|█▎        | 5/39 [00:00<00:01, 23.46it/s, loss=0.2193, rec=0.1810, t=0.9555]
Epoch 21/60:  13%|█▎        | 5/39 [00:00<00:01, 23.46it/s, loss=0.2202, rec=0.1817, t=0.9555]
Epoch 21/60:  13%|█▎        | 5/39 [00:00<00:01, 23.46it/s, loss=0.2203, rec=0.1818, t=0.9554]
Epoch 21/60:  13%|█▎        | 5/39 [00:00<00:01, 23.46it/s, loss=0.2207, rec=0.1820, t=0.9554]
Epoch 21/60:  21%|██        | 8/39 [00:00<00:01, 24.94it/s, loss=0.2207, rec=0.1820, t=0.9554]
Epoch 21/60:  21%|██        | 8/39 [00:00<00:01, 24.94it/s, loss=0.2206, rec=0.1817, t=0.9553]
Epoch 21/60:  21%|██        | 8/39 [00:00<00:01, 24.94it/s, loss=0.2206, rec=0.1816, t=0.9553]
Epoch 21/60:  21%|██        | 8/39 [00:00<00:01, 24.94it/s, loss=0.2204, rec=0.1813, t=0.9552]
Epoch 21/60:  28%|██▊       | 11/39 [00:00<00:01, 21.73it/s, loss=0.2204, rec=0.1813, t=0.9552]
Epoch 21/60:  28%|██▊       | 11/39 [00:00<00:01, 21.73it/s, loss=0.2204, rec=0.1813, t=0.9552]
Epoch 21/60:  28%|██▊       | 11/39 [00:00<00:01, 21.73it/s, loss=0.2204, rec=0.1814, t=0.9551]
Epoch 21/60:  28%|██▊       | 11/39 [00:00<00:01, 21.73it/s, loss=0.2199, rec=0.1811, t=0.9550]
Epoch 21/60:  36%|███▌      | 14/39 [00:00<00:01, 22.84it/s, loss=0.2199, rec=0.1811, t=0.9550]
Epoch 21/60:  36%|███▌      | 14/39 [00:00<00:01, 22.84it/s, loss=0.2196, rec=0.1809, t=0.9550]
Epoch 21/60:  36%|███▌      | 14/39 [00:00<00:01, 22.84it/s, loss=0.2196, rec=0.1808, t=0.9549]
Epoch 21/60:  36%|███▌      | 14/39 [00:00<00:01, 22.84it/s, loss=0.2195, rec=0.1808, t=0.9549]
Epoch 21/60:  44%|████▎     | 17/39 [00:00<00:00, 23.76it/s, loss=0.2195, rec=0.1808, t=0.9549]
Epoch 21/60:  44%|████▎     | 17/39 [00:00<00:00, 23.76it/s, loss=0.2194, rec=0.1807, t=0.9548]
Epoch 21/60:  44%|████▎     | 17/39 [00:00<00:00, 23.76it/s, loss=0.2192, rec=0.1805, t=0.9548]
Epoch 21/60:  44%|████▎     | 17/39 [00:00<00:00, 23.76it/s, loss=0.2189, rec=0.1803, t=0.9547]
Epoch 21/60:  51%|█████▏    | 20/39 [00:00<00:00, 24.79it/s, loss=0.2189, rec=0.1803, t=0.9547]
Epoch 21/60:  51%|█████▏    | 20/39 [00:00<00:00, 24.79it/s, loss=0.2188, rec=0.1802, t=0.9547]
Epoch 21/60:  51%|█████▏    | 20/39 [00:00<00:00, 24.79it/s, loss=0.2188, rec=0.1803, t=0.9546]
Epoch 21/60:  51%|█████▏    | 20/39 [00:00<00:00, 24.79it/s, loss=0.2188, rec=0.1803, t=0.9545]
Epoch 21/60:  59%|█████▉    | 23/39 [00:00<00:00, 25.20it/s, loss=0.2188, rec=0.1803, t=0.9545]
Epoch 21/60:  59%|█████▉    | 23/39 [00:00<00:00, 25.20it/s, loss=0.2186, rec=0.1802, t=0.9545]
Epoch 21/60:  59%|█████▉    | 23/39 [00:01<00:00, 25.20it/s, loss=0.2185, rec=0.1802, t=0.9544]
Epoch 21/60:  59%|█████▉    | 23/39 [00:01<00:00, 25.20it/s, loss=0.2184, rec=0.1800, t=0.9544]
Epoch 21/60:  67%|██████▋   | 26/39 [00:01<00:00, 26.24it/s, loss=0.2184, rec=0.1800, t=0.9544]
Epoch 21/60:  67%|██████▋   | 26/39 [00:01<00:00, 26.24it/s, loss=0.2185, rec=0.1801, t=0.9543]
Epoch 21/60:  67%|██████▋   | 26/39 [00:01<00:00, 26.24it/s, loss=0.2184, rec=0.1800, t=0.9543]
Epoch 21/60:  67%|██████▋   | 26/39 [00:01<00:00, 26.24it/s, loss=0.2183, rec=0.1797, t=0.9542]
Epoch 21/60:  74%|███████▍  | 29/39 [00:01<00:00, 26.34it/s, loss=0.2183, rec=0.1797, t=0.9542]
Epoch 21/60:  74%|███████▍  | 29/39 [00:01<00:00, 26.34it/s, loss=0.2183, rec=0.1797, t=0.9542]
Epoch 21/60:  74%|███████▍  | 29/39 [00:01<00:00, 26.34it/s, loss=0.2183, rec=0.1797, t=0.9541]
Epoch 21/60:  74%|███████▍  | 29/39 [00:01<00:00, 26.34it/s, loss=0.2182, rec=0.1796, t=0.9541]
Epoch 21/60:  82%|████████▏ | 32/39 [00:01<00:00, 26.18it/s, loss=0.2182, rec=0.1796, t=0.9541]
Epoch 21/60:  82%|████████▏ | 32/39 [00:01<00:00, 26.18it/s, loss=0.2181, rec=0.1796, t=0.9540]
Epoch 21/60:  82%|████████▏ | 32/39 [00:01<00:00, 26.18it/s, loss=0.2181, rec=0.1795, t=0.9539]
Epoch 21/60:  82%|████████▏ | 32/39 [00:01<00:00, 26.18it/s, loss=0.2180, rec=0.1794, t=0.9539]
Epoch 21/60:  90%|████████▉ | 35/39 [00:01<00:00, 26.41it/s, loss=0.2180, rec=0.1794, t=0.9539]
Epoch 21/60:  90%|████████▉ | 35/39 [00:01<00:00, 26.41it/s, loss=0.2180, rec=0.1794, t=0.9538]
Epoch 21/60:  90%|████████▉ | 35/39 [00:01<00:00, 26.41it/s, loss=0.2179, rec=0.1793, t=0.9538]
Epoch 21/60:  90%|████████▉ | 35/39 [00:01<00:00, 26.41it/s, loss=0.2179, rec=0.1793, t=0.9537]
Epoch 21/60:  97%|█████████▋| 38/39 [00:01<00:00, 27.08it/s, loss=0.2179, rec=0.1793, t=0.9537]
Epoch 21/60:  97%|█████████▋| 38/39 [00:01<00:00, 27.08it/s, loss=0.2179, rec=0.1793, t=0.9537]
                                                                                               
[Epoch   21/60] loss=0.217917 | rec=0.179268 | cb=0.061074 | com=0.061074 | uniq=0.345463 | rqvae=0.021376 | t=0.953664 | global_step=819
[EventC2 epoch 21] churn=0.06878075451066157 | churn_art=0.06859724789484493 | step_vs_snapshot=0.9576817933296884 | q2_used(events/articles)=7/7 | dead=121 | same_event_c2=1.0 | c123_collision=0.9181 | max_c4=326 | cb_q1/q2/q3=0.02530/0.02278/0.01300 | com_q1/q2/q3=0.02530/0.02278/0.01300

Epoch 22/60:   0%|          | 0/39 [00:00<?, ?it/s, loss=0.2166, rec=0.1780, t=0.9536]
Epoch 22/60:   0%|          | 0/39 [00:00<?, ?it/s, loss=0.2164, rec=0.1773, t=0.9536]
Epoch 22/60:   0%|          | 0/39 [00:00<?, ?it/s, loss=0.2152, rec=0.1752, t=0.9535]
Epoch 22/60:   8%|▊         | 3/39 [00:00<00:01, 22.20it/s, loss=0.2152, rec=0.1752, t=0.9535]
Epoch 22/60:   8%|▊         | 3/39 [00:00<00:01, 22.20it/s, loss=0.2151, rec=0.1757, t=0.9534]
Epoch 22/60:   8%|▊         | 3/39 [00:00<00:01, 22.20it/s, loss=0.2155, rec=0.1762, t=0.9534]
Epoch 22/60:   8%|▊         | 3/39 [00:00<00:01, 22.20it/s, loss=0.2153, rec=0.1757, t=0.9533]
Epoch 22/60:  15%|█▌        | 6/39 [00:00<00:01, 24.53it/s, loss=0.2153, rec=0.1757, t=0.9533]
Epoch 22/60:  15%|█▌        | 6/39 [00:00<00:01, 24.53it/s, loss=0.2159, rec=0.1764, t=0.9533]
Epoch 22/60:  15%|█▌        | 6/39 [00:00<00:01, 24.53it/s, loss=0.2157, rec=0.1764, t=0.9532]
Epoch 22/60:  15%|█▌        | 6/39 [00:00<00:01, 24.53it/s, loss=0.2155, rec=0.1762, t=0.9532]
Epoch 22/60:  23%|██▎       | 9/39 [00:00<00:01, 25.51it/s, loss=0.2155, rec=0.1762, t=0.9532]
Epoch 22/60:  23%|██▎       | 9/39 [00:00<00:01, 25.51it/s, loss=0.2155, rec=0.1761, t=0.9531]
Epoch 22/60:  23%|██▎       | 9/39 [00:00<00:01, 25.51it/s, loss=0.2157, rec=0.1763, t=0.9531]
Epoch 22/60:  23%|██▎       | 9/39 [00:00<00:01, 25.51it/s, loss=0.2157, rec=0.1762, t=0.9530]
Epoch 22/60:  31%|███       | 12/39 [00:00<00:01, 25.86it/s, loss=0.2157, rec=0.1762, t=0.9530]
Epoch 22/60:  31%|███       | 12/39 [00:00<00:01, 25.86it/s, loss=0.2156, rec=0.1762, t=0.9529]
Epoch 22/60:  31%|███       | 12/39 [00:00<00:01, 25.86it/s, loss=0.2157, rec=0.1765, t=0.9529]
Epoch 22/60:  31%|███       | 12/39 [00:00<00:01, 25.86it/s, loss=0.2157, rec=0.1763, t=0.9528]
Epoch 22/60:  38%|███▊      | 15/39 [00:00<00:00, 26.42it/s, loss=0.2157, rec=0.1763, t=0.9528]
Epoch 22/60:  38%|███▊      | 15/39 [00:00<00:00, 26.42it/s, loss=0.2157, rec=0.1764, t=0.9528]
Epoch 22/60:  38%|███▊      | 15/39 [00:00<00:00, 26.42it/s, loss=0.2159, rec=0.1766, t=0.9527]
Epoch 22/60:  38%|███▊      | 15/39 [00:00<00:00, 26.42it/s, loss=0.2159, rec=0.1766, t=0.9527]
Epoch 22/60:  46%|████▌     | 18/39 [00:00<00:00, 26.77it/s, loss=0.2159, rec=0.1766, t=0.9527]
Epoch 22/60:  46%|████▌     | 18/39 [00:00<00:00, 26.77it/s, loss=0.2159, rec=0.1765, t=0.9526]
Epoch 22/60:  46%|████▌     | 18/39 [00:00<00:00, 26.77it/s, loss=0.2158, rec=0.1765, t=0.9526]
Epoch 22/60:  46%|████▌     | 18/39 [00:00<00:00, 26.77it/s, loss=0.2159, rec=0.1766, t=0.9525]
Epoch 22/60:  54%|█████▍    | 21/39 [00:00<00:00, 26.43it/s, loss=0.2159, rec=0.1766, t=0.9525]
Epoch 22/60:  54%|█████▍    | 21/39 [00:00<00:00, 26.43it/s, loss=0.2159, rec=0.1767, t=0.9524]
Epoch 22/60:  54%|█████▍    | 21/39 [00:00<00:00, 26.43it/s, loss=0.2159, rec=0.1768, t=0.9524]
Epoch 22/60:  54%|█████▍    | 21/39 [00:00<00:00, 26.43it/s, loss=0.2159, rec=0.1768, t=0.9523]
Epoch 22/60:  62%|██████▏   | 24/39 [00:00<00:00, 26.09it/s, loss=0.2159, rec=0.1768, t=0.9523]
Epoch 22/60:  62%|██████▏   | 24/39 [00:00<00:00, 26.09it/s, loss=0.2158, rec=0.1768, t=0.9523]
Epoch 22/60:  62%|██████▏   | 24/39 [00:00<00:00, 26.09it/s, loss=0.2157, rec=0.1767, t=0.9522]
Epoch 22/60:  62%|██████▏   | 24/39 [00:01<00:00, 26.09it/s, loss=0.2157, rec=0.1767, t=0.9522]
Epoch 22/60:  69%|██████▉   | 27/39 [00:01<00:00, 26.87it/s, loss=0.2157, rec=0.1767, t=0.9522]
Epoch 22/60:  69%|██████▉   | 27/39 [00:01<00:00, 26.87it/s, loss=0.2157, rec=0.1768, t=0.9521]
Epoch 22/60:  69%|██████▉   | 27/39 [00:01<00:00, 26.87it/s, loss=0.2157, rec=0.1768, t=0.9521]
Epoch 22/60:  69%|██████▉   | 27/39 [00:01<00:00, 26.87it/s, loss=0.2157, rec=0.1768, t=0.9520]
Epoch 22/60:  77%|███████▋  | 30/39 [00:01<00:00, 27.72it/s, loss=0.2157, rec=0.1768, t=0.9520]
Epoch 22/60:  77%|███████▋  | 30/39 [00:01<00:00, 27.72it/s, loss=0.2158, rec=0.1769, t=0.9520]
Epoch 22/60:  77%|███████▋  | 30/39 [00:01<00:00, 27.72it/s, loss=0.2158, rec=0.1769, t=0.9519]
Epoch 22/60:  77%|███████▋  | 30/39 [00:01<00:00, 27.72it/s, loss=0.2159, rec=0.1769, t=0.9518]
Epoch 22/60:  77%|███████▋  | 30/39 [00:01<00:00, 27.72it/s, loss=0.2158, rec=0.1769, t=0.9518]
Epoch 22/60:  87%|████████▋ | 34/39 [00:01<00:00, 28.59it/s, loss=0.2158, rec=0.1769, t=0.9518]
Epoch 22/60:  87%|████████▋ | 34/39 [00:01<00:00, 28.59it/s, loss=0.2159, rec=0.1769, t=0.9517]
Epoch 22/60:  87%|████████▋ | 34/39 [00:01<00:00, 28.59it/s, loss=0.2158, rec=0.1769, t=0.9517]
Epoch 22/60:  87%|████████▋ | 34/39 [00:01<00:00, 28.59it/s, loss=0.2159, rec=0.1769, t=0.9516]
Epoch 22/60:  95%|█████████▍| 37/39 [00:01<00:00, 28.92it/s, loss=0.2159, rec=0.1769, t=0.9516]
Epoch 22/60:  95%|█████████▍| 37/39 [00:01<00:00, 28.92it/s, loss=0.2160, rec=0.1770, t=0.9516]
Epoch 22/60:  95%|█████████▍| 37/39 [00:01<00:00, 28.92it/s, loss=0.2160, rec=0.1770, t=0.9515]
                                                                                               
[Epoch   22/60] loss=0.215953 | rec=0.177011 | cb=0.064629 | com=0.064629 | uniq=0.326435 | rqvae=0.022620 | t=0.951509 | global_step=858
[EventC2 epoch 22] churn=0.06517222525970476 | churn_art=0.06346272335181762 | step_vs_snapshot=0.9494805904866047 | q2_used(events/articles)=7/7 | dead=121 | same_event_c2=1.0 | c123_collision=0.9169 | max_c4=310 | cb_q1/q2/q3=0.02673/0.02415/0.01375 | com_q1/q2/q3=0.02673/0.02415/0.01375

Epoch 23/60:   0%|          | 0/39 [00:00<?, ?it/s, loss=0.2159, rec=0.1755, t=0.9515]
Epoch 23/60:   0%|          | 0/39 [00:00<?, ?it/s, loss=0.2169, rec=0.1765, t=0.9514]
Epoch 23/60:   0%|          | 0/39 [00:00<?, ?it/s, loss=0.2164, rec=0.1761, t=0.9513]
Epoch 23/60:   8%|▊         | 3/39 [00:00<00:01, 24.43it/s, loss=0.2164, rec=0.1761, t=0.9513]
Epoch 23/60:   8%|▊         | 3/39 [00:00<00:01, 24.43it/s, loss=0.2169, rec=0.1764, t=0.9513]
Epoch 23/60:   8%|▊         | 3/39 [00:00<00:01, 24.43it/s, loss=0.2172, rec=0.1768, t=0.9512]
Epoch 23/60:   8%|▊         | 3/39 [00:00<00:01, 24.43it/s, loss=0.2171, rec=0.1765, t=0.9512]
Epoch 23/60:  15%|█▌        | 6/39 [00:00<00:01, 27.31it/s, loss=0.2171, rec=0.1765, t=0.9512]
Epoch 23/60:  15%|█▌        | 6/39 [00:00<00:01, 27.31it/s, loss=0.2169, rec=0.1763, t=0.9511]
Epoch 23/60:  15%|█▌        | 6/39 [00:00<00:01, 27.31it/s, loss=0.2167, rec=0.1759, t=0.9511]
Epoch 23/60:  15%|█▌        | 6/39 [00:00<00:01, 27.31it/s, loss=0.2166, rec=0.1760, t=0.9510]
Epoch 23/60:  23%|██▎       | 9/39 [00:00<00:01, 28.09it/s, loss=0.2166, rec=0.1760, t=0.9510]
Epoch 23/60:  23%|██▎       | 9/39 [00:00<00:01, 28.09it/s, loss=0.2168, rec=0.1761, t=0.9510]
Epoch 23/60:  23%|██▎       | 9/39 [00:00<00:01, 28.09it/s, loss=0.2166, rec=0.1761, t=0.9509]
Epoch 23/60:  23%|██▎       | 9/39 [00:00<00:01, 28.09it/s, loss=0.2165, rec=0.1761, t=0.9508]
Epoch 23/60:  31%|███       | 12/39 [00:00<00:00, 28.25it/s, loss=0.2165, rec=0.1761, t=0.9508]
Epoch 23/60:  31%|███       | 12/39 [00:00<00:00, 28.25it/s, loss=0.2162, rec=0.1760, t=0.9508]
Epoch 23/60:  31%|███       | 12/39 [00:00<00:00, 28.25it/s, loss=0.2161, rec=0.1759, t=0.9507]
Epoch 23/60:  31%|███       | 12/39 [00:00<00:00, 28.25it/s, loss=0.2162, rec=0.1760, t=0.9507]
Epoch 23/60:  38%|███▊      | 15/39 [00:00<00:00, 27.55it/s, loss=0.2162, rec=0.1760, t=0.9507]
Epoch 23/60:  38%|███▊      | 15/39 [00:00<00:00, 27.55it/s, loss=0.2163, rec=0.1758, t=0.9506]
Epoch 23/60:  38%|███▊      | 15/39 [00:00<00:00, 27.55it/s, loss=0.2166, rec=0.1761, t=0.9506]
Epoch 23/60:  38%|███▊      | 15/39 [00:00<00:00, 27.55it/s, loss=0.2167, rec=0.1762, t=0.9505]
Epoch 23/60:  46%|████▌     | 18/39 [00:00<00:00, 27.87it/s, loss=0.2167, rec=0.1762, t=0.9505]
Epoch 23/60:  46%|████▌     | 18/39 [00:00<00:00, 27.87it/s, loss=0.2166, rec=0.1762, t=0.9505]
Epoch 23/60:  46%|████▌     | 18/39 [00:00<00:00, 27.87it/s, loss=0.2168, rec=0.1763, t=0.9504]
Epoch 23/60:  46%|████▌     | 18/39 [00:00<00:00, 27.87it/s, loss=0.2170, rec=0.1766, t=0.9504]
Epoch 23/60:  54%|█████▍    | 21/39 [00:00<00:00, 28.24it/s, loss=0.2170, rec=0.1766, t=0.9504]
Epoch 23/60:  54%|█████▍    | 21/39 [00:00<00:00, 28.24it/s, loss=0.2172, rec=0.1767, t=0.9503]
Epoch 23/60:  54%|█████▍    | 21/39 [00:00<00:00, 28.24it/s, loss=0.2173, rec=0.1769, t=0.9502]
Epoch 23/60:  54%|█████▍    | 21/39 [00:00<00:00, 28.24it/s, loss=0.2176, rec=0.1770, t=0.9502]
Epoch 23/60:  54%|█████▍    | 21/39 [00:00<00:00, 28.24it/s, loss=0.2178, rec=0.1772, t=0.9501]
Epoch 23/60:  64%|██████▍   | 25/39 [00:00<00:00, 29.08it/s, loss=0.2178, rec=0.1772, t=0.9501]
Epoch 23/60:  64%|██████▍   | 25/39 [00:00<00:00, 29.08it/s, loss=0.2181, rec=0.1773, t=0.9501]
Epoch 23/60:  64%|██████▍   | 25/39 [00:00<00:00, 29.08it/s, loss=0.2189, rec=0.1779, t=0.9500]
Epoch 23/60:  64%|██████▍   | 25/39 [00:00<00:00, 29.08it/s, loss=0.2211, rec=0.1797, t=0.9500]
Epoch 23/60:  72%|███████▏  | 28/39 [00:00<00:00, 29.26it/s, loss=0.2211, rec=0.1797, t=0.9500]
Epoch 23/60:  72%|███████▏  | 28/39 [00:01<00:00, 29.26it/s, loss=0.2230, rec=0.1814, t=0.9499]
Epoch 23/60:  72%|███████▏  | 28/39 [00:01<00:00, 29.26it/s, loss=0.2243, rec=0.1825, t=0.9499]
Epoch 23/60:  72%|███████▏  | 28/39 [00:01<00:00, 29.26it/s, loss=0.2244, rec=0.1825, t=0.9498]
Epoch 23/60:  79%|███████▉  | 31/39 [00:01<00:00, 29.36it/s, loss=0.2244, rec=0.1825, t=0.9498]
Epoch 23/60:  79%|███████▉  | 31/39 [00:01<00:00, 29.36it/s, loss=0.2244, rec=0.1824, t=0.9497]
Epoch 23/60:  79%|███████▉  | 31/39 [00:01<00:00, 29.36it/s, loss=0.2243, rec=0.1823, t=0.9497]
Epoch 23/60:  79%|███████▉  | 31/39 [00:01<00:00, 29.36it/s, loss=0.2242, rec=0.1823, t=0.9496]
Epoch 23/60:  79%|███████▉  | 31/39 [00:01<00:00, 29.36it/s, loss=0.2240, rec=0.1822, t=0.9496]
Epoch 23/60:  90%|████████▉ | 35/39 [00:01<00:00, 29.33it/s, loss=0.2240, rec=0.1822, t=0.9496]
Epoch 23/60:  90%|████████▉ | 35/39 [00:01<00:00, 29.33it/s, loss=0.2239, rec=0.1821, t=0.9495]
Epoch 23/60:  90%|████████▉ | 35/39 [00:01<00:00, 29.33it/s, loss=0.2238, rec=0.1820, t=0.9495]
Epoch 23/60:  90%|████████▉ | 35/39 [00:01<00:00, 29.33it/s, loss=0.2236, rec=0.1817, t=0.9494]
Epoch 23/60:  97%|█████████▋| 38/39 [00:01<00:00, 28.72it/s, loss=0.2236, rec=0.1817, t=0.9494]
Epoch 23/60:  97%|█████████▋| 38/39 [00:01<00:00, 28.72it/s, loss=0.2236, rec=0.1817, t=0.9494]
                                                                                               
[Epoch   23/60] loss=0.223573 | rec=0.181729 | cb=0.072871 | com=0.072871 | uniq=0.326780 | rqvae=0.025505 | t=0.949359 | global_step=897
[EventC2 epoch 23] churn=0.0576271186440678 | churn_art=0.05576093653727665 | step_vs_snapshot=0.9386550027337343 | q2_used(events/articles)=9/9 | dead=119 | same_event_c2=1.0 | c123_collision=0.9133 | max_c4=258 | cb_q1/q2/q3=0.02944/0.02702/0.01641 | com_q1/q2/q3=0.02944/0.02702/0.01641

Epoch 24/60:   0%|          | 0/39 [00:00<?, ?it/s, loss=0.2193, rec=0.1793, t=0.9493]
Epoch 24/60:   0%|          | 0/39 [00:00<?, ?it/s, loss=0.2178, rec=0.1779, t=0.9492]
Epoch 24/60:   0%|          | 0/39 [00:00<?, ?it/s, loss=0.2172, rec=0.1770, t=0.9492]
Epoch 24/60:   8%|▊         | 3/39 [00:00<00:01, 25.16it/s, loss=0.2172, rec=0.1770, t=0.9492]
Epoch 24/60:   8%|▊         | 3/39 [00:00<00:01, 25.16it/s, loss=0.2179, rec=0.1778, t=0.9491]
Epoch 24/60:   8%|▊         | 3/39 [00:00<00:01, 25.16it/s, loss=0.2179, rec=0.1776, t=0.9491]
Epoch 24/60:   8%|▊         | 3/39 [00:00<00:01, 25.16it/s, loss=0.2180, rec=0.1779, t=0.9490]
Epoch 24/60:   8%|▊         | 3/39 [00:00<00:01, 25.16it/s, loss=0.2183, rec=0.1780, t=0.9490]
Epoch 24/60:  18%|█▊        | 7/39 [00:00<00:01, 28.17it/s, loss=0.2183, rec=0.1780, t=0.9490]
Epoch 24/60:  18%|█▊        | 7/39 [00:00<00:01, 28.17it/s, loss=0.2183, rec=0.1781, t=0.9489]
Epoch 24/60:  18%|█▊        | 7/39 [00:00<00:01, 28.17it/s, loss=0.2183, rec=0.1777, t=0.9489]
Epoch 24/60:  18%|█▊        | 7/39 [00:00<00:01, 28.17it/s, loss=0.2190, rec=0.1780, t=0.9488]
Epoch 24/60:  26%|██▌       | 10/39 [00:00<00:01, 28.22it/s, loss=0.2190, rec=0.1780, t=0.9488]
Epoch 24/60:  26%|██▌       | 10/39 [00:00<00:01, 28.22it/s, loss=0.2189, rec=0.1778, t=0.9488]
Epoch 24/60:  26%|██▌       | 10/39 [00:00<00:01, 28.22it/s, loss=0.2190, rec=0.1777, t=0.9487]
Epoch 24/60:  26%|██▌       | 10/39 [00:00<00:01, 28.22it/s, loss=0.2191, rec=0.1779, t=0.9486]
Epoch 24/60:  33%|███▎      | 13/39 [00:00<00:00, 27.59it/s, loss=0.2191, rec=0.1779, t=0.9486]
Epoch 24/60:  33%|███▎      | 13/39 [00:00<00:00, 27.59it/s, loss=0.2191, rec=0.1776, t=0.9486]
Epoch 24/60:  33%|███▎      | 13/39 [00:00<00:00, 27.59it/s, loss=0.2191, rec=0.1777, t=0.9485]
Epoch 24/60:  33%|███▎      | 13/39 [00:00<00:00, 27.59it/s, loss=0.2193, rec=0.1780, t=0.9485]
Epoch 24/60:  41%|████      | 16/39 [00:00<00:00, 28.02it/s, loss=0.2193, rec=0.1780, t=0.9485]
Epoch 24/60:  41%|████      | 16/39 [00:00<00:00, 28.02it/s, loss=0.2191, rec=0.1779, t=0.9484]
Epoch 24/60:  41%|████      | 16/39 [00:00<00:00, 28.02it/s, loss=0.2190, rec=0.1777, t=0.9484]
Epoch 24/60:  41%|████      | 16/39 [00:00<00:00, 28.02it/s, loss=0.2191, rec=0.1778, t=0.9483]
Epoch 24/60:  49%|████▊     | 19/39 [00:00<00:00, 27.03it/s, loss=0.2191, rec=0.1778, t=0.9483]
Epoch 24/60:  49%|████▊     | 19/39 [00:00<00:00, 27.03it/s, loss=0.2190, rec=0.1776, t=0.9483]
Epoch 24/60:  49%|████▊     | 19/39 [00:00<00:00, 27.03it/s, loss=0.2191, rec=0.1777, t=0.9482]
Epoch 24/60:  49%|████▊     | 19/39 [00:00<00:00, 27.03it/s, loss=0.2193, rec=0.1778, t=0.9481]
Epoch 24/60:  56%|█████▋    | 22/39 [00:00<00:00, 27.49it/s, loss=0.2193, rec=0.1778, t=0.9481]
Epoch 24/60:  56%|█████▋    | 22/39 [00:00<00:00, 27.49it/s, loss=0.2197, rec=0.1780, t=0.9481]
Epoch 24/60:  56%|█████▋    | 22/39 [00:00<00:00, 27.49it/s, loss=0.2201, rec=0.1784, t=0.9480]
Epoch 24/60:  56%|█████▋    | 22/39 [00:00<00:00, 27.49it/s, loss=0.2208, rec=0.1789, t=0.9480]
Epoch 24/60:  64%|██████▍   | 25/39 [00:00<00:00, 27.70it/s, loss=0.2208, rec=0.1789, t=0.9480]
Epoch 24/60:  64%|██████▍   | 25/39 [00:00<00:00, 27.70it/s, loss=0.2213, rec=0.1793, t=0.9479]
Epoch 24/60:  64%|██████▍   | 25/39 [00:00<00:00, 27.70it/s, loss=0.2216, rec=0.1795, t=0.9479]
Epoch 24/60:  64%|██████▍   | 25/39 [00:01<00:00, 27.70it/s, loss=0.2217, rec=0.1796, t=0.9478]
Epoch 24/60:  72%|███████▏  | 28/39 [00:01<00:00, 28.02it/s, loss=0.2217, rec=0.1796, t=0.9478]
Epoch 24/60:  72%|███████▏  | 28/39 [00:01<00:00, 28.02it/s, loss=0.2217, rec=0.1796, t=0.9478]
Epoch 24/60:  72%|███████▏  | 28/39 [00:01<00:00, 28.02it/s, loss=0.2217, rec=0.1796, t=0.9477]
Epoch 24/60:  72%|███████▏  | 28/39 [00:01<00:00, 28.02it/s, loss=0.2216, rec=0.1795, t=0.9477]
Epoch 24/60:  79%|███████▉  | 31/39 [00:01<00:00, 28.33it/s, loss=0.2216, rec=0.1795, t=0.9477]
Epoch 24/60:  79%|███████▉  | 31/39 [00:01<00:00, 28.33it/s, loss=0.2215, rec=0.1794, t=0.9476]
Epoch 24/60:  79%|███████▉  | 31/39 [00:01<00:00, 28.33it/s, loss=0.2214, rec=0.1793, t=0.9475]
Epoch 24/60:  79%|███████▉  | 31/39 [00:01<00:00, 28.33it/s, loss=0.2214, rec=0.1793, t=0.9475]
Epoch 24/60:  87%|████████▋ | 34/39 [00:01<00:00, 28.69it/s, loss=0.2214, rec=0.1793, t=0.9475]
Epoch 24/60:  87%|████████▋ | 34/39 [00:01<00:00, 28.69it/s, loss=0.2214, rec=0.1792, t=0.9474]
Epoch 24/60:  87%|████████▋ | 34/39 [00:01<00:00, 28.69it/s, loss=0.2213, rec=0.1791, t=0.9474]
Epoch 24/60:  87%|████████▋ | 34/39 [00:01<00:00, 28.69it/s, loss=0.2213, rec=0.1792, t=0.9473]
Epoch 24/60:  95%|█████████▍| 37/39 [00:01<00:00, 27.72it/s, loss=0.2213, rec=0.1792, t=0.9473]
Epoch 24/60:  95%|█████████▍| 37/39 [00:01<00:00, 27.72it/s, loss=0.2211, rec=0.1790, t=0.9473]
Epoch 24/60:  95%|█████████▍| 37/39 [00:01<00:00, 27.72it/s, loss=0.2211, rec=0.1790, t=0.9472]
                                                                                               
[Epoch   24/60] loss=0.221124 | rec=0.179041 | cb=0.073999 | com=0.073999 | uniq=0.323661 | rqvae=0.025900 | t=0.947214 | global_step=936
[EventC2 epoch 24] churn=0.1330781848004374 | churn_art=0.13668104333538714 | step_vs_snapshot=0.8886823400765446 | q2_used(events/articles)=9/9 | dead=119 | same_event_c2=1.0 | c123_collision=0.8986 | max_c4=328 | cb_q1/q2/q3=0.03005/0.02730/0.01664 | com_q1/q2/q3=0.03005/0.02730/0.01664

Epoch 25/60:   0%|          | 0/39 [00:00<?, ?it/s, loss=0.2189, rec=0.1772, t=0.9472]
Epoch 25/60:   0%|          | 0/39 [00:00<?, ?it/s, loss=0.2173, rec=0.1748, t=0.9471]
Epoch 25/60:   0%|          | 0/39 [00:00<?, ?it/s, loss=0.2171, rec=0.1757, t=0.9470]
Epoch 25/60:   8%|▊         | 3/39 [00:00<00:01, 23.91it/s, loss=0.2171, rec=0.1757, t=0.9470]
Epoch 25/60:   8%|▊         | 3/39 [00:00<00:01, 23.91it/s, loss=0.2179, rec=0.1758, t=0.9470]
Epoch 25/60:   8%|▊         | 3/39 [00:00<00:01, 23.91it/s, loss=0.2183, rec=0.1760, t=0.9469]
Epoch 25/60:   8%|▊         | 3/39 [00:00<00:01, 23.91it/s, loss=0.2182, rec=0.1759, t=0.9469]
Epoch 25/60:  15%|█▌        | 6/39 [00:00<00:01, 26.51it/s, loss=0.2182, rec=0.1759, t=0.9469]
Epoch 25/60:  15%|█▌        | 6/39 [00:00<00:01, 26.51it/s, loss=0.2182, rec=0.1760, t=0.9468]
Epoch 25/60:  15%|█▌        | 6/39 [00:00<00:01, 26.51it/s, loss=0.2183, rec=0.1759, t=0.9468]
Epoch 25/60:  15%|█▌        | 6/39 [00:00<00:01, 26.51it/s, loss=0.2183, rec=0.1758, t=0.9467]
Epoch 25/60:  23%|██▎       | 9/39 [00:00<00:01, 27.81it/s, loss=0.2183, rec=0.1758, t=0.9467]
Epoch 25/60:  23%|██▎       | 9/39 [00:00<00:01, 27.81it/s, loss=0.2183, rec=0.1759, t=0.9467]
Epoch 25/60:  23%|██▎       | 9/39 [00:00<00:01, 27.81it/s, loss=0.2186, rec=0.1761, t=0.9466]
Epoch 25/60:  23%|██▎       | 9/39 [00:00<00:01, 27.81it/s, loss=0.2191, rec=0.1764, t=0.9466]
Epoch 25/60:  23%|██▎       | 9/39 [00:00<00:01, 27.81it/s, loss=0.2191, rec=0.1764, t=0.9465]
Epoch 25/60:  33%|███▎      | 13/39 [00:00<00:00, 28.78it/s, loss=0.2191, rec=0.1764, t=0.9465]
Epoch 25/60:  33%|███▎      | 13/39 [00:00<00:00, 28.78it/s, loss=0.2191, rec=0.1765, t=0.9464]
Epoch 25/60:  33%|███▎      | 13/39 [00:00<00:00, 28.78it/s, loss=0.2192, rec=0.1765, t=0.9464]
Epoch 25/60:  33%|███▎      | 13/39 [00:00<00:00, 28.78it/s, loss=0.2190, rec=0.1765, t=0.9463]
Epoch 25/60:  41%|████      | 16/39 [00:00<00:00, 27.60it/s, loss=0.2190, rec=0.1765, t=0.9463]
Epoch 25/60:  41%|████      | 16/39 [00:00<00:00, 27.60it/s, loss=0.2189, rec=0.1764, t=0.9463]
Epoch 25/60:  41%|████      | 16/39 [00:00<00:00, 27.60it/s, loss=0.2190, rec=0.1766, t=0.9462]
Epoch 25/60:  41%|████      | 16/39 [00:00<00:00, 27.60it/s, loss=0.2190, rec=0.1766, t=0.9462]
Epoch 25/60:  49%|████▊     | 19/39 [00:00<00:01, 19.25it/s, loss=0.2190, rec=0.1766, t=0.9462]
Epoch 25/60:  49%|████▊     | 19/39 [00:00<00:01, 19.25it/s, loss=0.2188, rec=0.1766, t=0.9461]
Epoch 25/60:  49%|████▊     | 19/39 [00:00<00:01, 19.25it/s, loss=0.2188, rec=0.1766, t=0.9461]
Epoch 25/60:  49%|████▊     | 19/39 [00:00<00:01, 19.25it/s, loss=0.2187, rec=0.1765, t=0.9460]
Epoch 25/60:  56%|█████▋    | 22/39 [00:00<00:00, 21.34it/s, loss=0.2187, rec=0.1765, t=0.9460]
Epoch 25/60:  56%|█████▋    | 22/39 [00:00<00:00, 21.34it/s, loss=0.2188, rec=0.1765, t=0.9460]
Epoch 25/60:  56%|█████▋    | 22/39 [00:01<00:00, 21.34it/s, loss=0.2187, rec=0.1764, t=0.9459]
Epoch 25/60:  56%|█████▋    | 22/39 [00:01<00:00, 21.34it/s, loss=0.2187, rec=0.1764, t=0.9458]
Epoch 25/60:  64%|██████▍   | 25/39 [00:01<00:00, 23.03it/s, loss=0.2187, rec=0.1764, t=0.9458]
Epoch 25/60:  64%|██████▍   | 25/39 [00:01<00:00, 23.03it/s, loss=0.2186, rec=0.1765, t=0.9458]
Epoch 25/60:  64%|██████▍   | 25/39 [00:01<00:00, 23.03it/s, loss=0.2186, rec=0.1764, t=0.9457]
Epoch 25/60:  64%|██████▍   | 25/39 [00:01<00:00, 23.03it/s, loss=0.2185, rec=0.1763, t=0.9457]
Epoch 25/60:  72%|███████▏  | 28/39 [00:01<00:00, 24.32it/s, loss=0.2185, rec=0.1763, t=0.9457]
Epoch 25/60:  72%|███████▏  | 28/39 [00:01<00:00, 24.32it/s, loss=0.2185, rec=0.1763, t=0.9456]
Epoch 25/60:  72%|███████▏  | 28/39 [00:01<00:00, 24.32it/s, loss=0.2185, rec=0.1762, t=0.9456]
Epoch 25/60:  72%|███████▏  | 28/39 [00:01<00:00, 24.32it/s, loss=0.2185, rec=0.1762, t=0.9455]
Epoch 25/60:  79%|███████▉  | 31/39 [00:01<00:00, 25.54it/s, loss=0.2185, rec=0.1762, t=0.9455]
Epoch 25/60:  79%|███████▉  | 31/39 [00:01<00:00, 25.54it/s, loss=0.2185, rec=0.1762, t=0.9455]
Epoch 25/60:  79%|███████▉  | 31/39 [00:01<00:00, 25.54it/s, loss=0.2187, rec=0.1763, t=0.9454]
Epoch 25/60:  79%|███████▉  | 31/39 [00:01<00:00, 25.54it/s, loss=0.2189, rec=0.1764, t=0.9453]
Epoch 25/60:  87%|████████▋ | 34/39 [00:01<00:00, 25.96it/s, loss=0.2189, rec=0.1764, t=0.9453]
Epoch 25/60:  87%|████████▋ | 34/39 [00:01<00:00, 25.96it/s, loss=0.2191, rec=0.1765, t=0.9453]
Epoch 25/60:  87%|████████▋ | 34/39 [00:01<00:00, 25.96it/s, loss=0.2193, rec=0.1766, t=0.9452]
Epoch 25/60:  87%|████████▋ | 34/39 [00:01<00:00, 25.96it/s, loss=0.2194, rec=0.1766, t=0.9452]
Epoch 25/60:  95%|█████████▍| 37/39 [00:01<00:00, 26.47it/s, loss=0.2194, rec=0.1766, t=0.9452]
Epoch 25/60:  95%|█████████▍| 37/39 [00:01<00:00, 26.47it/s, loss=0.2194, rec=0.1766, t=0.9451]
Epoch 25/60:  95%|█████████▍| 37/39 [00:01<00:00, 26.47it/s, loss=0.2194, rec=0.1766, t=0.9451]
                                                                                               
[Epoch   25/60] loss=0.219396 | rec=0.176611 | cb=0.077015 | com=0.077015 | uniq=0.316594 | rqvae=0.026955 | t=0.945074 | global_step=975
[EventC2 epoch 25] churn=0.24669218151995626 | churn_art=0.24039843910453892 | step_vs_snapshot=0.8562055768179333 | q2_used(events/articles)=9/9 | dead=119 | same_event_c2=1.0 | c123_collision=0.8948 | max_c4=278 | cb_q1/q2/q3=0.03213/0.02766/0.01723 | com_q1/q2/q3=0.03213/0.02766/0.01723

Epoch 26/60:   0%|          | 0/39 [00:00<?, ?it/s, loss=0.2163, rec=0.1749, t=0.9450]
Epoch 26/60:   0%|          | 0/39 [00:00<?, ?it/s, loss=0.2181, rec=0.1757, t=0.9450]
Epoch 26/60:   0%|          | 0/39 [00:00<?, ?it/s, loss=0.2179, rec=0.1755, t=0.9449]
Epoch 26/60:   8%|▊         | 3/39 [00:00<00:01, 22.79it/s, loss=0.2179, rec=0.1755, t=0.9449]
Epoch 26/60:   8%|▊         | 3/39 [00:00<00:01, 22.79it/s, loss=0.2184, rec=0.1759, t=0.9449]
Epoch 26/60:   8%|▊         | 3/39 [00:00<00:01, 22.79it/s, loss=0.2187, rec=0.1761, t=0.9448]
Epoch 26/60:   8%|▊         | 3/39 [00:00<00:01, 22.79it/s, loss=0.2187, rec=0.1761, t=0.9447]
Epoch 26/60:  15%|█▌        | 6/39 [00:00<00:01, 25.65it/s, loss=0.2187, rec=0.1761, t=0.9447]
Epoch 26/60:  15%|█▌        | 6/39 [00:00<00:01, 25.65it/s, loss=0.2193, rec=0.1764, t=0.9447]
Epoch 26/60:  15%|█▌        | 6/39 [00:00<00:01, 25.65it/s, loss=0.2208, rec=0.1778, t=0.9446]
Epoch 26/60:  15%|█▌        | 6/39 [00:00<00:01, 25.65it/s, loss=0.2226, rec=0.1793, t=0.9446]
Epoch 26/60:  23%|██▎       | 9/39 [00:00<00:01, 26.29it/s, loss=0.2226, rec=0.1793, t=0.9446]
Epoch 26/60:  23%|██▎       | 9/39 [00:00<00:01, 26.29it/s, loss=0.2244, rec=0.1807, t=0.9445]
Epoch 26/60:  23%|██▎       | 9/39 [00:00<00:01, 26.29it/s, loss=0.2259, rec=0.1823, t=0.9445]
Epoch 26/60:  23%|██▎       | 9/39 [00:00<00:01, 26.29it/s, loss=0.2272, rec=0.1837, t=0.9444]
Epoch 26/60:  31%|███       | 12/39 [00:00<00:01, 26.93it/s, loss=0.2272, rec=0.1837, t=0.9444]
Epoch 26/60:  31%|███       | 12/39 [00:00<00:01, 26.93it/s, loss=0.2278, rec=0.1843, t=0.9444]
Epoch 26/60:  31%|███       | 12/39 [00:00<00:01, 26.93it/s, loss=0.2283, rec=0.1849, t=0.9443]
Epoch 26/60:  31%|███       | 12/39 [00:00<00:01, 26.93it/s, loss=0.2284, rec=0.1850, t=0.9443]
Epoch 26/60:  38%|███▊      | 15/39 [00:00<00:00, 27.47it/s, loss=0.2284, rec=0.1850, t=0.9443]
Epoch 26/60:  38%|███▊      | 15/39 [00:00<00:00, 27.47it/s, loss=0.2282, rec=0.1848, t=0.9442]
Epoch 26/60:  38%|███▊      | 15/39 [00:00<00:00, 27.47it/s, loss=0.2284, rec=0.1847, t=0.9441]
Epoch 26/60:  38%|███▊      | 15/39 [00:00<00:00, 27.47it/s, loss=0.2300, rec=0.1859, t=0.9441]
Epoch 26/60:  46%|████▌     | 18/39 [00:00<00:00, 27.85it/s, loss=0.2300, rec=0.1859, t=0.9441]
Epoch 26/60:  46%|████▌     | 18/39 [00:00<00:00, 27.85it/s, loss=0.2363, rec=0.1915, t=0.9440]
Epoch 26/60:  46%|████▌     | 18/39 [00:00<00:00, 27.85it/s, loss=0.2428, rec=0.1974, t=0.9440]
Epoch 26/60:  46%|████▌     | 18/39 [00:00<00:00, 27.85it/s, loss=0.2447, rec=0.1991, t=0.9439]
Epoch 26/60:  54%|█████▍    | 21/39 [00:00<00:00, 28.02it/s, loss=0.2447, rec=0.1991, t=0.9439]
Epoch 26/60:  54%|█████▍    | 21/39 [00:00<00:00, 28.02it/s, loss=0.2446, rec=0.1989, t=0.9439]
Epoch 26/60:  54%|█████▍    | 21/39 [00:00<00:00, 28.02it/s, loss=0.2444, rec=0.1988, t=0.9438]
Epoch 26/60:  54%|█████▍    | 21/39 [00:00<00:00, 28.02it/s, loss=0.2441, rec=0.1986, t=0.9438]
Epoch 26/60:  62%|██████▏   | 24/39 [00:00<00:00, 26.53it/s, loss=0.2441, rec=0.1986, t=0.9438]
Epoch 26/60:  62%|██████▏   | 24/39 [00:00<00:00, 26.53it/s, loss=0.2439, rec=0.1986, t=0.9437]
Epoch 26/60:  62%|██████▏   | 24/39 [00:00<00:00, 26.53it/s, loss=0.2436, rec=0.1982, t=0.9436]
Epoch 26/60:  62%|██████▏   | 24/39 [00:00<00:00, 26.53it/s, loss=0.2434, rec=0.1981, t=0.9436]
Epoch 26/60:  62%|██████▏   | 24/39 [00:01<00:00, 26.53it/s, loss=0.2431, rec=0.1978, t=0.9435]
Epoch 26/60:  72%|███████▏  | 28/39 [00:01<00:00, 28.06it/s, loss=0.2431, rec=0.1978, t=0.9435]
Epoch 26/60:  72%|███████▏  | 28/39 [00:01<00:00, 28.06it/s, loss=0.2432, rec=0.1979, t=0.9435]
Epoch 26/60:  72%|███████▏  | 28/39 [00:01<00:00, 28.06it/s, loss=0.2438, rec=0.1983, t=0.9434]
Epoch 26/60:  72%|███████▏  | 28/39 [00:01<00:00, 28.06it/s, loss=0.2452, rec=0.1994, t=0.9434]
Epoch 26/60:  72%|███████▏  | 28/39 [00:01<00:00, 28.06it/s, loss=0.2460, rec=0.2000, t=0.9433]
Epoch 26/60:  82%|████████▏ | 32/39 [00:01<00:00, 28.69it/s, loss=0.2460, rec=0.2000, t=0.9433]
Epoch 26/60:  82%|████████▏ | 32/39 [00:01<00:00, 28.69it/s, loss=0.2465, rec=0.2002, t=0.9433]
Epoch 26/60:  82%|████████▏ | 32/39 [00:01<00:00, 28.69it/s, loss=0.2464, rec=0.2000, t=0.9432]
Epoch 26/60:  82%|████████▏ | 32/39 [00:01<00:00, 28.69it/s, loss=0.2460, rec=0.1996, t=0.9432]
Epoch 26/60:  90%|████████▉ | 35/39 [00:01<00:00, 28.86it/s, loss=0.2460, rec=0.1996, t=0.9432]
Epoch 26/60:  90%|████████▉ | 35/39 [00:01<00:00, 28.86it/s, loss=0.2456, rec=0.1992, t=0.9431]
Epoch 26/60:  90%|████████▉ | 35/39 [00:01<00:00, 28.86it/s, loss=0.2452, rec=0.1987, t=0.9430]
Epoch 26/60:  90%|████████▉ | 35/39 [00:01<00:00, 28.86it/s, loss=0.2448, rec=0.1984, t=0.9430]
Epoch 26/60:  90%|████████▉ | 35/39 [00:01<00:00, 28.86it/s, loss=0.2447, rec=0.1983, t=0.9429]
Epoch 26/60: 100%|██████████| 39/39 [00:01<00:00, 31.71it/s, loss=0.2447, rec=0.1983, t=0.9429]
                                                                                               
[Epoch   26/60] loss=0.244725 | rec=0.198328 | cb=0.086667 | com=0.086667 | uniq=0.321259 | rqvae=0.030334 | t=0.942939 | global_step=1014
[EventC2 epoch 26] churn=0.2404592673592127 | churn_art=0.23475046210720887 | step_vs_snapshot=0.8193548387096774 | q2_used(events/articles)=12/12 | dead=116 | same_event_c2=1.0 | c123_collision=0.8703 | max_c4=434 | cb_q1/q2/q3=0.03590/0.02984/0.02093 | com_q1/q2/q3=0.03590/0.02984/0.02093

Epoch 27/60:   0%|          | 0/39 [00:00<?, ?it/s, loss=0.2317, rec=0.1830, t=0.9429]
Epoch 27/60:   0%|          | 0/39 [00:00<?, ?it/s, loss=0.2305, rec=0.1816, t=0.9428]
Epoch 27/60:   0%|          | 0/39 [00:00<?, ?it/s, loss=0.2303, rec=0.1817, t=0.9428]
Epoch 27/60:   8%|▊         | 3/39 [00:00<00:01, 25.50it/s, loss=0.2303, rec=0.1817, t=0.9428]
Epoch 27/60:   8%|▊         | 3/39 [00:00<00:01, 25.50it/s, loss=0.2300, rec=0.1816, t=0.9427]
Epoch 27/60:   8%|▊         | 3/39 [00:00<00:01, 25.50it/s, loss=0.2295, rec=0.1818, t=0.9427]
Epoch 27/60:   8%|▊         | 3/39 [00:00<00:01, 25.50it/s, loss=0.2301, rec=0.1821, t=0.9426]
Epoch 27/60:   8%|▊         | 3/39 [00:00<00:01, 25.50it/s, loss=0.2300, rec=0.1818, t=0.9426]
Epoch 27/60:  18%|█▊        | 7/39 [00:00<00:01, 28.64it/s, loss=0.2300, rec=0.1818, t=0.9426]
Epoch 27/60:  18%|█▊        | 7/39 [00:00<00:01, 28.64it/s, loss=0.2301, rec=0.1819, t=0.9425]
Epoch 27/60:  18%|█▊        | 7/39 [00:00<00:01, 28.64it/s, loss=0.2298, rec=0.1817, t=0.9424]
Epoch 27/60:  18%|█▊        | 7/39 [00:00<00:01, 28.64it/s, loss=0.2294, rec=0.1814, t=0.9424]
Epoch 27/60:  18%|█▊        | 7/39 [00:00<00:01, 28.64it/s, loss=0.2291, rec=0.1813, t=0.9423]
Epoch 27/60:  28%|██▊       | 11/39 [00:00<00:00, 29.79it/s, loss=0.2291, rec=0.1813, t=0.9423]
Epoch 27/60:  28%|██▊       | 11/39 [00:00<00:00, 29.79it/s, loss=0.2287, rec=0.1810, t=0.9423]
Epoch 27/60:  28%|██▊       | 11/39 [00:00<00:00, 29.79it/s, loss=0.2284, rec=0.1808, t=0.9422]
Epoch 27/60:  28%|██▊       | 11/39 [00:00<00:00, 29.79it/s, loss=0.2282, rec=0.1804, t=0.9422]
Epoch 27/60:  36%|███▌      | 14/39 [00:00<00:00, 29.73it/s, loss=0.2282, rec=0.1804, t=0.9422]
Epoch 27/60:  36%|███▌      | 14/39 [00:00<00:00, 29.73it/s, loss=0.2281, rec=0.1804, t=0.9421]
Epoch 27/60:  36%|███▌      | 14/39 [00:00<00:00, 29.73it/s, loss=0.2281, rec=0.1805, t=0.9421]
Epoch 27/60:  36%|███▌      | 14/39 [00:00<00:00, 29.73it/s, loss=0.2282, rec=0.1807, t=0.9420]
Epoch 27/60:  36%|███▌      | 14/39 [00:00<00:00, 29.73it/s, loss=0.2280, rec=0.1806, t=0.9420]
Epoch 27/60:  46%|████▌     | 18/39 [00:00<00:00, 29.96it/s, loss=0.2280, rec=0.1806, t=0.9420]
Epoch 27/60:  46%|████▌     | 18/39 [00:00<00:00, 29.96it/s, loss=0.2279, rec=0.1806, t=0.9419]
Epoch 27/60:  46%|████▌     | 18/39 [00:00<00:00, 29.96it/s, loss=0.2278, rec=0.1807, t=0.9418]
Epoch 27/60:  46%|████▌     | 18/39 [00:00<00:00, 29.96it/s, loss=0.2277, rec=0.1806, t=0.9418]
Epoch 27/60:  46%|████▌     | 18/39 [00:00<00:00, 29.96it/s, loss=0.2275, rec=0.1805, t=0.9417]
Epoch 27/60:  56%|█████▋    | 22/39 [00:00<00:00, 30.58it/s, loss=0.2275, rec=0.1805, t=0.9417]
Epoch 27/60:  56%|█████▋    | 22/39 [00:00<00:00, 30.58it/s, loss=0.2274, rec=0.1804, t=0.9417]
Epoch 27/60:  56%|█████▋    | 22/39 [00:00<00:00, 30.58it/s, loss=0.2274, rec=0.1803, t=0.9416]
Epoch 27/60:  56%|█████▋    | 22/39 [00:00<00:00, 30.58it/s, loss=0.2272, rec=0.1802, t=0.9416]
Epoch 27/60:  56%|█████▋    | 22/39 [00:00<00:00, 30.58it/s, loss=0.2271, rec=0.1801, t=0.9415]
Epoch 27/60:  67%|██████▋   | 26/39 [00:00<00:00, 30.75it/s, loss=0.2271, rec=0.1801, t=0.9415]
Epoch 27/60:  67%|██████▋   | 26/39 [00:00<00:00, 30.75it/s, loss=0.2271, rec=0.1800, t=0.9415]
Epoch 27/60:  67%|██████▋   | 26/39 [00:00<00:00, 30.75it/s, loss=0.2271, rec=0.1800, t=0.9414]
Epoch 27/60:  67%|██████▋   | 26/39 [00:00<00:00, 30.75it/s, loss=0.2271, rec=0.1799, t=0.9414]
Epoch 27/60:  67%|██████▋   | 26/39 [00:01<00:00, 30.75it/s, loss=0.2270, rec=0.1798, t=0.9413]
Epoch 27/60:  77%|███████▋  | 30/39 [00:01<00:00, 27.21it/s, loss=0.2270, rec=0.1798, t=0.9413]
Epoch 27/60:  77%|███████▋  | 30/39 [00:01<00:00, 27.21it/s, loss=0.2270, rec=0.1798, t=0.9412]
Epoch 27/60:  77%|███████▋  | 30/39 [00:01<00:00, 27.21it/s, loss=0.2270, rec=0.1798, t=0.9412]
Epoch 27/60:  77%|███████▋  | 30/39 [00:01<00:00, 27.21it/s, loss=0.2268, rec=0.1797, t=0.9411]
Epoch 27/60:  85%|████████▍ | 33/39 [00:01<00:00, 25.82it/s, loss=0.2268, rec=0.1797, t=0.9411]
Epoch 27/60:  85%|████████▍ | 33/39 [00:01<00:00, 25.82it/s, loss=0.2269, rec=0.1797, t=0.9411]
Epoch 27/60:  85%|████████▍ | 33/39 [00:01<00:00, 25.82it/s, loss=0.2267, rec=0.1796, t=0.9410]
Epoch 27/60:  85%|████████▍ | 33/39 [00:01<00:00, 25.82it/s, loss=0.2266, rec=0.1794, t=0.9410]
Epoch 27/60:  85%|████████▍ | 33/39 [00:01<00:00, 25.82it/s, loss=0.2267, rec=0.1794, t=0.9409]
Epoch 27/60:  95%|█████████▍| 37/39 [00:01<00:00, 27.70it/s, loss=0.2267, rec=0.1794, t=0.9409]
Epoch 27/60:  95%|█████████▍| 37/39 [00:01<00:00, 27.70it/s, loss=0.2266, rec=0.1793, t=0.9409]
Epoch 27/60:  95%|█████████▍| 37/39 [00:01<00:00, 27.70it/s, loss=0.2266, rec=0.1793, t=0.9408]
                                                                                               
[Epoch   27/60] loss=0.226555 | rec=0.179269 | cb=0.084460 | com=0.084460 | uniq=0.354501 | rqvae=0.029561 | t=0.940808 | global_step=1053
[EventC2 epoch 27] churn=0.2754510661563696 | churn_art=0.2696652289997946 | step_vs_snapshot=0.8400218698742482 | q2_used(events/articles)=13/13 | dead=115 | same_event_c2=1.0 | c123_collision=0.8549 | max_c4=423 | cb_q1/q2/q3=0.03679/0.02769/0.01998 | com_q1/q2/q3=0.03679/0.02769/0.01998

Epoch 28/60:   0%|          | 0/39 [00:00<?, ?it/s, loss=0.2232, rec=0.1758, t=0.9408]
Epoch 28/60:   0%|          | 0/39 [00:00<?, ?it/s, loss=0.2224, rec=0.1752, t=0.9407]
Epoch 28/60:   0%|          | 0/39 [00:00<?, ?it/s, loss=0.2216, rec=0.1742, t=0.9406]
Epoch 28/60:   8%|▊         | 3/39 [00:00<00:01, 25.51it/s, loss=0.2216, rec=0.1742, t=0.9406]
Epoch 28/60:   8%|▊         | 3/39 [00:00<00:01, 25.51it/s, loss=0.2223, rec=0.1748, t=0.9406]
Epoch 28/60:   8%|▊         | 3/39 [00:00<00:01, 25.51it/s, loss=0.2229, rec=0.1752, t=0.9405]
Epoch 28/60:   8%|▊         | 3/39 [00:00<00:01, 25.51it/s, loss=0.2231, rec=0.1755, t=0.9405]
Epoch 28/60:  15%|█▌        | 6/39 [00:00<00:01, 27.49it/s, loss=0.2231, rec=0.1755, t=0.9405]
Epoch 28/60:  15%|█▌        | 6/39 [00:00<00:01, 27.49it/s, loss=0.2224, rec=0.1747, t=0.9404]
Epoch 28/60:  15%|█▌        | 6/39 [00:00<00:01, 27.49it/s, loss=0.2223, rec=0.1749, t=0.9404]
Epoch 28/60:  15%|█▌        | 6/39 [00:00<00:01, 27.49it/s, loss=0.2220, rec=0.1748, t=0.9403]
Epoch 28/60:  23%|██▎       | 9/39 [00:00<00:01, 28.34it/s, loss=0.2220, rec=0.1748, t=0.9403]
Epoch 28/60:  23%|██▎       | 9/39 [00:00<00:01, 28.34it/s, loss=0.2219, rec=0.1748, t=0.9403]
Epoch 28/60:  23%|██▎       | 9/39 [00:00<00:01, 28.34it/s, loss=0.2218, rec=0.1748, t=0.9402]
Epoch 28/60:  23%|██▎       | 9/39 [00:00<00:01, 28.34it/s, loss=0.2217, rec=0.1748, t=0.9402]
Epoch 28/60:  31%|███       | 12/39 [00:00<00:00, 28.54it/s, loss=0.2217, rec=0.1748, t=0.9402]
Epoch 28/60:  31%|███       | 12/39 [00:00<00:00, 28.54it/s, loss=0.2215, rec=0.1746, t=0.9401]
Epoch 28/60:  31%|███       | 12/39 [00:00<00:00, 28.54it/s, loss=0.2213, rec=0.1745, t=0.9400]
Epoch 28/60:  31%|███       | 12/39 [00:00<00:00, 28.54it/s, loss=0.2213, rec=0.1744, t=0.9400]
Epoch 28/60:  38%|███▊      | 15/39 [00:00<00:00, 28.90it/s, loss=0.2213, rec=0.1744, t=0.9400]
Epoch 28/60:  38%|███▊      | 15/39 [00:00<00:00, 28.90it/s, loss=0.2211, rec=0.1744, t=0.9399]
Epoch 28/60:  38%|███▊      | 15/39 [00:00<00:00, 28.90it/s, loss=0.2211, rec=0.1744, t=0.9399]
Epoch 28/60:  38%|███▊      | 15/39 [00:00<00:00, 28.90it/s, loss=0.2212, rec=0.1746, t=0.9398]
Epoch 28/60:  46%|████▌     | 18/39 [00:00<00:00, 28.90it/s, loss=0.2212, rec=0.1746, t=0.9398]
Epoch 28/60:  46%|████▌     | 18/39 [00:00<00:00, 28.90it/s, loss=0.2211, rec=0.1743, t=0.9398]
Epoch 28/60:  46%|████▌     | 18/39 [00:00<00:00, 28.90it/s, loss=0.2211, rec=0.1744, t=0.9397]
Epoch 28/60:  46%|████▌     | 18/39 [00:00<00:00, 28.90it/s, loss=0.2210, rec=0.1743, t=0.9397]
Epoch 28/60:  54%|█████▍    | 21/39 [00:00<00:00, 28.22it/s, loss=0.2210, rec=0.1743, t=0.9397]
Epoch 28/60:  54%|█████▍    | 21/39 [00:00<00:00, 28.22it/s, loss=0.2211, rec=0.1743, t=0.9396]
Epoch 28/60:  54%|█████▍    | 21/39 [00:00<00:00, 28.22it/s, loss=0.2211, rec=0.1744, t=0.9396]
Epoch 28/60:  54%|█████▍    | 21/39 [00:00<00:00, 28.22it/s, loss=0.2214, rec=0.1746, t=0.9395]
Epoch 28/60:  62%|██████▏   | 24/39 [00:00<00:00, 26.87it/s, loss=0.2214, rec=0.1746, t=0.9395]
Epoch 28/60:  62%|██████▏   | 24/39 [00:00<00:00, 26.87it/s, loss=0.2215, rec=0.1746, t=0.9394]
Epoch 28/60:  62%|██████▏   | 24/39 [00:00<00:00, 26.87it/s, loss=0.2216, rec=0.1747, t=0.9394]
Epoch 28/60:  62%|██████▏   | 24/39 [00:00<00:00, 26.87it/s, loss=0.2216, rec=0.1746, t=0.9393]
Epoch 28/60:  62%|██████▏   | 24/39 [00:01<00:00, 26.87it/s, loss=0.2217, rec=0.1747, t=0.9393]
Epoch 28/60:  72%|███████▏  | 28/39 [00:01<00:00, 27.86it/s, loss=0.2217, rec=0.1747, t=0.9393]
Epoch 28/60:  72%|███████▏  | 28/39 [00:01<00:00, 27.86it/s, loss=0.2217, rec=0.1748, t=0.9392]
Epoch 28/60:  72%|███████▏  | 28/39 [00:01<00:00, 27.86it/s, loss=0.2218, rec=0.1747, t=0.9392]
Epoch 28/60:  72%|███████▏  | 28/39 [00:01<00:00, 27.86it/s, loss=0.2218, rec=0.1747, t=0.9391]
Epoch 28/60:  79%|███████▉  | 31/39 [00:01<00:00, 27.70it/s, loss=0.2218, rec=0.1747, t=0.9391]
Epoch 28/60:  79%|███████▉  | 31/39 [00:01<00:00, 27.70it/s, loss=0.2218, rec=0.1747, t=0.9391]
Epoch 28/60:  79%|███████▉  | 31/39 [00:01<00:00, 27.70it/s, loss=0.2218, rec=0.1747, t=0.9390]
Epoch 28/60:  79%|███████▉  | 31/39 [00:01<00:00, 27.70it/s, loss=0.2217, rec=0.1747, t=0.9390]
Epoch 28/60:  87%|████████▋ | 34/39 [00:01<00:00, 26.44it/s, loss=0.2217, rec=0.1747, t=0.9390]
Epoch 28/60:  87%|████████▋ | 34/39 [00:01<00:00, 26.44it/s, loss=0.2217, rec=0.1747, t=0.9389]
Epoch 28/60:  87%|████████▋ | 34/39 [00:01<00:00, 26.44it/s, loss=0.2217, rec=0.1747, t=0.9388]
Epoch 28/60:  87%|████████▋ | 34/39 [00:01<00:00, 26.44it/s, loss=0.2216, rec=0.1746, t=0.9388]
Epoch 28/60:  95%|█████████▍| 37/39 [00:01<00:00, 26.06it/s, loss=0.2216, rec=0.1746, t=0.9388]
Epoch 28/60:  95%|█████████▍| 37/39 [00:01<00:00, 26.06it/s, loss=0.2216, rec=0.1746, t=0.9387]
Epoch 28/60:  95%|█████████▍| 37/39 [00:01<00:00, 26.06it/s, loss=0.2215, rec=0.1745, t=0.9387]
                                                                                               
[Epoch   28/60] loss=0.221504 | rec=0.174480 | cb=0.084526 | com=0.084526 | uniq=0.348783 | rqvae=0.029584 | t=0.938682 | global_step=1092
[EventC2 epoch 28] churn=0.13045379989065062 | churn_art=0.12692544670363523 | step_vs_snapshot=0.9200656096227446 | q2_used(events/articles)=14/14 | dead=114 | same_event_c2=1.0 | c123_collision=0.8522 | max_c4=415 | cb_q1/q2/q3=0.03785/0.02730/0.01938 | com_q1/q2/q3=0.03785/0.02730/0.01938

Epoch 29/60:   0%|          | 0/39 [00:00<?, ?it/s, loss=0.2205, rec=0.1733, t=0.9386]
Epoch 29/60:   0%|          | 0/39 [00:00<?, ?it/s, loss=0.2209, rec=0.1737, t=0.9386]
Epoch 29/60:   0%|          | 0/39 [00:00<?, ?it/s, loss=0.2215, rec=0.1743, t=0.9385]
Epoch 29/60:   8%|▊         | 3/39 [00:00<00:01, 24.75it/s, loss=0.2215, rec=0.1743, t=0.9385]
Epoch 29/60:   8%|▊         | 3/39 [00:00<00:01, 24.75it/s, loss=0.2220, rec=0.1744, t=0.9385]
Epoch 29/60:   8%|▊         | 3/39 [00:00<00:01, 24.75it/s, loss=0.2213, rec=0.1738, t=0.9384]
Epoch 29/60:   8%|▊         | 3/39 [00:00<00:01, 24.75it/s, loss=0.2212, rec=0.1739, t=0.9384]
Epoch 29/60:   8%|▊         | 3/39 [00:00<00:01, 24.75it/s, loss=0.2213, rec=0.1738, t=0.9383]
Epoch 29/60:  18%|█▊        | 7/39 [00:00<00:01, 28.12it/s, loss=0.2213, rec=0.1738, t=0.9383]
Epoch 29/60:  18%|█▊        | 7/39 [00:00<00:01, 28.12it/s, loss=0.2219, rec=0.1743, t=0.9382]
Epoch 29/60:  18%|█▊        | 7/39 [00:00<00:01, 28.12it/s, loss=0.2222, rec=0.1746, t=0.9382]
Epoch 29/60:  18%|█▊        | 7/39 [00:00<00:01, 28.12it/s, loss=0.2225, rec=0.1746, t=0.9381]
Epoch 29/60:  18%|█▊        | 7/39 [00:00<00:01, 28.12it/s, loss=0.2226, rec=0.1747, t=0.9381]
Epoch 29/60:  28%|██▊       | 11/39 [00:00<00:00, 29.48it/s, loss=0.2226, rec=0.1747, t=0.9381]
Epoch 29/60:  28%|██▊       | 11/39 [00:00<00:00, 29.48it/s, loss=0.2227, rec=0.1747, t=0.9380]
Epoch 29/60:  28%|██▊       | 11/39 [00:00<00:00, 29.48it/s, loss=0.2229, rec=0.1749, t=0.9380]
Epoch 29/60:  28%|██▊       | 11/39 [00:00<00:00, 29.48it/s, loss=0.2231, rec=0.1750, t=0.9379]
Epoch 29/60:  28%|██▊       | 11/39 [00:00<00:00, 29.48it/s, loss=0.2231, rec=0.1749, t=0.9379]
Epoch 29/60:  38%|███▊      | 15/39 [00:00<00:00, 29.94it/s, loss=0.2231, rec=0.1749, t=0.9379]
Epoch 29/60:  38%|███▊      | 15/39 [00:00<00:00, 29.94it/s, loss=0.2233, rec=0.1749, t=0.9378]
Epoch 29/60:  38%|███▊      | 15/39 [00:00<00:00, 29.94it/s, loss=0.2234, rec=0.1750, t=0.9378]
Epoch 29/60:  38%|███▊      | 15/39 [00:00<00:00, 29.94it/s, loss=0.2234, rec=0.1750, t=0.9377]
Epoch 29/60:  38%|███▊      | 15/39 [00:00<00:00, 29.94it/s, loss=0.2232, rec=0.1747, t=0.9376]
Epoch 29/60:  49%|████▊     | 19/39 [00:00<00:00, 30.01it/s, loss=0.2232, rec=0.1747, t=0.9376]
Epoch 29/60:  49%|████▊     | 19/39 [00:00<00:00, 30.01it/s, loss=0.2231, rec=0.1746, t=0.9376]
Epoch 29/60:  49%|████▊     | 19/39 [00:00<00:00, 30.01it/s, loss=0.2229, rec=0.1744, t=0.9375]
Epoch 29/60:  49%|████▊     | 19/39 [00:00<00:00, 30.01it/s, loss=0.2227, rec=0.1743, t=0.9375]
Epoch 29/60:  56%|█████▋    | 22/39 [00:00<00:00, 29.55it/s, loss=0.2227, rec=0.1743, t=0.9375]
Epoch 29/60:  56%|█████▋    | 22/39 [00:00<00:00, 29.55it/s, loss=0.2227, rec=0.1743, t=0.9374]
Epoch 29/60:  56%|█████▋    | 22/39 [00:00<00:00, 29.55it/s, loss=0.2227, rec=0.1743, t=0.9374]
Epoch 29/60:  56%|█████▋    | 22/39 [00:00<00:00, 29.55it/s, loss=0.2225, rec=0.1742, t=0.9373]
Epoch 29/60:  56%|█████▋    | 22/39 [00:00<00:00, 29.55it/s, loss=0.2226, rec=0.1743, t=0.9373]
Epoch 29/60:  67%|██████▋   | 26/39 [00:00<00:00, 29.43it/s, loss=0.2226, rec=0.1743, t=0.9373]
Epoch 29/60:  67%|██████▋   | 26/39 [00:00<00:00, 29.43it/s, loss=0.2226, rec=0.1743, t=0.9372]
Epoch 29/60:  67%|██████▋   | 26/39 [00:00<00:00, 29.43it/s, loss=0.2225, rec=0.1743, t=0.9372]
Epoch 29/60:  67%|██████▋   | 26/39 [00:00<00:00, 29.43it/s, loss=0.2224, rec=0.1742, t=0.9371]
Epoch 29/60:  74%|███████▍  | 29/39 [00:00<00:00, 28.91it/s, loss=0.2224, rec=0.1742, t=0.9371]
Epoch 29/60:  74%|███████▍  | 29/39 [00:01<00:00, 28.91it/s, loss=0.2224, rec=0.1742, t=0.9371]
Epoch 29/60:  74%|███████▍  | 29/39 [00:01<00:00, 28.91it/s, loss=0.2223, rec=0.1741, t=0.9370]
Epoch 29/60:  74%|███████▍  | 29/39 [00:01<00:00, 28.91it/s, loss=0.2224, rec=0.1742, t=0.9369]
Epoch 29/60:  82%|████████▏ | 32/39 [00:01<00:00, 28.44it/s, loss=0.2224, rec=0.1742, t=0.9369]
Epoch 29/60:  82%|████████▏ | 32/39 [00:01<00:00, 28.44it/s, loss=0.2225, rec=0.1742, t=0.9369]
Epoch 29/60:  82%|████████▏ | 32/39 [00:01<00:00, 28.44it/s, loss=0.2225, rec=0.1742, t=0.9368]
Epoch 29/60:  82%|████████▏ | 32/39 [00:01<00:00, 28.44it/s, loss=0.2224, rec=0.1742, t=0.9368]
Epoch 29/60:  90%|████████▉ | 35/39 [00:01<00:00, 28.11it/s, loss=0.2224, rec=0.1742, t=0.9368]
Epoch 29/60:  90%|████████▉ | 35/39 [00:01<00:00, 28.11it/s, loss=0.2224, rec=0.1742, t=0.9367]
Epoch 29/60:  90%|████████▉ | 35/39 [00:01<00:00, 28.11it/s, loss=0.2224, rec=0.1743, t=0.9367]
Epoch 29/60:  90%|████████▉ | 35/39 [00:01<00:00, 28.11it/s, loss=0.2224, rec=0.1742, t=0.9366]
Epoch 29/60:  90%|████████▉ | 35/39 [00:01<00:00, 28.11it/s, loss=0.2225, rec=0.1742, t=0.9366]
Epoch 29/60: 100%|██████████| 39/39 [00:01<00:00, 31.13it/s, loss=0.2225, rec=0.1742, t=0.9366]
                                                                                               
[Epoch   29/60] loss=0.222458 | rec=0.174216 | cb=0.088482 | com=0.088482 | uniq=0.345467 | rqvae=0.030969 | t=0.936562 | global_step=1131
[EventC2 epoch 29] churn=0.09557135046473483 | churn_art=0.0931402752105155 | step_vs_snapshot=0.932750136686714 | q2_used(events/articles)=14/14 | dead=114 | same_event_c2=1.0 | c123_collision=0.8465 | max_c4=412 | cb_q1/q2/q3=0.03951/0.02891/0.02006 | com_q1/q2/q3=0.03951/0.02891/0.02006

Epoch 30/60:   0%|          | 0/39 [00:00<?, ?it/s, loss=0.2259, rec=0.1761, t=0.9365]
Epoch 30/60:   0%|          | 0/39 [00:00<?, ?it/s, loss=0.2262, rec=0.1759, t=0.9365]
Epoch 30/60:   0%|          | 0/39 [00:00<?, ?it/s, loss=0.2256, rec=0.1755, t=0.9364]
Epoch 30/60:   8%|▊         | 3/39 [00:00<00:01, 25.95it/s, loss=0.2256, rec=0.1755, t=0.9364]
Epoch 30/60:   8%|▊         | 3/39 [00:00<00:01, 25.95it/s, loss=0.2244, rec=0.1740, t=0.9363]
Epoch 30/60:   8%|▊         | 3/39 [00:00<00:01, 25.95it/s, loss=0.2244, rec=0.1739, t=0.9363]
Epoch 30/60:   8%|▊         | 3/39 [00:00<00:01, 25.95it/s, loss=0.2240, rec=0.1739, t=0.9362]
Epoch 30/60:   8%|▊         | 3/39 [00:00<00:01, 25.95it/s, loss=0.2234, rec=0.1738, t=0.9362]
Epoch 30/60:  18%|█▊        | 7/39 [00:00<00:01, 29.06it/s, loss=0.2234, rec=0.1738, t=0.9362]
Epoch 30/60:  18%|█▊        | 7/39 [00:00<00:01, 29.06it/s, loss=0.2225, rec=0.1730, t=0.9361]
Epoch 30/60:  18%|█▊        | 7/39 [00:00<00:01, 29.06it/s, loss=0.2226, rec=0.1730, t=0.9361]
Epoch 30/60:  18%|█▊        | 7/39 [00:00<00:01, 29.06it/s, loss=0.2224, rec=0.1729, t=0.9360]
Epoch 30/60:  26%|██▌       | 10/39 [00:00<00:01, 26.18it/s, loss=0.2224, rec=0.1729, t=0.9360]
Epoch 30/60:  26%|██▌       | 10/39 [00:00<00:01, 26.18it/s, loss=0.2220, rec=0.1725, t=0.9360]
Epoch 30/60:  26%|██▌       | 10/39 [00:00<00:01, 26.18it/s, loss=0.2220, rec=0.1726, t=0.9359]
Epoch 30/60:  26%|██▌       | 10/39 [00:00<00:01, 26.18it/s, loss=0.2221, rec=0.1726, t=0.9359]
Epoch 30/60:  33%|███▎      | 13/39 [00:00<00:01, 25.19it/s, loss=0.2221, rec=0.1726, t=0.9359]
Epoch 30/60:  33%|███▎      | 13/39 [00:00<00:01, 25.19it/s, loss=0.2220, rec=0.1725, t=0.9358]
Epoch 30/60:  33%|███▎      | 13/39 [00:00<00:01, 25.19it/s, loss=0.2219, rec=0.1725, t=0.9357]
Epoch 30/60:  33%|███▎      | 13/39 [00:00<00:01, 25.19it/s, loss=0.2220, rec=0.1725, t=0.9357]
Epoch 30/60:  41%|████      | 16/39 [00:00<00:00, 25.53it/s, loss=0.2220, rec=0.1725, t=0.9357]
Epoch 30/60:  41%|████      | 16/39 [00:00<00:00, 25.53it/s, loss=0.2221, rec=0.1727, t=0.9356]
Epoch 30/60:  41%|████      | 16/39 [00:00<00:00, 25.53it/s, loss=0.2222, rec=0.1727, t=0.9356]
Epoch 30/60:  41%|████      | 16/39 [00:00<00:00, 25.53it/s, loss=0.2222, rec=0.1728, t=0.9355]
Epoch 30/60:  49%|████▊     | 19/39 [00:00<00:00, 26.18it/s, loss=0.2222, rec=0.1728, t=0.9355]
Epoch 30/60:  49%|████▊     | 19/39 [00:00<00:00, 26.18it/s, loss=0.2222, rec=0.1729, t=0.9355]
Epoch 30/60:  49%|████▊     | 19/39 [00:00<00:00, 26.18it/s, loss=0.2222, rec=0.1729, t=0.9354]
Epoch 30/60:  49%|████▊     | 19/39 [00:00<00:00, 26.18it/s, loss=0.2222, rec=0.1730, t=0.9354]
Epoch 30/60:  56%|█████▋    | 22/39 [00:00<00:00, 26.00it/s, loss=0.2222, rec=0.1730, t=0.9354]
Epoch 30/60:  56%|█████▋    | 22/39 [00:00<00:00, 26.00it/s, loss=0.2223, rec=0.1730, t=0.9353]
Epoch 30/60:  56%|█████▋    | 22/39 [00:00<00:00, 26.00it/s, loss=0.2223, rec=0.1731, t=0.9353]
Epoch 30/60:  56%|█████▋    | 22/39 [00:00<00:00, 26.00it/s, loss=0.2223, rec=0.1731, t=0.9352]
Epoch 30/60:  64%|██████▍   | 25/39 [00:00<00:00, 25.52it/s, loss=0.2223, rec=0.1731, t=0.9352]
Epoch 30/60:  64%|██████▍   | 25/39 [00:01<00:00, 25.52it/s, loss=0.2224, rec=0.1730, t=0.9352]
Epoch 30/60:  64%|██████▍   | 25/39 [00:01<00:00, 25.52it/s, loss=0.2226, rec=0.1732, t=0.9351]
Epoch 30/60:  64%|██████▍   | 25/39 [00:01<00:00, 25.52it/s, loss=0.2227, rec=0.1733, t=0.9350]
Epoch 30/60:  72%|███████▏  | 28/39 [00:01<00:00, 24.56it/s, loss=0.2227, rec=0.1733, t=0.9350]
Epoch 30/60:  72%|███████▏  | 28/39 [00:01<00:00, 24.56it/s, loss=0.2229, rec=0.1734, t=0.9350]
Epoch 30/60:  72%|███████▏  | 28/39 [00:01<00:00, 24.56it/s, loss=0.2232, rec=0.1736, t=0.9349]
Epoch 30/60:  72%|███████▏  | 28/39 [00:01<00:00, 24.56it/s, loss=0.2235, rec=0.1737, t=0.9349]
Epoch 30/60:  79%|███████▉  | 31/39 [00:01<00:00, 25.69it/s, loss=0.2235, rec=0.1737, t=0.9349]
Epoch 30/60:  79%|███████▉  | 31/39 [00:01<00:00, 25.69it/s, loss=0.2235, rec=0.1738, t=0.9348]
Epoch 30/60:  79%|███████▉  | 31/39 [00:01<00:00, 25.69it/s, loss=0.2236, rec=0.1738, t=0.9348]
Epoch 30/60:  79%|███████▉  | 31/39 [00:01<00:00, 25.69it/s, loss=0.2236, rec=0.1738, t=0.9347]
Epoch 30/60:  87%|████████▋ | 34/39 [00:01<00:00, 26.23it/s, loss=0.2236, rec=0.1738, t=0.9347]
Epoch 30/60:  87%|████████▋ | 34/39 [00:01<00:00, 26.23it/s, loss=0.2236, rec=0.1738, t=0.9347]
Epoch 30/60:  87%|████████▋ | 34/39 [00:01<00:00, 26.23it/s, loss=0.2236, rec=0.1739, t=0.9346]
Epoch 30/60:  87%|████████▋ | 34/39 [00:01<00:00, 26.23it/s, loss=0.2236, rec=0.1739, t=0.9346]
Epoch 30/60:  95%|█████████▍| 37/39 [00:01<00:00, 26.86it/s, loss=0.2236, rec=0.1739, t=0.9346]
Epoch 30/60:  95%|█████████▍| 37/39 [00:01<00:00, 26.86it/s, loss=0.2237, rec=0.1740, t=0.9345]
Epoch 30/60:  95%|█████████▍| 37/39 [00:01<00:00, 26.86it/s, loss=0.2236, rec=0.1739, t=0.9344]
                                                                                               
[Epoch   30/60] loss=0.223642 | rec=0.173941 | cb=0.093796 | com=0.093796 | uniq=0.337451 | rqvae=0.032829 | t=0.934445 | global_step=1170
[EventC2 epoch 30] churn=0.1367960634226353 | churn_art=0.1348326144998973 | step_vs_snapshot=0.9092400218698743 | q2_used(events/articles)=15/15 | dead=113 | same_event_c2=1.0 | c123_collision=0.8380 | max_c4=406 | cb_q1/q2/q3=0.04177/0.03051/0.02151 | com_q1/q2/q3=0.04177/0.03051/0.02151
[Validation epoch 30] loss=0.223401 | rec=0.174515 | cb=0.091451 | com=0.091451 | uniq=0.337570 | rqvae=0.032008
[Best Checkpoint] Reconstruction Loss improved -> <scratch>/mid_run_event/checkpoint_best_rec.pt
[EarlyStopping] epoch=30 | improved_total=False | improved_rec=True | counter=0/20 | best_total=0.217881@20 | best_rec=0.174515@30

Epoch 31/60:   0%|          | 0/39 [00:00<?, ?it/s, loss=0.2234, rec=0.1741, t=0.9344]
Epoch 31/60:   0%|          | 0/39 [00:00<?, ?it/s, loss=0.2242, rec=0.1759, t=0.9343]
Epoch 31/60:   0%|          | 0/39 [00:00<?, ?it/s, loss=0.2248, rec=0.1758, t=0.9343]
Epoch 31/60:   8%|▊         | 3/39 [00:00<00:01, 23.46it/s, loss=0.2248, rec=0.1758, t=0.9343]
Epoch 31/60:   8%|▊         | 3/39 [00:00<00:01, 23.46it/s, loss=0.2247, rec=0.1752, t=0.9342]
Epoch 31/60:   8%|▊         | 3/39 [00:00<00:01, 23.46it/s, loss=0.2242, rec=0.1747, t=0.9342]
Epoch 31/60:   8%|▊         | 3/39 [00:00<00:01, 23.46it/s, loss=0.2234, rec=0.1743, t=0.9341]
Epoch 31/60:  15%|█▌        | 6/39 [00:00<00:01, 25.32it/s, loss=0.2234, rec=0.1743, t=0.9341]
Epoch 31/60:  15%|█▌        | 6/39 [00:00<00:01, 25.32it/s, loss=0.2234, rec=0.1744, t=0.9341]
Epoch 31/60:  15%|█▌        | 6/39 [00:00<00:01, 25.32it/s, loss=0.2234, rec=0.1742, t=0.9340]
Epoch 31/60:  15%|█▌        | 6/39 [00:00<00:01, 25.32it/s, loss=0.2231, rec=0.1737, t=0.9340]
Epoch 31/60:  23%|██▎       | 9/39 [00:00<00:01, 26.55it/s, loss=0.2231, rec=0.1737, t=0.9340]
Epoch 31/60:  23%|██▎       | 9/39 [00:00<00:01, 26.55it/s, loss=0.2232, rec=0.1739, t=0.9339]
Epoch 31/60:  23%|██▎       | 9/39 [00:00<00:01, 26.55it/s, loss=0.2229, rec=0.1737, t=0.9338]
Epoch 31/60:  23%|██▎       | 9/39 [00:00<00:01, 26.55it/s, loss=0.2231, rec=0.1738, t=0.9338]
Epoch 31/60:  31%|███       | 12/39 [00:00<00:00, 27.40it/s, loss=0.2231, rec=0.1738, t=0.9338]
Epoch 31/60:  31%|███       | 12/39 [00:00<00:00, 27.40it/s, loss=0.2233, rec=0.1738, t=0.9337]
Epoch 31/60:  31%|███       | 12/39 [00:00<00:00, 27.40it/s, loss=0.2236, rec=0.1740, t=0.9337]
Epoch 31/60:  31%|███       | 12/39 [00:00<00:00, 27.40it/s, loss=0.2238, rec=0.1741, t=0.9336]
Epoch 31/60:  38%|███▊      | 15/39 [00:00<00:00, 28.13it/s, loss=0.2238, rec=0.1741, t=0.9336]
Epoch 31/60:  38%|███▊      | 15/39 [00:00<00:00, 28.13it/s, loss=0.2241, rec=0.1742, t=0.9336]
Epoch 31/60:  38%|███▊      | 15/39 [00:00<00:00, 28.13it/s, loss=0.2243, rec=0.1743, t=0.9335]
Epoch 31/60:  38%|███▊      | 15/39 [00:00<00:00, 28.13it/s, loss=0.2246, rec=0.1745, t=0.9335]
Epoch 31/60:  46%|████▌     | 18/39 [00:00<00:00, 28.57it/s, loss=0.2246, rec=0.1745, t=0.9335]
Epoch 31/60:  46%|████▌     | 18/39 [00:00<00:00, 28.57it/s, loss=0.2246, rec=0.1743, t=0.9334]
Epoch 31/60:  46%|████▌     | 18/39 [00:00<00:00, 28.57it/s, loss=0.2246, rec=0.1742, t=0.9334]
Epoch 31/60:  46%|████▌     | 18/39 [00:00<00:00, 28.57it/s, loss=0.2246, rec=0.1741, t=0.9333]
Epoch 31/60:  54%|█████▍    | 21/39 [00:00<00:00, 26.89it/s, loss=0.2246, rec=0.1741, t=0.9333]
Epoch 31/60:  54%|█████▍    | 21/39 [00:00<00:00, 26.89it/s, loss=0.2245, rec=0.1741, t=0.9333]
Epoch 31/60:  54%|█████▍    | 21/39 [00:00<00:00, 26.89it/s, loss=0.2245, rec=0.1741, t=0.9332]
Epoch 31/60:  54%|█████▍    | 21/39 [00:00<00:00, 26.89it/s, loss=0.2243, rec=0.1740, t=0.9331]
Epoch 31/60:  62%|██████▏   | 24/39 [00:00<00:00, 27.11it/s, loss=0.2243, rec=0.1740, t=0.9331]
Epoch 31/60:  62%|██████▏   | 24/39 [00:00<00:00, 27.11it/s, loss=0.2242, rec=0.1738, t=0.9331]
Epoch 31/60:  62%|██████▏   | 24/39 [00:00<00:00, 27.11it/s, loss=0.2243, rec=0.1738, t=0.9330]
Epoch 31/60:  62%|██████▏   | 24/39 [00:00<00:00, 27.11it/s, loss=0.2241, rec=0.1736, t=0.9330]
Epoch 31/60:  69%|██████▉   | 27/39 [00:00<00:00, 27.95it/s, loss=0.2241, rec=0.1736, t=0.9330]
Epoch 31/60:  69%|██████▉   | 27/39 [00:01<00:00, 27.95it/s, loss=0.2242, rec=0.1736, t=0.9329]
Epoch 31/60:  69%|██████▉   | 27/39 [00:01<00:00, 27.95it/s, loss=0.2242, rec=0.1736, t=0.9329]
Epoch 31/60:  69%|██████▉   | 27/39 [00:01<00:00, 27.95it/s, loss=0.2243, rec=0.1737, t=0.9328]
Epoch 31/60:  69%|██████▉   | 27/39 [00:01<00:00, 27.95it/s, loss=0.2242, rec=0.1736, t=0.9328]
Epoch 31/60:  79%|███████▉  | 31/39 [00:01<00:00, 28.78it/s, loss=0.2242, rec=0.1736, t=0.9328]
Epoch 31/60:  79%|███████▉  | 31/39 [00:01<00:00, 28.78it/s, loss=0.2242, rec=0.1736, t=0.9327]
Epoch 31/60:  79%|███████▉  | 31/39 [00:01<00:00, 28.78it/s, loss=0.2240, rec=0.1735, t=0.9327]
Epoch 31/60:  79%|███████▉  | 31/39 [00:01<00:00, 28.78it/s, loss=0.2240, rec=0.1735, t=0.9326]
Epoch 31/60:  87%|████████▋ | 34/39 [00:01<00:00, 28.90it/s, loss=0.2240, rec=0.1735, t=0.9326]
Epoch 31/60:  87%|████████▋ | 34/39 [00:01<00:00, 28.90it/s, loss=0.2239, rec=0.1735, t=0.9326]
Epoch 31/60:  87%|████████▋ | 34/39 [00:01<00:00, 28.90it/s, loss=0.2240, rec=0.1735, t=0.9325]
Epoch 31/60:  87%|████████▋ | 34/39 [00:01<00:00, 28.90it/s, loss=0.2239, rec=0.1735, t=0.9324]
Epoch 31/60:  95%|█████████▍| 37/39 [00:01<00:00, 28.45it/s, loss=0.2239, rec=0.1735, t=0.9324]
Epoch 31/60:  95%|█████████▍| 37/39 [00:01<00:00, 28.45it/s, loss=0.2239, rec=0.1735, t=0.9324]
Epoch 31/60:  95%|█████████▍| 37/39 [00:01<00:00, 28.45it/s, loss=0.2239, rec=0.1735, t=0.9323]
                                                                                               
[Epoch   31/60] loss=0.223862 | rec=0.173463 | cb=0.098317 | com=0.098317 | uniq=0.319758 | rqvae=0.034411 | t=0.932334 | global_step=1209
[EventC2 epoch 31] churn=0.09568069983597595 | churn_art=0.09899363318956665 | step_vs_snapshot=0.926079825041006 | q2_used(events/articles)=15/15 | dead=113 | same_event_c2=1.0 | c123_collision=0.8352 | max_c4=400 | cb_q1/q2/q3=0.04385/0.03167/0.02281 | com_q1/q2/q3=0.04385/0.03167/0.02281

Epoch 32/60:   0%|          | 0/39 [00:00<?, ?it/s, loss=0.2273, rec=0.1733, t=0.9323]
Epoch 32/60:   0%|          | 0/39 [00:00<?, ?it/s, loss=0.2268, rec=0.1728, t=0.9322]
Epoch 32/60:   0%|          | 0/39 [00:00<?, ?it/s, loss=0.2290, rec=0.1749, t=0.9322]
Epoch 32/60:   8%|▊         | 3/39 [00:00<00:01, 27.17it/s, loss=0.2290, rec=0.1749, t=0.9322]
Epoch 32/60:   8%|▊         | 3/39 [00:00<00:01, 27.17it/s, loss=0.2300, rec=0.1756, t=0.9321]
Epoch 32/60:   8%|▊         | 3/39 [00:00<00:01, 27.17it/s, loss=0.2299, rec=0.1754, t=0.9321]
Epoch 32/60:   8%|▊         | 3/39 [00:00<00:01, 27.17it/s, loss=0.2303, rec=0.1758, t=0.9320]
Epoch 32/60:  15%|█▌        | 6/39 [00:00<00:01, 26.61it/s, loss=0.2303, rec=0.1758, t=0.9320]
Epoch 32/60:  15%|█▌        | 6/39 [00:00<00:01, 26.61it/s, loss=0.2296, rec=0.1755, t=0.9320]
Epoch 32/60:  15%|█▌        | 6/39 [00:00<00:01, 26.61it/s, loss=0.2289, rec=0.1749, t=0.9319]
Epoch 32/60:  15%|█▌        | 6/39 [00:00<00:01, 26.61it/s, loss=0.2286, rec=0.1749, t=0.9318]
Epoch 32/60:  23%|██▎       | 9/39 [00:00<00:01, 27.99it/s, loss=0.2286, rec=0.1749, t=0.9318]
Epoch 32/60:  23%|██▎       | 9/39 [00:00<00:01, 27.99it/s, loss=0.2280, rec=0.1743, t=0.9318]
Epoch 32/60:  23%|██▎       | 9/39 [00:00<00:01, 27.99it/s, loss=0.2274, rec=0.1740, t=0.9317]
Epoch 32/60:  23%|██▎       | 9/39 [00:00<00:01, 27.99it/s, loss=0.2272, rec=0.1741, t=0.9317]
Epoch 32/60:  31%|███       | 12/39 [00:00<00:01, 26.80it/s, loss=0.2272, rec=0.1741, t=0.9317]
Epoch 32/60:  31%|███       | 12/39 [00:00<00:01, 26.80it/s, loss=0.2270, rec=0.1738, t=0.9316]
Epoch 32/60:  31%|███       | 12/39 [00:00<00:01, 26.80it/s, loss=0.2269, rec=0.1740, t=0.9316]
Epoch 32/60:  31%|███       | 12/39 [00:00<00:01, 26.80it/s, loss=0.2269, rec=0.1740, t=0.9315]
Epoch 32/60:  38%|███▊      | 15/39 [00:00<00:01, 22.76it/s, loss=0.2269, rec=0.1740, t=0.9315]
Epoch 32/60:  38%|███▊      | 15/39 [00:00<00:01, 22.76it/s, loss=0.2269, rec=0.1740, t=0.9315]
Epoch 32/60:  38%|███▊      | 15/39 [00:00<00:01, 22.76it/s, loss=0.2267, rec=0.1739, t=0.9314]
Epoch 32/60:  38%|███▊      | 15/39 [00:00<00:01, 22.76it/s, loss=0.2268, rec=0.1739, t=0.9314]
Epoch 32/60:  46%|████▌     | 18/39 [00:00<00:00, 23.98it/s, loss=0.2268, rec=0.1739, t=0.9314]
Epoch 32/60:  46%|████▌     | 18/39 [00:00<00:00, 23.98it/s, loss=0.2268, rec=0.1739, t=0.9313]
Epoch 32/60:  46%|████▌     | 18/39 [00:00<00:00, 23.98it/s, loss=0.2265, rec=0.1738, t=0.9313]
Epoch 32/60:  46%|████▌     | 18/39 [00:00<00:00, 23.98it/s, loss=0.2264, rec=0.1738, t=0.9312]
Epoch 32/60:  54%|█████▍    | 21/39 [00:00<00:00, 24.54it/s, loss=0.2264, rec=0.1738, t=0.9312]
Epoch 32/60:  54%|█████▍    | 21/39 [00:00<00:00, 24.54it/s, loss=0.2264, rec=0.1739, t=0.9311]
Epoch 32/60:  54%|█████▍    | 21/39 [00:00<00:00, 24.54it/s, loss=0.2265, rec=0.1739, t=0.9311]
Epoch 32/60:  54%|█████▍    | 21/39 [00:00<00:00, 24.54it/s, loss=0.2263, rec=0.1738, t=0.9310]
Epoch 32/60:  62%|██████▏   | 24/39 [00:00<00:00, 25.52it/s, loss=0.2263, rec=0.1738, t=0.9310]
Epoch 32/60:  62%|██████▏   | 24/39 [00:00<00:00, 25.52it/s, loss=0.2263, rec=0.1738, t=0.9310]
Epoch 32/60:  62%|██████▏   | 24/39 [00:01<00:00, 25.52it/s, loss=0.2263, rec=0.1737, t=0.9309]
Epoch 32/60:  62%|██████▏   | 24/39 [00:01<00:00, 25.52it/s, loss=0.2264, rec=0.1737, t=0.9309]
Epoch 32/60:  62%|██████▏   | 24/39 [00:01<00:00, 25.52it/s, loss=0.2263, rec=0.1736, t=0.9308]
Epoch 32/60:  72%|███████▏  | 28/39 [00:01<00:00, 26.98it/s, loss=0.2263, rec=0.1736, t=0.9308]
Epoch 32/60:  72%|███████▏  | 28/39 [00:01<00:00, 26.98it/s, loss=0.2265, rec=0.1737, t=0.9308]
Epoch 32/60:  72%|███████▏  | 28/39 [00:01<00:00, 26.98it/s, loss=0.2266, rec=0.1737, t=0.9307]
Epoch 32/60:  72%|███████▏  | 28/39 [00:01<00:00, 26.98it/s, loss=0.2267, rec=0.1737, t=0.9307]
Epoch 32/60:  79%|███████▉  | 31/39 [00:01<00:00, 27.23it/s, loss=0.2267, rec=0.1737, t=0.9307]
Epoch 32/60:  79%|███████▉  | 31/39 [00:01<00:00, 27.23it/s, loss=0.2268, rec=0.1738, t=0.9306]
Epoch 32/60:  79%|███████▉  | 31/39 [00:01<00:00, 27.23it/s, loss=0.2268, rec=0.1737, t=0.9306]
Epoch 32/60:  79%|███████▉  | 31/39 [00:01<00:00, 27.23it/s, loss=0.2269, rec=0.1738, t=0.9305]
Epoch 32/60:  87%|████████▋ | 34/39 [00:01<00:00, 27.67it/s, loss=0.2269, rec=0.1738, t=0.9305]
Epoch 32/60:  87%|████████▋ | 34/39 [00:01<00:00, 27.67it/s, loss=0.2269, rec=0.1738, t=0.9304]
Epoch 32/60:  87%|████████▋ | 34/39 [00:01<00:00, 27.67it/s, loss=0.2269, rec=0.1738, t=0.9304]
Epoch 32/60:  87%|████████▋ | 34/39 [00:01<00:00, 27.67it/s, loss=0.2268, rec=0.1738, t=0.9303]
Epoch 32/60:  87%|████████▋ | 34/39 [00:01<00:00, 27.67it/s, loss=0.2267, rec=0.1738, t=0.9303]
Epoch 32/60:  97%|█████████▋| 38/39 [00:01<00:00, 29.43it/s, loss=0.2267, rec=0.1738, t=0.9303]
Epoch 32/60:  97%|█████████▋| 38/39 [00:01<00:00, 29.43it/s, loss=0.2267, rec=0.1738, t=0.9302]
                                                                                               
[Epoch   32/60] loss=0.226727 | rec=0.173778 | cb=0.105330 | com=0.105330 | uniq=0.321654 | rqvae=0.036866 | t=0.930228 | global_step=1248
[EventC2 epoch 32] churn=0.13395297977036633 | churn_art=0.13144382830149928 | step_vs_snapshot=0.8831055221432477 | q2_used(events/articles)=18/18 | dead=110 | same_event_c2=1.0 | c123_collision=0.8321 | max_c4=396 | cb_q1/q2/q3=0.04645/0.03395/0.02494 | com_q1/q2/q3=0.04645/0.03395/0.02494

Epoch 33/60:   0%|          | 0/39 [00:00<?, ?it/s, loss=0.2240, rec=0.1726, t=0.9302]
Epoch 33/60:   0%|          | 0/39 [00:00<?, ?it/s, loss=0.2250, rec=0.1726, t=0.9301]
Epoch 33/60:   0%|          | 0/39 [00:00<?, ?it/s, loss=0.2266, rec=0.1732, t=0.9301]
Epoch 33/60:   8%|▊         | 3/39 [00:00<00:01, 26.87it/s, loss=0.2266, rec=0.1732, t=0.9301]
Epoch 33/60:   8%|▊         | 3/39 [00:00<00:01, 26.87it/s, loss=0.2265, rec=0.1730, t=0.9300]
Epoch 33/60:   8%|▊         | 3/39 [00:00<00:01, 26.87it/s, loss=0.2255, rec=0.1716, t=0.9300]
Epoch 33/60:   8%|▊         | 3/39 [00:00<00:01, 26.87it/s, loss=0.2260, rec=0.1723, t=0.9299]
Epoch 33/60:   8%|▊         | 3/39 [00:00<00:01, 26.87it/s, loss=0.2260, rec=0.1727, t=0.9298]
Epoch 33/60:  18%|█▊        | 7/39 [00:00<00:01, 29.88it/s, loss=0.2260, rec=0.1727, t=0.9298]
Epoch 33/60:  18%|█▊        | 7/39 [00:00<00:01, 29.88it/s, loss=0.2256, rec=0.1727, t=0.9298]
Epoch 33/60:  18%|█▊        | 7/39 [00:00<00:01, 29.88it/s, loss=0.2260, rec=0.1731, t=0.9297]
Epoch 33/60:  18%|█▊        | 7/39 [00:00<00:01, 29.88it/s, loss=0.2260, rec=0.1732, t=0.9297]
Epoch 33/60:  26%|██▌       | 10/39 [00:00<00:00, 29.58it/s, loss=0.2260, rec=0.1732, t=0.9297]
Epoch 33/60:  26%|██▌       | 10/39 [00:00<00:00, 29.58it/s, loss=0.2259, rec=0.1735, t=0.9296]
Epoch 33/60:  26%|██▌       | 10/39 [00:00<00:00, 29.58it/s, loss=0.2258, rec=0.1734, t=0.9296]
Epoch 33/60:  26%|██▌       | 10/39 [00:00<00:00, 29.58it/s, loss=0.2258, rec=0.1734, t=0.9295]
Epoch 33/60:  33%|███▎      | 13/39 [00:00<00:00, 29.09it/s, loss=0.2258, rec=0.1734, t=0.9295]
Epoch 33/60:  33%|███▎      | 13/39 [00:00<00:00, 29.09it/s, loss=0.2260, rec=0.1734, t=0.9295]
Epoch 33/60:  33%|███▎      | 13/39 [00:00<00:00, 29.09it/s, loss=0.2262, rec=0.1735, t=0.9294]
Epoch 33/60:  33%|███▎      | 13/39 [00:00<00:00, 29.09it/s, loss=0.2262, rec=0.1734, t=0.9294]
Epoch 33/60:  41%|████      | 16/39 [00:00<00:00, 27.86it/s, loss=0.2262, rec=0.1734, t=0.9294]
Epoch 33/60:  41%|████      | 16/39 [00:00<00:00, 27.86it/s, loss=0.2265, rec=0.1736, t=0.9293]
Epoch 33/60:  41%|████      | 16/39 [00:00<00:00, 27.86it/s, loss=0.2266, rec=0.1734, t=0.9293]
Epoch 33/60:  41%|████      | 16/39 [00:00<00:00, 27.86it/s, loss=0.2266, rec=0.1733, t=0.9292]
Epoch 33/60:  49%|████▊     | 19/39 [00:00<00:00, 27.77it/s, loss=0.2266, rec=0.1733, t=0.9292]
Epoch 33/60:  49%|████▊     | 19/39 [00:00<00:00, 27.77it/s, loss=0.2266, rec=0.1733, t=0.9291]
Epoch 33/60:  49%|████▊     | 19/39 [00:00<00:00, 27.77it/s, loss=0.2267, rec=0.1733, t=0.9291]
Epoch 33/60:  49%|████▊     | 19/39 [00:00<00:00, 27.77it/s, loss=0.2266, rec=0.1732, t=0.9290]
Epoch 33/60:  56%|█████▋    | 22/39 [00:00<00:00, 27.66it/s, loss=0.2266, rec=0.1732, t=0.9290]
Epoch 33/60:  56%|█████▋    | 22/39 [00:00<00:00, 27.66it/s, loss=0.2264, rec=0.1730, t=0.9290]
Epoch 33/60:  56%|█████▋    | 22/39 [00:00<00:00, 27.66it/s, loss=0.2265, rec=0.1731, t=0.9289]
Epoch 33/60:  56%|█████▋    | 22/39 [00:00<00:00, 27.66it/s, loss=0.2265, rec=0.1732, t=0.9289]
Epoch 33/60:  64%|██████▍   | 25/39 [00:00<00:00, 28.15it/s, loss=0.2265, rec=0.1732, t=0.9289]
Epoch 33/60:  64%|██████▍   | 25/39 [00:00<00:00, 28.15it/s, loss=0.2263, rec=0.1732, t=0.9288]
Epoch 33/60:  64%|██████▍   | 25/39 [00:00<00:00, 28.15it/s, loss=0.2263, rec=0.1733, t=0.9288]
Epoch 33/60:  64%|██████▍   | 25/39 [00:00<00:00, 28.15it/s, loss=0.2263, rec=0.1733, t=0.9287]
Epoch 33/60:  72%|███████▏  | 28/39 [00:00<00:00, 28.52it/s, loss=0.2263, rec=0.1733, t=0.9287]
Epoch 33/60:  72%|███████▏  | 28/39 [00:01<00:00, 28.52it/s, loss=0.2263, rec=0.1734, t=0.9287]
Epoch 33/60:  72%|███████▏  | 28/39 [00:01<00:00, 28.52it/s, loss=0.2262, rec=0.1732, t=0.9286]
Epoch 33/60:  72%|███████▏  | 28/39 [00:01<00:00, 28.52it/s, loss=0.2261, rec=0.1733, t=0.9286]
Epoch 33/60:  79%|███████▉  | 31/39 [00:01<00:00, 28.79it/s, loss=0.2261, rec=0.1733, t=0.9286]
Epoch 33/60:  79%|███████▉  | 31/39 [00:01<00:00, 28.79it/s, loss=0.2260, rec=0.1732, t=0.9285]
Epoch 33/60:  79%|███████▉  | 31/39 [00:01<00:00, 28.79it/s, loss=0.2259, rec=0.1731, t=0.9284]
Epoch 33/60:  79%|███████▉  | 31/39 [00:01<00:00, 28.79it/s, loss=0.2258, rec=0.1731, t=0.9284]
Epoch 33/60:  87%|████████▋ | 34/39 [00:01<00:00, 29.15it/s, loss=0.2258, rec=0.1731, t=0.9284]
Epoch 33/60:  87%|████████▋ | 34/39 [00:01<00:00, 29.15it/s, loss=0.2257, rec=0.1730, t=0.9283]
Epoch 33/60:  87%|████████▋ | 34/39 [00:01<00:00, 29.15it/s, loss=0.2256, rec=0.1729, t=0.9283]
Epoch 33/60:  87%|████████▋ | 34/39 [00:01<00:00, 29.15it/s, loss=0.2255, rec=0.1729, t=0.9282]
Epoch 33/60:  87%|████████▋ | 34/39 [00:01<00:00, 29.15it/s, loss=0.2254, rec=0.1728, t=0.9282]
Epoch 33/60:  97%|█████████▋| 38/39 [00:01<00:00, 30.84it/s, loss=0.2254, rec=0.1728, t=0.9282]
Epoch 33/60:  97%|█████████▋| 38/39 [00:01<00:00, 30.84it/s, loss=0.2254, rec=0.1728, t=0.9281]
                                                                                               
[Epoch   33/60] loss=0.225385 | rec=0.172788 | cb=0.106835 | com=0.106835 | uniq=0.304094 | rqvae=0.037392 | t=0.928126 | global_step=1287
[EventC2 epoch 33] churn=0.15057408419901586 | churn_art=0.15023618812897926 | step_vs_snapshot=0.9089119737561508 | q2_used(events/articles)=17/17 | dead=111 | same_event_c2=1.0 | c123_collision=0.8198 | max_c4=394 | cb_q1/q2/q3=0.04755/0.03436/0.02493 | com_q1/q2/q3=0.04755/0.03436/0.02493

Epoch 34/60:   0%|          | 0/39 [00:00<?, ?it/s, loss=0.2207, rec=0.1704, t=0.9281]
Epoch 34/60:   0%|          | 0/39 [00:00<?, ?it/s, loss=0.2210, rec=0.1698, t=0.9280]
Epoch 34/60:   0%|          | 0/39 [00:00<?, ?it/s, loss=0.2220, rec=0.1704, t=0.9280]
Epoch 34/60:   8%|▊         | 3/39 [00:00<00:01, 24.18it/s, loss=0.2220, rec=0.1704, t=0.9280]
Epoch 34/60:   8%|▊         | 3/39 [00:00<00:01, 24.18it/s, loss=0.2215, rec=0.1688, t=0.9279]
Epoch 34/60:   8%|▊         | 3/39 [00:00<00:01, 24.18it/s, loss=0.2215, rec=0.1686, t=0.9279]
Epoch 34/60:   8%|▊         | 3/39 [00:00<00:01, 24.18it/s, loss=0.2213, rec=0.1685, t=0.9278]
Epoch 34/60:  15%|█▌        | 6/39 [00:00<00:01, 26.77it/s, loss=0.2213, rec=0.1685, t=0.9278]
Epoch 34/60:  15%|█▌        | 6/39 [00:00<00:01, 26.77it/s, loss=0.2215, rec=0.1688, t=0.9277]
Epoch 34/60:  15%|█▌        | 6/39 [00:00<00:01, 26.77it/s, loss=0.2214, rec=0.1689, t=0.9277]
Epoch 34/60:  15%|█▌        | 6/39 [00:00<00:01, 26.77it/s, loss=0.2219, rec=0.1693, t=0.9276]
Epoch 34/60:  23%|██▎       | 9/39 [00:00<00:01, 27.33it/s, loss=0.2219, rec=0.1693, t=0.9276]
Epoch 34/60:  23%|██▎       | 9/39 [00:00<00:01, 27.33it/s, loss=0.2222, rec=0.1693, t=0.9276]
Epoch 34/60:  23%|██▎       | 9/39 [00:00<00:01, 27.33it/s, loss=0.2226, rec=0.1697, t=0.9275]
Epoch 34/60:  23%|██▎       | 9/39 [00:00<00:01, 27.33it/s, loss=0.2226, rec=0.1698, t=0.9275]
Epoch 34/60:  31%|███       | 12/39 [00:00<00:00, 28.00it/s, loss=0.2226, rec=0.1698, t=0.9275]
Epoch 34/60:  31%|███       | 12/39 [00:00<00:00, 28.00it/s, loss=0.2227, rec=0.1699, t=0.9274]
Epoch 34/60:  31%|███       | 12/39 [00:00<00:00, 28.00it/s, loss=0.2228, rec=0.1699, t=0.9274]
Epoch 34/60:  31%|███       | 12/39 [00:00<00:00, 28.00it/s, loss=0.2229, rec=0.1700, t=0.9273]
Epoch 34/60:  38%|███▊      | 15/39 [00:00<00:00, 28.24it/s, loss=0.2229, rec=0.1700, t=0.9273]
Epoch 34/60:  38%|███▊      | 15/39 [00:00<00:00, 28.24it/s, loss=0.2229, rec=0.1700, t=0.9273]
Epoch 34/60:  38%|███▊      | 15/39 [00:00<00:00, 28.24it/s, loss=0.2229, rec=0.1702, t=0.9272]
Epoch 34/60:  38%|███▊      | 15/39 [00:00<00:00, 28.24it/s, loss=0.2230, rec=0.1703, t=0.9272]
Epoch 34/60:  46%|████▌     | 18/39 [00:00<00:00, 27.35it/s, loss=0.2230, rec=0.1703, t=0.9272]
Epoch 34/60:  46%|████▌     | 18/39 [00:00<00:00, 27.35it/s, loss=0.2230, rec=0.1703, t=0.9271]
Epoch 34/60:  46%|████▌     | 18/39 [00:00<00:00, 27.35it/s, loss=0.2229, rec=0.1703, t=0.9270]
Epoch 34/60:  46%|████▌     | 18/39 [00:00<00:00, 27.35it/s, loss=0.2230, rec=0.1704, t=0.9270]
Epoch 34/60:  54%|█████▍    | 21/39 [00:00<00:00, 27.78it/s, loss=0.2230, rec=0.1704, t=0.9270]
Epoch 34/60:  54%|█████▍    | 21/39 [00:00<00:00, 27.78it/s, loss=0.2231, rec=0.1705, t=0.9269]
Epoch 34/60:  54%|█████▍    | 21/39 [00:00<00:00, 27.78it/s, loss=0.2230, rec=0.1704, t=0.9269]
Epoch 34/60:  54%|█████▍    | 21/39 [00:00<00:00, 27.78it/s, loss=0.2231, rec=0.1705, t=0.9268]
Epoch 34/60:  62%|██████▏   | 24/39 [00:00<00:00, 27.92it/s, loss=0.2231, rec=0.1705, t=0.9268]
Epoch 34/60:  62%|██████▏   | 24/39 [00:00<00:00, 27.92it/s, loss=0.2232, rec=0.1706, t=0.9268]
Epoch 34/60:  62%|██████▏   | 24/39 [00:00<00:00, 27.92it/s, loss=0.2231, rec=0.1705, t=0.9267]
Epoch 34/60:  62%|██████▏   | 24/39 [00:00<00:00, 27.92it/s, loss=0.2233, rec=0.1705, t=0.9267]
Epoch 34/60:  69%|██████▉   | 27/39 [00:00<00:00, 27.00it/s, loss=0.2233, rec=0.1705, t=0.9267]
Epoch 34/60:  69%|██████▉   | 27/39 [00:01<00:00, 27.00it/s, loss=0.2233, rec=0.1705, t=0.9266]
Epoch 34/60:  69%|██████▉   | 27/39 [00:01<00:00, 27.00it/s, loss=0.2232, rec=0.1705, t=0.9266]
Epoch 34/60:  69%|██████▉   | 27/39 [00:01<00:00, 27.00it/s, loss=0.2233, rec=0.1706, t=0.9265]
Epoch 34/60:  77%|███████▋  | 30/39 [00:01<00:00, 27.07it/s, loss=0.2233, rec=0.1706, t=0.9265]
Epoch 34/60:  77%|███████▋  | 30/39 [00:01<00:00, 27.07it/s, loss=0.2234, rec=0.1706, t=0.9265]
Epoch 34/60:  77%|███████▋  | 30/39 [00:01<00:00, 27.07it/s, loss=0.2235, rec=0.1707, t=0.9264]
Epoch 34/60:  77%|███████▋  | 30/39 [00:01<00:00, 27.07it/s, loss=0.2236, rec=0.1706, t=0.9264]
Epoch 34/60:  85%|████████▍ | 33/39 [00:01<00:00, 26.82it/s, loss=0.2236, rec=0.1706, t=0.9264]
Epoch 34/60:  85%|████████▍ | 33/39 [00:01<00:00, 26.82it/s, loss=0.2237, rec=0.1706, t=0.9263]
Epoch 34/60:  85%|████████▍ | 33/39 [00:01<00:00, 26.82it/s, loss=0.2239, rec=0.1707, t=0.9262]
Epoch 34/60:  85%|████████▍ | 33/39 [00:01<00:00, 26.82it/s, loss=0.2240, rec=0.1707, t=0.9262]
Epoch 34/60:  92%|█████████▏| 36/39 [00:01<00:00, 26.83it/s, loss=0.2240, rec=0.1707, t=0.9262]
Epoch 34/60:  92%|█████████▏| 36/39 [00:01<00:00, 26.83it/s, loss=0.2242, rec=0.1707, t=0.9261]
Epoch 34/60:  92%|█████████▏| 36/39 [00:01<00:00, 26.83it/s, loss=0.2243, rec=0.1707, t=0.9261]
Epoch 34/60:  92%|█████████▏| 36/39 [00:01<00:00, 26.83it/s, loss=0.2243, rec=0.1707, t=0.9260]
                                                                                               
[Epoch   34/60] loss=0.224289 | rec=0.170722 | cb=0.110656 | com=0.110656 | uniq=0.296761 | rqvae=0.038730 | t=0.926029 | global_step=1326
[EventC2 epoch 34] churn=0.07851284855112083 | churn_art=0.07701786814540973 | step_vs_snapshot=0.9378895571350465 | q2_used(events/articles)=18/18 | dead=110 | same_event_c2=1.0 | c123_collision=0.8129 | max_c4=395 | cb_q1/q2/q3=0.04957/0.03551/0.02557 | com_q1/q2/q3=0.04957/0.03551/0.02557

Epoch 35/60:   0%|          | 0/39 [00:00<?, ?it/s, loss=0.2290, rec=0.1734, t=0.9260]
Epoch 35/60:   0%|          | 0/39 [00:00<?, ?it/s, loss=0.2280, rec=0.1727, t=0.9259]
Epoch 35/60:   0%|          | 0/39 [00:00<?, ?it/s, loss=0.2263, rec=0.1701, t=0.9259]
Epoch 35/60:   8%|▊         | 3/39 [00:00<00:01, 23.04it/s, loss=0.2263, rec=0.1701, t=0.9259]
Epoch 35/60:   8%|▊         | 3/39 [00:00<00:01, 23.04it/s, loss=0.2256, rec=0.1696, t=0.9258]
Epoch 35/60:   8%|▊         | 3/39 [00:00<00:01, 23.04it/s, loss=0.2249, rec=0.1692, t=0.9258]
Epoch 35/60:   8%|▊         | 3/39 [00:00<00:01, 23.04it/s, loss=0.2250, rec=0.1700, t=0.9257]
Epoch 35/60:  15%|█▌        | 6/39 [00:00<00:01, 25.40it/s, loss=0.2250, rec=0.1700, t=0.9257]
Epoch 35/60:  15%|█▌        | 6/39 [00:00<00:01, 25.40it/s, loss=0.2248, rec=0.1697, t=0.9257]
Epoch 35/60:  15%|█▌        | 6/39 [00:00<00:01, 25.40it/s, loss=0.2256, rec=0.1705, t=0.9256]
Epoch 35/60:  15%|█▌        | 6/39 [00:00<00:01, 25.40it/s, loss=0.2263, rec=0.1712, t=0.9255]
Epoch 35/60:  23%|██▎       | 9/39 [00:00<00:01, 26.47it/s, loss=0.2263, rec=0.1712, t=0.9255]
Epoch 35/60:  23%|██▎       | 9/39 [00:00<00:01, 26.47it/s, loss=0.2268, rec=0.1713, t=0.9255]
Epoch 35/60:  23%|██▎       | 9/39 [00:00<00:01, 26.47it/s, loss=0.2272, rec=0.1718, t=0.9254]
Epoch 35/60:  23%|██▎       | 9/39 [00:00<00:01, 26.47it/s, loss=0.2273, rec=0.1721, t=0.9254]
Epoch 35/60:  31%|███       | 12/39 [00:00<00:01, 26.42it/s, loss=0.2273, rec=0.1721, t=0.9254]
Epoch 35/60:  31%|███       | 12/39 [00:00<00:01, 26.42it/s, loss=0.2277, rec=0.1723, t=0.9253]
Epoch 35/60:  31%|███       | 12/39 [00:00<00:01, 26.42it/s, loss=0.2277, rec=0.1725, t=0.9253]
Epoch 35/60:  31%|███       | 12/39 [00:00<00:01, 26.42it/s, loss=0.2278, rec=0.1727, t=0.9252]
Epoch 35/60:  38%|███▊      | 15/39 [00:00<00:00, 26.58it/s, loss=0.2278, rec=0.1727, t=0.9252]
Epoch 35/60:  38%|███▊      | 15/39 [00:00<00:00, 26.58it/s, loss=0.2277, rec=0.1728, t=0.9252]
Epoch 35/60:  38%|███▊      | 15/39 [00:00<00:00, 26.58it/s, loss=0.2278, rec=0.1731, t=0.9251]
Epoch 35/60:  38%|███▊      | 15/39 [00:00<00:00, 26.58it/s, loss=0.2280, rec=0.1731, t=0.9251]
Epoch 35/60:  46%|████▌     | 18/39 [00:00<00:00, 26.50it/s, loss=0.2280, rec=0.1731, t=0.9251]
Epoch 35/60:  46%|████▌     | 18/39 [00:00<00:00, 26.50it/s, loss=0.2285, rec=0.1734, t=0.9250]
Epoch 35/60:  46%|████▌     | 18/39 [00:00<00:00, 26.50it/s, loss=0.2303, rec=0.1746, t=0.9250]
Epoch 35/60:  46%|████▌     | 18/39 [00:00<00:00, 26.50it/s, loss=0.2337, rec=0.1775, t=0.9249]
Epoch 35/60:  54%|█████▍    | 21/39 [00:00<00:00, 25.76it/s, loss=0.2337, rec=0.1775, t=0.9249]
Epoch 35/60:  54%|█████▍    | 21/39 [00:00<00:00, 25.76it/s, loss=0.2384, rec=0.1817, t=0.9248]
Epoch 35/60:  54%|█████▍    | 21/39 [00:00<00:00, 25.76it/s, loss=0.2401, rec=0.1832, t=0.9248]
Epoch 35/60:  54%|█████▍    | 21/39 [00:00<00:00, 25.76it/s, loss=0.2403, rec=0.1833, t=0.9247]
Epoch 35/60:  62%|██████▏   | 24/39 [00:00<00:00, 26.58it/s, loss=0.2403, rec=0.1833, t=0.9247]
Epoch 35/60:  62%|██████▏   | 24/39 [00:00<00:00, 26.58it/s, loss=0.2400, rec=0.1830, t=0.9247]
Epoch 35/60:  62%|██████▏   | 24/39 [00:00<00:00, 26.58it/s, loss=0.2397, rec=0.1828, t=0.9246]
Epoch 35/60:  62%|██████▏   | 24/39 [00:01<00:00, 26.58it/s, loss=0.2392, rec=0.1823, t=0.9246]
Epoch 35/60:  69%|██████▉   | 27/39 [00:01<00:00, 27.28it/s, loss=0.2392, rec=0.1823, t=0.9246]
Epoch 35/60:  69%|██████▉   | 27/39 [00:01<00:00, 27.28it/s, loss=0.2388, rec=0.1820, t=0.9245]
Epoch 35/60:  69%|██████▉   | 27/39 [00:01<00:00, 27.28it/s, loss=0.2386, rec=0.1818, t=0.9245]
Epoch 35/60:  69%|██████▉   | 27/39 [00:01<00:00, 27.28it/s, loss=0.2385, rec=0.1817, t=0.9244]
Epoch 35/60:  77%|███████▋  | 30/39 [00:01<00:00, 27.42it/s, loss=0.2385, rec=0.1817, t=0.9244]
Epoch 35/60:  77%|███████▋  | 30/39 [00:01<00:00, 27.42it/s, loss=0.2384, rec=0.1816, t=0.9244]
Epoch 35/60:  77%|███████▋  | 30/39 [00:01<00:00, 27.42it/s, loss=0.2384, rec=0.1816, t=0.9243]
Epoch 35/60:  77%|███████▋  | 30/39 [00:01<00:00, 27.42it/s, loss=0.2387, rec=0.1817, t=0.9243]
Epoch 35/60:  85%|████████▍ | 33/39 [00:01<00:00, 27.15it/s, loss=0.2387, rec=0.1817, t=0.9243]
Epoch 35/60:  85%|████████▍ | 33/39 [00:01<00:00, 27.15it/s, loss=0.2388, rec=0.1818, t=0.9242]
Epoch 35/60:  85%|████████▍ | 33/39 [00:01<00:00, 27.15it/s, loss=0.2388, rec=0.1817, t=0.9242]
Epoch 35/60:  85%|████████▍ | 33/39 [00:01<00:00, 27.15it/s, loss=0.2388, rec=0.1817, t=0.9241]
Epoch 35/60:  92%|█████████▏| 36/39 [00:01<00:00, 27.03it/s, loss=0.2388, rec=0.1817, t=0.9241]
Epoch 35/60:  92%|█████████▏| 36/39 [00:01<00:00, 27.03it/s, loss=0.2386, rec=0.1815, t=0.9240]
Epoch 35/60:  92%|█████████▏| 36/39 [00:01<00:00, 27.03it/s, loss=0.2385, rec=0.1814, t=0.9240]
Epoch 35/60:  92%|█████████▏| 36/39 [00:01<00:00, 27.03it/s, loss=0.2385, rec=0.1813, t=0.9239]
                                                                                               
[Epoch   35/60] loss=0.238508 | rec=0.181316 | cb=0.122544 | com=0.122544 | uniq=0.286028 | rqvae=0.042890 | t=0.923936 | global_step=1365
[EventC2 epoch 35] churn=0.0925095680699836 | churn_art=0.09406448962826042 | step_vs_snapshot=0.9082558775287042 | q2_used(events/articles)=21/21 | dead=107 | same_event_c2=1.0 | c123_collision=0.7987 | max_c4=383 | cb_q1/q2/q3=0.05347/0.03951/0.02957 | com_q1/q2/q3=0.05347/0.03951/0.02957

Epoch 36/60:   0%|          | 0/39 [00:00<?, ?it/s, loss=0.2279, rec=0.1731, t=0.9239]
Epoch 36/60:   0%|          | 0/39 [00:00<?, ?it/s, loss=0.2264, rec=0.1730, t=0.9238]
Epoch 36/60:   0%|          | 0/39 [00:00<?, ?it/s, loss=0.2270, rec=0.1737, t=0.9238]
Epoch 36/60:   8%|▊         | 3/39 [00:00<00:01, 25.40it/s, loss=0.2270, rec=0.1737, t=0.9238]
Epoch 36/60:   8%|▊         | 3/39 [00:00<00:01, 25.40it/s, loss=0.2271, rec=0.1736, t=0.9237]
Epoch 36/60:   8%|▊         | 3/39 [00:00<00:01, 25.40it/s, loss=0.2276, rec=0.1739, t=0.9237]
Epoch 36/60:   8%|▊         | 3/39 [00:00<00:01, 25.40it/s, loss=0.2282, rec=0.1744, t=0.9236]
Epoch 36/60:   8%|▊         | 3/39 [00:00<00:01, 25.40it/s, loss=0.2281, rec=0.1742, t=0.9236]
Epoch 36/60:  18%|█▊        | 7/39 [00:00<00:01, 28.73it/s, loss=0.2281, rec=0.1742, t=0.9236]
Epoch 36/60:  18%|█▊        | 7/39 [00:00<00:01, 28.73it/s, loss=0.2280, rec=0.1739, t=0.9235]
Epoch 36/60:  18%|█▊        | 7/39 [00:00<00:01, 28.73it/s, loss=0.2285, rec=0.1743, t=0.9235]
Epoch 36/60:  18%|█▊        | 7/39 [00:00<00:01, 28.73it/s, loss=0.2286, rec=0.1743, t=0.9234]
Epoch 36/60:  26%|██▌       | 10/39 [00:00<00:01, 27.01it/s, loss=0.2286, rec=0.1743, t=0.9234]
Epoch 36/60:  26%|██▌       | 10/39 [00:00<00:01, 27.01it/s, loss=0.2288, rec=0.1745, t=0.9233]
Epoch 36/60:  26%|██▌       | 10/39 [00:00<00:01, 27.01it/s, loss=0.2286, rec=0.1743, t=0.9233]
Epoch 36/60:  26%|██▌       | 10/39 [00:00<00:01, 27.01it/s, loss=0.2286, rec=0.1742, t=0.9232]
Epoch 36/60:  33%|███▎      | 13/39 [00:00<00:00, 27.95it/s, loss=0.2286, rec=0.1742, t=0.9232]
Epoch 36/60:  33%|███▎      | 13/39 [00:00<00:00, 27.95it/s, loss=0.2284, rec=0.1740, t=0.9232]
Epoch 36/60:  33%|███▎      | 13/39 [00:00<00:00, 27.95it/s, loss=0.2282, rec=0.1739, t=0.9231]
Epoch 36/60:  33%|███▎      | 13/39 [00:00<00:00, 27.95it/s, loss=0.2283, rec=0.1739, t=0.9231]
Epoch 36/60:  33%|███▎      | 13/39 [00:00<00:00, 27.95it/s, loss=0.2285, rec=0.1741, t=0.9230]
Epoch 36/60:  44%|████▎     | 17/39 [00:00<00:00, 28.89it/s, loss=0.2285, rec=0.1741, t=0.9230]
Epoch 36/60:  44%|████▎     | 17/39 [00:00<00:00, 28.89it/s, loss=0.2283, rec=0.1738, t=0.9230]
Epoch 36/60:  44%|████▎     | 17/39 [00:00<00:00, 28.89it/s, loss=0.2284, rec=0.1738, t=0.9229]
Epoch 36/60:  44%|████▎     | 17/39 [00:00<00:00, 28.89it/s, loss=0.2285, rec=0.1737, t=0.9229]
Epoch 36/60:  44%|████▎     | 17/39 [00:00<00:00, 28.89it/s, loss=0.2285, rec=0.1737, t=0.9228]
Epoch 36/60:  54%|█████▍    | 21/39 [00:00<00:00, 29.34it/s, loss=0.2285, rec=0.1737, t=0.9228]
Epoch 36/60:  54%|█████▍    | 21/39 [00:00<00:00, 29.34it/s, loss=0.2284, rec=0.1733, t=0.9228]
Epoch 36/60:  54%|█████▍    | 21/39 [00:00<00:00, 29.34it/s, loss=0.2284, rec=0.1733, t=0.9227]
Epoch 36/60:  54%|█████▍    | 21/39 [00:00<00:00, 29.34it/s, loss=0.2285, rec=0.1733, t=0.9227]
Epoch 36/60:  62%|██████▏   | 24/39 [00:00<00:00, 29.39it/s, loss=0.2285, rec=0.1733, t=0.9227]
Epoch 36/60:  62%|██████▏   | 24/39 [00:00<00:00, 29.39it/s, loss=0.2286, rec=0.1733, t=0.9226]
Epoch 36/60:  62%|██████▏   | 24/39 [00:00<00:00, 29.39it/s, loss=0.2285, rec=0.1732, t=0.9225]
Epoch 36/60:  62%|██████▏   | 24/39 [00:00<00:00, 29.39it/s, loss=0.2286, rec=0.1731, t=0.9225]
Epoch 36/60:  69%|██████▉   | 27/39 [00:00<00:00, 27.45it/s, loss=0.2286, rec=0.1731, t=0.9225]
Epoch 36/60:  69%|██████▉   | 27/39 [00:01<00:00, 27.45it/s, loss=0.2286, rec=0.1731, t=0.9224]
Epoch 36/60:  69%|██████▉   | 27/39 [00:01<00:00, 27.45it/s, loss=0.2286, rec=0.1730, t=0.9224]
Epoch 36/60:  69%|██████▉   | 27/39 [00:01<00:00, 27.45it/s, loss=0.2285, rec=0.1728, t=0.9223]
Epoch 36/60:  77%|███████▋  | 30/39 [00:01<00:00, 25.79it/s, loss=0.2285, rec=0.1728, t=0.9223]
Epoch 36/60:  77%|███████▋  | 30/39 [00:01<00:00, 25.79it/s, loss=0.2287, rec=0.1728, t=0.9223]
Epoch 36/60:  77%|███████▋  | 30/39 [00:01<00:00, 25.79it/s, loss=0.2287, rec=0.1728, t=0.9222]
Epoch 36/60:  77%|███████▋  | 30/39 [00:01<00:00, 25.79it/s, loss=0.2286, rec=0.1726, t=0.9222]
Epoch 36/60:  85%|████████▍ | 33/39 [00:01<00:00, 25.95it/s, loss=0.2286, rec=0.1726, t=0.9222]
Epoch 36/60:  85%|████████▍ | 33/39 [00:01<00:00, 25.95it/s, loss=0.2286, rec=0.1725, t=0.9221]
Epoch 36/60:  85%|████████▍ | 33/39 [00:01<00:00, 25.95it/s, loss=0.2285, rec=0.1725, t=0.9221]
Epoch 36/60:  85%|████████▍ | 33/39 [00:01<00:00, 25.95it/s, loss=0.2284, rec=0.1725, t=0.9220]
Epoch 36/60:  92%|█████████▏| 36/39 [00:01<00:00, 26.59it/s, loss=0.2284, rec=0.1725, t=0.9220]
Epoch 36/60:  92%|█████████▏| 36/39 [00:01<00:00, 26.59it/s, loss=0.2283, rec=0.1723, t=0.9220]
Epoch 36/60:  92%|█████████▏| 36/39 [00:01<00:00, 26.59it/s, loss=0.2283, rec=0.1724, t=0.9219]
Epoch 36/60:  92%|█████████▏| 36/39 [00:01<00:00, 26.59it/s, loss=0.2283, rec=0.1724, t=0.9218]
                                                                                               
[Epoch   36/60] loss=0.228311 | rec=0.172358 | cb=0.120770 | com=0.120770 | uniq=0.273668 | rqvae=0.042269 | t=0.921849 | global_step=1404
[EventC2 epoch 36] churn=0.12717331875341717 | churn_art=0.12425549394126104 | step_vs_snapshot=0.9130672498633133 | q2_used(events/articles)=20/20 | dead=108 | same_event_c2=1.0 | c123_collision=0.7792 | max_c4=367 | cb_q1/q2/q3=0.05355/0.03865/0.02857 | com_q1/q2/q3=0.05355/0.03865/0.02857

Epoch 37/60:   0%|          | 0/39 [00:00<?, ?it/s, loss=0.2308, rec=0.1710, t=0.9218]
Epoch 37/60:   0%|          | 0/39 [00:00<?, ?it/s, loss=0.2280, rec=0.1700, t=0.9217]
Epoch 37/60:   5%|▌         | 2/39 [00:00<00:02, 15.17it/s, loss=0.2280, rec=0.1700, t=0.9217]
Epoch 37/60:   5%|▌         | 2/39 [00:00<00:02, 15.17it/s, loss=0.2263, rec=0.1694, t=0.9217]
Epoch 37/60:   5%|▌         | 2/39 [00:00<00:02, 15.17it/s, loss=0.2252, rec=0.1680, t=0.9216]
Epoch 37/60:   5%|▌         | 2/39 [00:00<00:02, 15.17it/s, loss=0.2254, rec=0.1682, t=0.9216]
Epoch 37/60:  13%|█▎        | 5/39 [00:00<00:01, 20.03it/s, loss=0.2254, rec=0.1682, t=0.9216]
Epoch 37/60:  13%|█▎        | 5/39 [00:00<00:01, 20.03it/s, loss=0.2254, rec=0.1687, t=0.9215]
Epoch 37/60:  13%|█▎        | 5/39 [00:00<00:01, 20.03it/s, loss=0.2255, rec=0.1688, t=0.9215]
Epoch 37/60:  13%|█▎        | 5/39 [00:00<00:01, 20.03it/s, loss=0.2251, rec=0.1685, t=0.9214]
Epoch 37/60:  21%|██        | 8/39 [00:00<00:01, 20.21it/s, loss=0.2251, rec=0.1685, t=0.9214]
Epoch 37/60:  21%|██        | 8/39 [00:00<00:01, 20.21it/s, loss=0.2253, rec=0.1685, t=0.9214]
Epoch 37/60:  21%|██        | 8/39 [00:00<00:01, 20.21it/s, loss=0.2256, rec=0.1685, t=0.9213]
Epoch 37/60:  21%|██        | 8/39 [00:00<00:01, 20.21it/s, loss=0.2257, rec=0.1687, t=0.9213]
Epoch 37/60:  28%|██▊       | 11/39 [00:00<00:01, 22.18it/s, loss=0.2257, rec=0.1687, t=0.9213]
Epoch 37/60:  28%|██▊       | 11/39 [00:00<00:01, 22.18it/s, loss=0.2259, rec=0.1689, t=0.9212]
Epoch 37/60:  28%|██▊       | 11/39 [00:00<00:01, 22.18it/s, loss=0.2261, rec=0.1691, t=0.9212]
Epoch 37/60:  28%|██▊       | 11/39 [00:00<00:01, 22.18it/s, loss=0.2261, rec=0.1691, t=0.9211]
Epoch 37/60:  36%|███▌      | 14/39 [00:00<00:01, 24.38it/s, loss=0.2261, rec=0.1691, t=0.9211]
Epoch 37/60:  36%|███▌      | 14/39 [00:00<00:01, 24.38it/s, loss=0.2260, rec=0.1691, t=0.9210]
Epoch 37/60:  36%|███▌      | 14/39 [00:00<00:01, 24.38it/s, loss=0.2259, rec=0.1690, t=0.9210]
Epoch 37/60:  36%|███▌      | 14/39 [00:00<00:01, 24.38it/s, loss=0.2262, rec=0.1692, t=0.9209]
Epoch 37/60:  44%|████▎     | 17/39 [00:00<00:00, 24.73it/s, loss=0.2262, rec=0.1692, t=0.9209]
Epoch 37/60:  44%|████▎     | 17/39 [00:00<00:00, 24.73it/s, loss=0.2261, rec=0.1692, t=0.9209]
Epoch 37/60:  44%|████▎     | 17/39 [00:00<00:00, 24.73it/s, loss=0.2260, rec=0.1692, t=0.9208]
Epoch 37/60:  44%|████▎     | 17/39 [00:00<00:00, 24.73it/s, loss=0.2259, rec=0.1691, t=0.9208]
Epoch 37/60:  51%|█████▏    | 20/39 [00:00<00:00, 23.28it/s, loss=0.2259, rec=0.1691, t=0.9208]
Epoch 37/60:  51%|█████▏    | 20/39 [00:00<00:00, 23.28it/s, loss=0.2260, rec=0.1692, t=0.9207]
Epoch 37/60:  51%|█████▏    | 20/39 [00:00<00:00, 23.28it/s, loss=0.2257, rec=0.1690, t=0.9207]
Epoch 37/60:  51%|█████▏    | 20/39 [00:00<00:00, 23.28it/s, loss=0.2257, rec=0.1690, t=0.9206]
Epoch 37/60:  59%|█████▉    | 23/39 [00:00<00:00, 24.46it/s, loss=0.2257, rec=0.1690, t=0.9206]
Epoch 37/60:  59%|█████▉    | 23/39 [00:01<00:00, 24.46it/s, loss=0.2257, rec=0.1691, t=0.9206]
Epoch 37/60:  59%|█████▉    | 23/39 [00:01<00:00, 24.46it/s, loss=0.2258, rec=0.1691, t=0.9205]
Epoch 37/60:  59%|█████▉    | 23/39 [00:01<00:00, 24.46it/s, loss=0.2256, rec=0.1690, t=0.9205]
Epoch 37/60:  67%|██████▋   | 26/39 [00:01<00:00, 25.76it/s, loss=0.2256, rec=0.1690, t=0.9205]
Epoch 37/60:  67%|██████▋   | 26/39 [00:01<00:00, 25.76it/s, loss=0.2256, rec=0.1691, t=0.9204]
Epoch 37/60:  67%|██████▋   | 26/39 [00:01<00:00, 25.76it/s, loss=0.2255, rec=0.1690, t=0.9204]
Epoch 37/60:  67%|██████▋   | 26/39 [00:01<00:00, 25.76it/s, loss=0.2255, rec=0.1689, t=0.9203]
Epoch 37/60:  74%|███████▍  | 29/39 [00:01<00:00, 26.71it/s, loss=0.2255, rec=0.1689, t=0.9203]
Epoch 37/60:  74%|███████▍  | 29/39 [00:01<00:00, 26.71it/s, loss=0.2255, rec=0.1690, t=0.9202]
Epoch 37/60:  74%|███████▍  | 29/39 [00:01<00:00, 26.71it/s, loss=0.2256, rec=0.1690, t=0.9202]
Epoch 37/60:  74%|███████▍  | 29/39 [00:01<00:00, 26.71it/s, loss=0.2256, rec=0.1689, t=0.9201]
Epoch 37/60:  82%|████████▏ | 32/39 [00:01<00:00, 27.48it/s, loss=0.2256, rec=0.1689, t=0.9201]
Epoch 37/60:  82%|████████▏ | 32/39 [00:01<00:00, 27.48it/s, loss=0.2257, rec=0.1690, t=0.9201]
Epoch 37/60:  82%|████████▏ | 32/39 [00:01<00:00, 27.48it/s, loss=0.2258, rec=0.1691, t=0.9200]
Epoch 37/60:  82%|████████▏ | 32/39 [00:01<00:00, 27.48it/s, loss=0.2258, rec=0.1691, t=0.9200]
Epoch 37/60:  90%|████████▉ | 35/39 [00:01<00:00, 27.98it/s, loss=0.2258, rec=0.1691, t=0.9200]
Epoch 37/60:  90%|████████▉ | 35/39 [00:01<00:00, 27.98it/s, loss=0.2260, rec=0.1691, t=0.9199]
Epoch 37/60:  90%|████████▉ | 35/39 [00:01<00:00, 27.98it/s, loss=0.2261, rec=0.1692, t=0.9199]
Epoch 37/60:  90%|████████▉ | 35/39 [00:01<00:00, 27.98it/s, loss=0.2260, rec=0.1691, t=0.9198]
Epoch 37/60:  90%|████████▉ | 35/39 [00:01<00:00, 27.98it/s, loss=0.2260, rec=0.1691, t=0.9198]
Epoch 37/60: 100%|██████████| 39/39 [00:01<00:00, 31.32it/s, loss=0.2260, rec=0.1691, t=0.9198]
                                                                                               
[Epoch   37/60] loss=0.226037 | rec=0.169106 | cb=0.125111 | com=0.125111 | uniq=0.262846 | rqvae=0.043789 | t=0.919766 | global_step=1443
[EventC2 epoch 37] churn=0.09775833788955714 | churn_art=0.10012322858903265 | step_vs_snapshot=0.9319846910880263 | q2_used(events/articles)=20/20 | dead=108 | same_event_c2=1.0 | c123_collision=0.7791 | max_c4=335 | cb_q1/q2/q3=0.05645/0.04010/0.02856 | com_q1/q2/q3=0.05645/0.04010/0.02856

Epoch 38/60:   0%|          | 0/39 [00:00<?, ?it/s, loss=0.2292, rec=0.1690, t=0.9197]
Epoch 38/60:   0%|          | 0/39 [00:00<?, ?it/s, loss=0.2276, rec=0.1689, t=0.9197]
Epoch 38/60:   0%|          | 0/39 [00:00<?, ?it/s, loss=0.2270, rec=0.1687, t=0.9196]
Epoch 38/60:   8%|▊         | 3/39 [00:00<00:01, 27.70it/s, loss=0.2270, rec=0.1687, t=0.9196]
Epoch 38/60:   8%|▊         | 3/39 [00:00<00:01, 27.70it/s, loss=0.2269, rec=0.1682, t=0.9196]
Epoch 38/60:   8%|▊         | 3/39 [00:00<00:01, 27.70it/s, loss=0.2267, rec=0.1673, t=0.9195]
Epoch 38/60:   8%|▊         | 3/39 [00:00<00:01, 27.70it/s, loss=0.2269, rec=0.1679, t=0.9194]
Epoch 38/60:   8%|▊         | 3/39 [00:00<00:01, 27.70it/s, loss=0.2265, rec=0.1679, t=0.9194]
Epoch 38/60:  18%|█▊        | 7/39 [00:00<00:01, 29.50it/s, loss=0.2265, rec=0.1679, t=0.9194]
Epoch 38/60:  18%|█▊        | 7/39 [00:00<00:01, 29.50it/s, loss=0.2269, rec=0.1685, t=0.9193]
Epoch 38/60:  18%|█▊        | 7/39 [00:00<00:01, 29.50it/s, loss=0.2267, rec=0.1684, t=0.9193]
Epoch 38/60:  18%|█▊        | 7/39 [00:00<00:01, 29.50it/s, loss=0.2268, rec=0.1686, t=0.9192]
Epoch 38/60:  26%|██▌       | 10/39 [00:00<00:01, 28.84it/s, loss=0.2268, rec=0.1686, t=0.9192]
Epoch 38/60:  26%|██▌       | 10/39 [00:00<00:01, 28.84it/s, loss=0.2269, rec=0.1687, t=0.9192]
Epoch 38/60:  26%|██▌       | 10/39 [00:00<00:01, 28.84it/s, loss=0.2270, rec=0.1686, t=0.9191]
Epoch 38/60:  26%|██▌       | 10/39 [00:00<00:01, 28.84it/s, loss=0.2268, rec=0.1687, t=0.9191]
Epoch 38/60:  33%|███▎      | 13/39 [00:00<00:00, 26.62it/s, loss=0.2268, rec=0.1687, t=0.9191]
Epoch 38/60:  33%|███▎      | 13/39 [00:00<00:00, 26.62it/s, loss=0.2270, rec=0.1689, t=0.9190]
Epoch 38/60:  33%|███▎      | 13/39 [00:00<00:00, 26.62it/s, loss=0.2271, rec=0.1690, t=0.9190]
Epoch 38/60:  33%|███▎      | 13/39 [00:00<00:00, 26.62it/s, loss=0.2271, rec=0.1688, t=0.9189]
Epoch 38/60:  41%|████      | 16/39 [00:00<00:00, 26.89it/s, loss=0.2271, rec=0.1688, t=0.9189]
Epoch 38/60:  41%|████      | 16/39 [00:00<00:00, 26.89it/s, loss=0.2272, rec=0.1690, t=0.9189]
Epoch 38/60:  41%|████      | 16/39 [00:00<00:00, 26.89it/s, loss=0.2271, rec=0.1688, t=0.9188]
Epoch 38/60:  41%|████      | 16/39 [00:00<00:00, 26.89it/s, loss=0.2270, rec=0.1686, t=0.9188]
Epoch 38/60:  49%|████▊     | 19/39 [00:00<00:00, 27.53it/s, loss=0.2270, rec=0.1686, t=0.9188]
Epoch 38/60:  49%|████▊     | 19/39 [00:00<00:00, 27.53it/s, loss=0.2273, rec=0.1687, t=0.9187]
Epoch 38/60:  49%|████▊     | 19/39 [00:00<00:00, 27.53it/s, loss=0.2275, rec=0.1688, t=0.9186]
Epoch 38/60:  49%|████▊     | 19/39 [00:00<00:00, 27.53it/s, loss=0.2279, rec=0.1690, t=0.9186]
Epoch 38/60:  56%|█████▋    | 22/39 [00:00<00:00, 24.07it/s, loss=0.2279, rec=0.1690, t=0.9186]
Epoch 38/60:  56%|█████▋    | 22/39 [00:00<00:00, 24.07it/s, loss=0.2282, rec=0.1691, t=0.9185]
Epoch 38/60:  56%|█████▋    | 22/39 [00:00<00:00, 24.07it/s, loss=0.2281, rec=0.1691, t=0.9185]
Epoch 38/60:  56%|█████▋    | 22/39 [00:00<00:00, 24.07it/s, loss=0.2282, rec=0.1691, t=0.9184]
Epoch 38/60:  64%|██████▍   | 25/39 [00:00<00:00, 23.51it/s, loss=0.2282, rec=0.1691, t=0.9184]
Epoch 38/60:  64%|██████▍   | 25/39 [00:01<00:00, 23.51it/s, loss=0.2281, rec=0.1690, t=0.9184]
Epoch 38/60:  64%|██████▍   | 25/39 [00:01<00:00, 23.51it/s, loss=0.2281, rec=0.1692, t=0.9183]
Epoch 38/60:  64%|██████▍   | 25/39 [00:01<00:00, 23.51it/s, loss=0.2281, rec=0.1692, t=0.9183]
Epoch 38/60:  72%|███████▏  | 28/39 [00:01<00:00, 23.95it/s, loss=0.2281, rec=0.1692, t=0.9183]
Epoch 38/60:  72%|███████▏  | 28/39 [00:01<00:00, 23.95it/s, loss=0.2282, rec=0.1692, t=0.9182]
Epoch 38/60:  72%|███████▏  | 28/39 [00:01<00:00, 23.95it/s, loss=0.2282, rec=0.1693, t=0.9182]
Epoch 38/60:  72%|███████▏  | 28/39 [00:01<00:00, 23.95it/s, loss=0.2285, rec=0.1695, t=0.9181]
Epoch 38/60:  79%|███████▉  | 31/39 [00:01<00:00, 24.87it/s, loss=0.2285, rec=0.1695, t=0.9181]
Epoch 38/60:  79%|███████▉  | 31/39 [00:01<00:00, 24.87it/s, loss=0.2289, rec=0.1697, t=0.9181]
Epoch 38/60:  79%|███████▉  | 31/39 [00:01<00:00, 24.87it/s, loss=0.2292, rec=0.1700, t=0.9180]
Epoch 38/60:  79%|███████▉  | 31/39 [00:01<00:00, 24.87it/s, loss=0.2298, rec=0.1704, t=0.9180]
Epoch 38/60:  87%|████████▋ | 34/39 [00:01<00:00, 25.26it/s, loss=0.2298, rec=0.1704, t=0.9180]
Epoch 38/60:  87%|████████▋ | 34/39 [00:01<00:00, 25.26it/s, loss=0.2302, rec=0.1708, t=0.9179]
Epoch 38/60:  87%|████████▋ | 34/39 [00:01<00:00, 25.26it/s, loss=0.2305, rec=0.1711, t=0.9178]
Epoch 38/60:  87%|████████▋ | 34/39 [00:01<00:00, 25.26it/s, loss=0.2307, rec=0.1713, t=0.9178]
Epoch 38/60:  95%|█████████▍| 37/39 [00:01<00:00, 24.89it/s, loss=0.2307, rec=0.1713, t=0.9178]
Epoch 38/60:  95%|█████████▍| 37/39 [00:01<00:00, 24.89it/s, loss=0.2308, rec=0.1715, t=0.9177]
Epoch 38/60:  95%|█████████▍| 37/39 [00:01<00:00, 24.89it/s, loss=0.2308, rec=0.1715, t=0.9177]
                                                                                               
[Epoch   38/60] loss=0.230822 | rec=0.171499 | cb=0.136026 | com=0.136026 | uniq=0.234266 | rqvae=0.047609 | t=0.917688 | global_step=1482
[EventC2 epoch 38] churn=0.12465828321487152 | churn_art=0.12209899363318957 | step_vs_snapshot=0.8899945325314379 | q2_used(events/articles)=24/24 | dead=104 | same_event_c2=1.0 | c123_collision=0.7764 | max_c4=317 | cb_q1/q2/q3=0.06040/0.04368/0.03195 | com_q1/q2/q3=0.06040/0.04368/0.03195

Epoch 39/60:   0%|          | 0/39 [00:00<?, ?it/s, loss=0.2371, rec=0.1788, t=0.9176]
Epoch 39/60:   0%|          | 0/39 [00:00<?, ?it/s, loss=0.2368, rec=0.1767, t=0.9176]
Epoch 39/60:   0%|          | 0/39 [00:00<?, ?it/s, loss=0.2392, rec=0.1767, t=0.9175]
Epoch 39/60:   8%|▊         | 3/39 [00:00<00:01, 25.29it/s, loss=0.2392, rec=0.1767, t=0.9175]
Epoch 39/60:   8%|▊         | 3/39 [00:00<00:01, 25.29it/s, loss=0.2482, rec=0.1835, t=0.9175]
Epoch 39/60:   8%|▊         | 3/39 [00:00<00:01, 25.29it/s, loss=0.2682, rec=0.2009, t=0.9174]
Epoch 39/60:   8%|▊         | 3/39 [00:00<00:01, 25.29it/s, loss=0.2836, rec=0.2156, t=0.9174]
Epoch 39/60:   8%|▊         | 3/39 [00:00<00:01, 25.29it/s, loss=0.2840, rec=0.2160, t=0.9173]
Epoch 39/60:  18%|█▊        | 7/39 [00:00<00:01, 29.02it/s, loss=0.2840, rec=0.2160, t=0.9173]
Epoch 39/60:  18%|█▊        | 7/39 [00:00<00:01, 29.02it/s, loss=0.2787, rec=0.2113, t=0.9173]
Epoch 39/60:  18%|█▊        | 7/39 [00:00<00:01, 29.02it/s, loss=0.2740, rec=0.2074, t=0.9172]
Epoch 39/60:  18%|█▊        | 7/39 [00:00<00:01, 29.02it/s, loss=0.2709, rec=0.2049, t=0.9172]
Epoch 39/60:  18%|█▊        | 7/39 [00:00<00:01, 29.02it/s, loss=0.2683, rec=0.2026, t=0.9171]
Epoch 39/60:  28%|██▊       | 11/39 [00:00<00:00, 29.96it/s, loss=0.2683, rec=0.2026, t=0.9171]
Epoch 39/60:  28%|██▊       | 11/39 [00:00<00:00, 29.96it/s, loss=0.2661, rec=0.2008, t=0.9170]
Epoch 39/60:  28%|██▊       | 11/39 [00:00<00:00, 29.96it/s, loss=0.2640, rec=0.1990, t=0.9170]
Epoch 39/60:  28%|██▊       | 11/39 [00:00<00:00, 29.96it/s, loss=0.2623, rec=0.1975, t=0.9169]
Epoch 39/60:  36%|███▌      | 14/39 [00:00<00:00, 29.64it/s, loss=0.2623, rec=0.1975, t=0.9169]
Epoch 39/60:  36%|███▌      | 14/39 [00:00<00:00, 29.64it/s, loss=0.2612, rec=0.1962, t=0.9169]
Epoch 39/60:  36%|███▌      | 14/39 [00:00<00:00, 29.64it/s, loss=0.2616, rec=0.1964, t=0.9168]
Epoch 39/60:  36%|███▌      | 14/39 [00:00<00:00, 29.64it/s, loss=0.2632, rec=0.1974, t=0.9168]
Epoch 39/60:  44%|████▎     | 17/39 [00:00<00:00, 29.07it/s, loss=0.2632, rec=0.1974, t=0.9168]
Epoch 39/60:  44%|████▎     | 17/39 [00:00<00:00, 29.07it/s, loss=0.2646, rec=0.1985, t=0.9167]
Epoch 39/60:  44%|████▎     | 17/39 [00:00<00:00, 29.07it/s, loss=0.2640, rec=0.1979, t=0.9167]
Epoch 39/60:  44%|████▎     | 17/39 [00:00<00:00, 29.07it/s, loss=0.2625, rec=0.1965, t=0.9166]
Epoch 39/60:  51%|█████▏    | 20/39 [00:00<00:00, 28.11it/s, loss=0.2625, rec=0.1965, t=0.9166]
Epoch 39/60:  51%|█████▏    | 20/39 [00:00<00:00, 28.11it/s, loss=0.2614, rec=0.1956, t=0.9166]
Epoch 39/60:  51%|█████▏    | 20/39 [00:00<00:00, 28.11it/s, loss=0.2600, rec=0.1945, t=0.9165]
Epoch 39/60:  51%|█████▏    | 20/39 [00:00<00:00, 28.11it/s, loss=0.2588, rec=0.1935, t=0.9165]
Epoch 39/60:  59%|█████▉    | 23/39 [00:00<00:00, 27.79it/s, loss=0.2588, rec=0.1935, t=0.9165]
Epoch 39/60:  59%|█████▉    | 23/39 [00:00<00:00, 27.79it/s, loss=0.2576, rec=0.1925, t=0.9164]
Epoch 39/60:  59%|█████▉    | 23/39 [00:00<00:00, 27.79it/s, loss=0.2566, rec=0.1917, t=0.9164]
Epoch 39/60:  59%|█████▉    | 23/39 [00:00<00:00, 27.79it/s, loss=0.2558, rec=0.1911, t=0.9163]
Epoch 39/60:  67%|██████▋   | 26/39 [00:00<00:00, 26.43it/s, loss=0.2558, rec=0.1911, t=0.9163]
Epoch 39/60:  67%|██████▋   | 26/39 [00:00<00:00, 26.43it/s, loss=0.2549, rec=0.1904, t=0.9163]
Epoch 39/60:  67%|██████▋   | 26/39 [00:01<00:00, 26.43it/s, loss=0.2540, rec=0.1897, t=0.9162]
Epoch 39/60:  67%|██████▋   | 26/39 [00:01<00:00, 26.43it/s, loss=0.2533, rec=0.1891, t=0.9161]
Epoch 39/60:  74%|███████▍  | 29/39 [00:01<00:00, 25.98it/s, loss=0.2533, rec=0.1891, t=0.9161]
Epoch 39/60:  74%|███████▍  | 29/39 [00:01<00:00, 25.98it/s, loss=0.2526, rec=0.1886, t=0.9161]
Epoch 39/60:  74%|███████▍  | 29/39 [00:01<00:00, 25.98it/s, loss=0.2519, rec=0.1880, t=0.9160]
Epoch 39/60:  74%|███████▍  | 29/39 [00:01<00:00, 25.98it/s, loss=0.2512, rec=0.1874, t=0.9160]
Epoch 39/60:  82%|████████▏ | 32/39 [00:01<00:00, 26.49it/s, loss=0.2512, rec=0.1874, t=0.9160]
Epoch 39/60:  82%|████████▏ | 32/39 [00:01<00:00, 26.49it/s, loss=0.2507, rec=0.1869, t=0.9159]
Epoch 39/60:  82%|████████▏ | 32/39 [00:01<00:00, 26.49it/s, loss=0.2501, rec=0.1865, t=0.9159]
Epoch 39/60:  82%|████████▏ | 32/39 [00:01<00:00, 26.49it/s, loss=0.2497, rec=0.1862, t=0.9158]
Epoch 39/60:  90%|████████▉ | 35/39 [00:01<00:00, 27.11it/s, loss=0.2497, rec=0.1862, t=0.9158]
Epoch 39/60:  90%|████████▉ | 35/39 [00:01<00:00, 27.11it/s, loss=0.2491, rec=0.1858, t=0.9158]
Epoch 39/60:  90%|████████▉ | 35/39 [00:01<00:00, 27.11it/s, loss=0.2486, rec=0.1854, t=0.9157]
Epoch 39/60:  90%|████████▉ | 35/39 [00:01<00:00, 27.11it/s, loss=0.2482, rec=0.1850, t=0.9157]
Epoch 39/60:  90%|████████▉ | 35/39 [00:01<00:00, 27.11it/s, loss=0.2482, rec=0.1849, t=0.9156]
Epoch 39/60: 100%|██████████| 39/39 [00:01<00:00, 30.18it/s, loss=0.2482, rec=0.1849, t=0.9156]
                                                                                               
[Epoch   39/60] loss=0.248200 | rec=0.184946 | cb=0.140860 | com=0.140860 | uniq=0.279059 | rqvae=0.049301 | t=0.915614 | global_step=1521
[EventC2 epoch 39] churn=0.12104975396391471 | churn_art=0.12168823166974738 | step_vs_snapshot=0.9045379989065063 | q2_used(events/articles)=25/25 | dead=103 | same_event_c2=1.0 | c123_collision=0.7700 | max_c4=253 | cb_q1/q2/q3=0.06142/0.04511/0.03433 | com_q1/q2/q3=0.06142/0.04511/0.03433

Epoch 40/60:   0%|          | 0/39 [00:00<?, ?it/s, loss=0.2291, rec=0.1698, t=0.9156]
Epoch 40/60:   0%|          | 0/39 [00:00<?, ?it/s, loss=0.2294, rec=0.1702, t=0.9155]
Epoch 40/60:   5%|▌         | 2/39 [00:00<00:01, 19.94it/s, loss=0.2294, rec=0.1702, t=0.9155]
Epoch 40/60:   5%|▌         | 2/39 [00:00<00:01, 19.94it/s, loss=0.2292, rec=0.1698, t=0.9155]
Epoch 40/60:   5%|▌         | 2/39 [00:00<00:01, 19.94it/s, loss=0.2297, rec=0.1704, t=0.9154]
Epoch 40/60:   5%|▌         | 2/39 [00:00<00:01, 19.94it/s, loss=0.2308, rec=0.1711, t=0.9153]
Epoch 40/60:  13%|█▎        | 5/39 [00:00<00:01, 24.51it/s, loss=0.2308, rec=0.1711, t=0.9153]
Epoch 40/60:  13%|█▎        | 5/39 [00:00<00:01, 24.51it/s, loss=0.2305, rec=0.1710, t=0.9153]
Epoch 40/60:  13%|█▎        | 5/39 [00:00<00:01, 24.51it/s, loss=0.2309, rec=0.1708, t=0.9152]
Epoch 40/60:  13%|█▎        | 5/39 [00:00<00:01, 24.51it/s, loss=0.2307, rec=0.1704, t=0.9152]
Epoch 40/60:  21%|██        | 8/39 [00:00<00:01, 25.80it/s, loss=0.2307, rec=0.1704, t=0.9152]
Epoch 40/60:  21%|██        | 8/39 [00:00<00:01, 25.80it/s, loss=0.2309, rec=0.1705, t=0.9151]
Epoch 40/60:  21%|██        | 8/39 [00:00<00:01, 25.80it/s, loss=0.2310, rec=0.1705, t=0.9151]
Epoch 40/60:  21%|██        | 8/39 [00:00<00:01, 25.80it/s, loss=0.2311, rec=0.1706, t=0.9150]
Epoch 40/60:  28%|██▊       | 11/39 [00:00<00:01, 25.75it/s, loss=0.2311, rec=0.1706, t=0.9150]
Epoch 40/60:  28%|██▊       | 11/39 [00:00<00:01, 25.75it/s, loss=0.2313, rec=0.1707, t=0.9150]
Epoch 40/60:  28%|██▊       | 11/39 [00:00<00:01, 25.75it/s, loss=0.2314, rec=0.1703, t=0.9149]
Epoch 40/60:  28%|██▊       | 11/39 [00:00<00:01, 25.75it/s, loss=0.2315, rec=0.1701, t=0.9149]
Epoch 40/60:  36%|███▌      | 14/39 [00:00<00:00, 26.23it/s, loss=0.2315, rec=0.1701, t=0.9149]
Epoch 40/60:  36%|███▌      | 14/39 [00:00<00:00, 26.23it/s, loss=0.2316, rec=0.1702, t=0.9148]
Epoch 40/60:  36%|███▌      | 14/39 [00:00<00:00, 26.23it/s, loss=0.2319, rec=0.1704, t=0.9148]
Epoch 40/60:  36%|███▌      | 14/39 [00:00<00:00, 26.23it/s, loss=0.2321, rec=0.1704, t=0.9147]
Epoch 40/60:  44%|████▎     | 17/39 [00:00<00:00, 26.53it/s, loss=0.2321, rec=0.1704, t=0.9147]
Epoch 40/60:  44%|████▎     | 17/39 [00:00<00:00, 26.53it/s, loss=0.2321, rec=0.1703, t=0.9147]
Epoch 40/60:  44%|████▎     | 17/39 [00:00<00:00, 26.53it/s, loss=0.2320, rec=0.1702, t=0.9146]
Epoch 40/60:  44%|████▎     | 17/39 [00:00<00:00, 26.53it/s, loss=0.2321, rec=0.1703, t=0.9146]
Epoch 40/60:  51%|█████▏    | 20/39 [00:00<00:00, 26.55it/s, loss=0.2321, rec=0.1703, t=0.9146]
Epoch 40/60:  51%|█████▏    | 20/39 [00:00<00:00, 26.55it/s, loss=0.2322, rec=0.1704, t=0.9145]
Epoch 40/60:  51%|█████▏    | 20/39 [00:00<00:00, 26.55it/s, loss=0.2321, rec=0.1703, t=0.9144]
Epoch 40/60:  51%|█████▏    | 20/39 [00:00<00:00, 26.55it/s, loss=0.2320, rec=0.1702, t=0.9144]
Epoch 40/60:  59%|█████▉    | 23/39 [00:00<00:00, 26.70it/s, loss=0.2320, rec=0.1702, t=0.9144]
Epoch 40/60:  59%|█████▉    | 23/39 [00:00<00:00, 26.70it/s, loss=0.2322, rec=0.1704, t=0.9143]
Epoch 40/60:  59%|█████▉    | 23/39 [00:00<00:00, 26.70it/s, loss=0.2322, rec=0.1703, t=0.9143]
Epoch 40/60:  59%|█████▉    | 23/39 [00:00<00:00, 26.70it/s, loss=0.2321, rec=0.1702, t=0.9142]
Epoch 40/60:  67%|██████▋   | 26/39 [00:00<00:00, 26.56it/s, loss=0.2321, rec=0.1702, t=0.9142]
Epoch 40/60:  67%|██████▋   | 26/39 [00:01<00:00, 26.56it/s, loss=0.2321, rec=0.1701, t=0.9142]
Epoch 40/60:  67%|██████▋   | 26/39 [00:01<00:00, 26.56it/s, loss=0.2320, rec=0.1701, t=0.9141]
Epoch 40/60:  67%|██████▋   | 26/39 [00:01<00:00, 26.56it/s, loss=0.2320, rec=0.1701, t=0.9141]
Epoch 40/60:  74%|███████▍  | 29/39 [00:01<00:00, 26.83it/s, loss=0.2320, rec=0.1701, t=0.9141]
Epoch 40/60:  74%|███████▍  | 29/39 [00:01<00:00, 26.83it/s, loss=0.2321, rec=0.1701, t=0.9140]
Epoch 40/60:  74%|███████▍  | 29/39 [00:01<00:00, 26.83it/s, loss=0.2321, rec=0.1701, t=0.9140]
Epoch 40/60:  74%|███████▍  | 29/39 [00:01<00:00, 26.83it/s, loss=0.2320, rec=0.1701, t=0.9139]
Epoch 40/60:  82%|████████▏ | 32/39 [00:01<00:00, 26.34it/s, loss=0.2320, rec=0.1701, t=0.9139]
Epoch 40/60:  82%|████████▏ | 32/39 [00:01<00:00, 26.34it/s, loss=0.2320, rec=0.1701, t=0.9139]
Epoch 40/60:  82%|████████▏ | 32/39 [00:01<00:00, 26.34it/s, loss=0.2320, rec=0.1700, t=0.9138]
Epoch 40/60:  82%|████████▏ | 32/39 [00:01<00:00, 26.34it/s, loss=0.2320, rec=0.1701, t=0.9138]
Epoch 40/60:  90%|████████▉ | 35/39 [00:01<00:00, 26.37it/s, loss=0.2320, rec=0.1701, t=0.9138]
Epoch 40/60:  90%|████████▉ | 35/39 [00:01<00:00, 26.37it/s, loss=0.2319, rec=0.1700, t=0.9137]
Epoch 40/60:  90%|████████▉ | 35/39 [00:01<00:00, 26.37it/s, loss=0.2320, rec=0.1700, t=0.9137]
Epoch 40/60:  90%|████████▉ | 35/39 [00:01<00:00, 26.37it/s, loss=0.2319, rec=0.1699, t=0.9136]
Epoch 40/60:  97%|█████████▋| 38/39 [00:01<00:00, 27.16it/s, loss=0.2319, rec=0.1699, t=0.9136]
Epoch 40/60:  97%|█████████▋| 38/39 [00:01<00:00, 27.16it/s, loss=0.2319, rec=0.1699, t=0.9135]
                                                                                               
[Epoch   40/60] loss=0.231872 | rec=0.169912 | cb=0.139834 | com=0.139834 | uniq=0.260350 | rqvae=0.048942 | t=0.913546 | global_step=1560
[EventC2 epoch 40] churn=0.12542372881355932 | churn_art=0.12559047032244813 | step_vs_snapshot=0.9144887916894477 | q2_used(events/articles)=25/25 | dead=103 | same_event_c2=1.0 | c123_collision=0.7507 | max_c4=260 | cb_q1/q2/q3=0.06261/0.04469/0.03253 | com_q1/q2/q3=0.06261/0.04469/0.03253
[Validation epoch 40] loss=0.230667 | rec=0.169610 | cb=0.137764 | com=0.137764 | uniq=0.256775 | rqvae=0.048218
[Best Checkpoint] Reconstruction Loss improved -> <scratch>/mid_run_event/checkpoint_best_rec.pt
[EarlyStopping] epoch=40 | improved_total=False | improved_rec=True | counter=0/20 | best_total=0.217881@20 | best_rec=0.169610@40

Epoch 41/60:   0%|          | 0/39 [00:00<?, ?it/s, loss=0.2324, rec=0.1698, t=0.9135]
Epoch 41/60:   0%|          | 0/39 [00:00<?, ?it/s, loss=0.2293, rec=0.1665, t=0.9134]
Epoch 41/60:   5%|▌         | 2/39 [00:00<00:01, 19.79it/s, loss=0.2293, rec=0.1665, t=0.9134]
Epoch 41/60:   5%|▌         | 2/39 [00:00<00:01, 19.79it/s, loss=0.2294, rec=0.1675, t=0.9134]
Epoch 41/60:   5%|▌         | 2/39 [00:00<00:01, 19.79it/s, loss=0.2292, rec=0.1672, t=0.9133]
Epoch 41/60:   5%|▌         | 2/39 [00:00<00:01, 19.79it/s, loss=0.2299, rec=0.1674, t=0.9133]
Epoch 41/60:  13%|█▎        | 5/39 [00:00<00:01, 24.52it/s, loss=0.2299, rec=0.1674, t=0.9133]
Epoch 41/60:  13%|█▎        | 5/39 [00:00<00:01, 24.52it/s, loss=0.2301, rec=0.1678, t=0.9132]
Epoch 41/60:  13%|█▎        | 5/39 [00:00<00:01, 24.52it/s, loss=0.2300, rec=0.1676, t=0.9132]
Epoch 41/60:  13%|█▎        | 5/39 [00:00<00:01, 24.52it/s, loss=0.2302, rec=0.1678, t=0.9131]
Epoch 41/60:  21%|██        | 8/39 [00:00<00:01, 26.25it/s, loss=0.2302, rec=0.1678, t=0.9131]
Epoch 41/60:  21%|██        | 8/39 [00:00<00:01, 26.25it/s, loss=0.2299, rec=0.1671, t=0.9131]
Epoch 41/60:  21%|██        | 8/39 [00:00<00:01, 26.25it/s, loss=0.2299, rec=0.1673, t=0.9130]
Epoch 41/60:  21%|██        | 8/39 [00:00<00:01, 26.25it/s, loss=0.2298, rec=0.1673, t=0.9130]
Epoch 41/60:  28%|██▊       | 11/39 [00:00<00:01, 26.93it/s, loss=0.2298, rec=0.1673, t=0.9130]
Epoch 41/60:  28%|██▊       | 11/39 [00:00<00:01, 26.93it/s, loss=0.2297, rec=0.1673, t=0.9129]
Epoch 41/60:  28%|██▊       | 11/39 [00:00<00:01, 26.93it/s, loss=0.2299, rec=0.1677, t=0.9129]
Epoch 41/60:  28%|██▊       | 11/39 [00:00<00:01, 26.93it/s, loss=0.2300, rec=0.1679, t=0.9128]
Epoch 41/60:  36%|███▌      | 14/39 [00:00<00:00, 27.26it/s, loss=0.2300, rec=0.1679, t=0.9128]
Epoch 41/60:  36%|███▌      | 14/39 [00:00<00:00, 27.26it/s, loss=0.2302, rec=0.1679, t=0.9128]
Epoch 41/60:  36%|███▌      | 14/39 [00:00<00:00, 27.26it/s, loss=0.2303, rec=0.1679, t=0.9127]
Epoch 41/60:  36%|███▌      | 14/39 [00:00<00:00, 27.26it/s, loss=0.2303, rec=0.1679, t=0.9126]
Epoch 41/60:  44%|████▎     | 17/39 [00:00<00:00, 26.92it/s, loss=0.2303, rec=0.1679, t=0.9126]
Epoch 41/60:  44%|████▎     | 17/39 [00:00<00:00, 26.92it/s, loss=0.2304, rec=0.1680, t=0.9126]
Epoch 41/60:  44%|████▎     | 17/39 [00:00<00:00, 26.92it/s, loss=0.2305, rec=0.1681, t=0.9125]
Epoch 41/60:  44%|████▎     | 17/39 [00:00<00:00, 26.92it/s, loss=0.2307, rec=0.1682, t=0.9125]
Epoch 41/60:  51%|█████▏    | 20/39 [00:00<00:00, 27.28it/s, loss=0.2307, rec=0.1682, t=0.9125]
Epoch 41/60:  51%|█████▏    | 20/39 [00:00<00:00, 27.28it/s, loss=0.2307, rec=0.1682, t=0.9124]
Epoch 41/60:  51%|█████▏    | 20/39 [00:00<00:00, 27.28it/s, loss=0.2307, rec=0.1681, t=0.9124]
Epoch 41/60:  51%|█████▏    | 20/39 [00:00<00:00, 27.28it/s, loss=0.2306, rec=0.1680, t=0.9123]
Epoch 41/60:  59%|█████▉    | 23/39 [00:00<00:00, 27.51it/s, loss=0.2306, rec=0.1680, t=0.9123]
Epoch 41/60:  59%|█████▉    | 23/39 [00:00<00:00, 27.51it/s, loss=0.2307, rec=0.1680, t=0.9123]
Epoch 41/60:  59%|█████▉    | 23/39 [00:00<00:00, 27.51it/s, loss=0.2307, rec=0.1680, t=0.9122]
Epoch 41/60:  59%|█████▉    | 23/39 [00:00<00:00, 27.51it/s, loss=0.2308, rec=0.1681, t=0.9122]
Epoch 41/60:  67%|██████▋   | 26/39 [00:00<00:00, 27.52it/s, loss=0.2308, rec=0.1681, t=0.9122]
Epoch 41/60:  67%|██████▋   | 26/39 [00:01<00:00, 27.52it/s, loss=0.2308, rec=0.1681, t=0.9121]
Epoch 41/60:  67%|██████▋   | 26/39 [00:01<00:00, 27.52it/s, loss=0.2310, rec=0.1682, t=0.9121]
Epoch 41/60:  67%|██████▋   | 26/39 [00:01<00:00, 27.52it/s, loss=0.2310, rec=0.1682, t=0.9120]
Epoch 41/60:  74%|███████▍  | 29/39 [00:01<00:00, 27.46it/s, loss=0.2310, rec=0.1682, t=0.9120]
Epoch 41/60:  74%|███████▍  | 29/39 [00:01<00:00, 27.46it/s, loss=0.2311, rec=0.1682, t=0.9120]
Epoch 41/60:  74%|███████▍  | 29/39 [00:01<00:00, 27.46it/s, loss=0.2310, rec=0.1682, t=0.9119]
Epoch 41/60:  74%|███████▍  | 29/39 [00:01<00:00, 27.46it/s, loss=0.2310, rec=0.1682, t=0.9119]
Epoch 41/60:  82%|████████▏ | 32/39 [00:01<00:00, 27.51it/s, loss=0.2310, rec=0.1682, t=0.9119]
Epoch 41/60:  82%|████████▏ | 32/39 [00:01<00:00, 27.51it/s, loss=0.2311, rec=0.1682, t=0.9118]
Epoch 41/60:  82%|████████▏ | 32/39 [00:01<00:00, 27.51it/s, loss=0.2310, rec=0.1681, t=0.9117]
Epoch 41/60:  82%|████████▏ | 32/39 [00:01<00:00, 27.51it/s, loss=0.2311, rec=0.1681, t=0.9117]
Epoch 41/60:  90%|████████▉ | 35/39 [00:01<00:00, 27.85it/s, loss=0.2311, rec=0.1681, t=0.9117]
Epoch 41/60:  90%|████████▉ | 35/39 [00:01<00:00, 27.85it/s, loss=0.2311, rec=0.1681, t=0.9116]
Epoch 41/60:  90%|████████▉ | 35/39 [00:01<00:00, 27.85it/s, loss=0.2311, rec=0.1681, t=0.9116]
Epoch 41/60:  90%|████████▉ | 35/39 [00:01<00:00, 27.85it/s, loss=0.2310, rec=0.1680, t=0.9115]
Epoch 41/60:  90%|████████▉ | 35/39 [00:01<00:00, 27.85it/s, loss=0.2310, rec=0.1680, t=0.9115]
Epoch 41/60: 100%|██████████| 39/39 [00:01<00:00, 30.54it/s, loss=0.2310, rec=0.1680, t=0.9115]
                                                                                               
[Epoch   41/60] loss=0.231005 | rec=0.168044 | cb=0.146156 | com=0.146156 | uniq=0.236125 | rqvae=0.051155 | t=0.911481 | global_step=1599
[EventC2 epoch 41] churn=0.1223619464188081 | churn_art=0.1212774697063052 | step_vs_snapshot=0.9250956806998359 | q2_used(events/articles)=26/26 | dead=102 | same_event_c2=1.0 | c123_collision=0.7406 | max_c4=249 | cb_q1/q2/q3=0.06584/0.04658/0.03375 | com_q1/q2/q3=0.06584/0.04658/0.03375

Epoch 42/60:   0%|          | 0/39 [00:00<?, ?it/s, loss=0.2368, rec=0.1700, t=0.9114]
Epoch 42/60:   0%|          | 0/39 [00:00<?, ?it/s, loss=0.2372, rec=0.1701, t=0.9114]
Epoch 42/60:   0%|          | 0/39 [00:00<?, ?it/s, loss=0.2363, rec=0.1696, t=0.9113]
Epoch 42/60:   8%|▊         | 3/39 [00:00<00:01, 21.87it/s, loss=0.2363, rec=0.1696, t=0.9113]
Epoch 42/60:   8%|▊         | 3/39 [00:00<00:01, 21.87it/s, loss=0.2355, rec=0.1695, t=0.9113]
Epoch 42/60:   8%|▊         | 3/39 [00:00<00:01, 21.87it/s, loss=0.2357, rec=0.1694, t=0.9112]
Epoch 42/60:   8%|▊         | 3/39 [00:00<00:01, 21.87it/s, loss=0.2349, rec=0.1692, t=0.9112]
Epoch 42/60:  15%|█▌        | 6/39 [00:00<00:01, 24.69it/s, loss=0.2349, rec=0.1692, t=0.9112]
Epoch 42/60:  15%|█▌        | 6/39 [00:00<00:01, 24.69it/s, loss=0.2343, rec=0.1690, t=0.9111]
Epoch 42/60:  15%|█▌        | 6/39 [00:00<00:01, 24.69it/s, loss=0.2340, rec=0.1691, t=0.9111]
Epoch 42/60:  15%|█▌        | 6/39 [00:00<00:01, 24.69it/s, loss=0.2336, rec=0.1690, t=0.9110]
Epoch 42/60:  23%|██▎       | 9/39 [00:00<00:01, 25.71it/s, loss=0.2336, rec=0.1690, t=0.9110]
Epoch 42/60:  23%|██▎       | 9/39 [00:00<00:01, 25.71it/s, loss=0.2338, rec=0.1693, t=0.9110]
Epoch 42/60:  23%|██▎       | 9/39 [00:00<00:01, 25.71it/s, loss=0.2335, rec=0.1691, t=0.9109]
Epoch 42/60:  23%|██▎       | 9/39 [00:00<00:01, 25.71it/s, loss=0.2336, rec=0.1687, t=0.9108]
Epoch 42/60:  31%|███       | 12/39 [00:00<00:01, 25.47it/s, loss=0.2336, rec=0.1687, t=0.9108]
Epoch 42/60:  31%|███       | 12/39 [00:00<00:01, 25.47it/s, loss=0.2336, rec=0.1687, t=0.9108]
Epoch 42/60:  31%|███       | 12/39 [00:00<00:01, 25.47it/s, loss=0.2334, rec=0.1684, t=0.9107]
Epoch 42/60:  31%|███       | 12/39 [00:00<00:01, 25.47it/s, loss=0.2333, rec=0.1684, t=0.9107]
Epoch 42/60:  38%|███▊      | 15/39 [00:00<00:00, 26.12it/s, loss=0.2333, rec=0.1684, t=0.9107]
Epoch 42/60:  38%|███▊      | 15/39 [00:00<00:00, 26.12it/s, loss=0.2334, rec=0.1685, t=0.9106]
Epoch 42/60:  38%|███▊      | 15/39 [00:00<00:00, 26.12it/s, loss=0.2335, rec=0.1685, t=0.9106]
Epoch 42/60:  38%|███▊      | 15/39 [00:00<00:00, 26.12it/s, loss=0.2334, rec=0.1685, t=0.9105]
Epoch 42/60:  46%|████▌     | 18/39 [00:00<00:00, 26.72it/s, loss=0.2334, rec=0.1685, t=0.9105]
Epoch 42/60:  46%|████▌     | 18/39 [00:00<00:00, 26.72it/s, loss=0.2333, rec=0.1685, t=0.9105]
Epoch 42/60:  46%|████▌     | 18/39 [00:00<00:00, 26.72it/s, loss=0.2332, rec=0.1685, t=0.9104]
Epoch 42/60:  46%|████▌     | 18/39 [00:00<00:00, 26.72it/s, loss=0.2332, rec=0.1685, t=0.9104]
Epoch 42/60:  54%|█████▍    | 21/39 [00:00<00:00, 27.46it/s, loss=0.2332, rec=0.1685, t=0.9104]
Epoch 42/60:  54%|█████▍    | 21/39 [00:00<00:00, 27.46it/s, loss=0.2331, rec=0.1685, t=0.9103]
Epoch 42/60:  54%|█████▍    | 21/39 [00:00<00:00, 27.46it/s, loss=0.2329, rec=0.1683, t=0.9103]
Epoch 42/60:  54%|█████▍    | 21/39 [00:00<00:00, 27.46it/s, loss=0.2327, rec=0.1680, t=0.9102]
Epoch 42/60:  62%|██████▏   | 24/39 [00:00<00:00, 27.87it/s, loss=0.2327, rec=0.1680, t=0.9102]
Epoch 42/60:  62%|██████▏   | 24/39 [00:00<00:00, 27.87it/s, loss=0.2328, rec=0.1681, t=0.9102]
Epoch 42/60:  62%|██████▏   | 24/39 [00:00<00:00, 27.87it/s, loss=0.2328, rec=0.1680, t=0.9101]
Epoch 42/60:  62%|██████▏   | 24/39 [00:01<00:00, 27.87it/s, loss=0.2330, rec=0.1681, t=0.9101]
Epoch 42/60:  69%|██████▉   | 27/39 [00:01<00:00, 28.19it/s, loss=0.2330, rec=0.1681, t=0.9101]
Epoch 42/60:  69%|██████▉   | 27/39 [00:01<00:00, 28.19it/s, loss=0.2334, rec=0.1683, t=0.9100]
Epoch 42/60:  69%|██████▉   | 27/39 [00:01<00:00, 28.19it/s, loss=0.2336, rec=0.1684, t=0.9099]
Epoch 42/60:  69%|██████▉   | 27/39 [00:01<00:00, 28.19it/s, loss=0.2339, rec=0.1685, t=0.9099]
Epoch 42/60:  77%|███████▋  | 30/39 [00:01<00:00, 28.50it/s, loss=0.2339, rec=0.1685, t=0.9099]
Epoch 42/60:  77%|███████▋  | 30/39 [00:01<00:00, 28.50it/s, loss=0.2341, rec=0.1687, t=0.9098]
Epoch 42/60:  77%|███████▋  | 30/39 [00:01<00:00, 28.50it/s, loss=0.2341, rec=0.1688, t=0.9098]
Epoch 42/60:  77%|███████▋  | 30/39 [00:01<00:00, 28.50it/s, loss=0.2344, rec=0.1690, t=0.9097]
Epoch 42/60:  85%|████████▍ | 33/39 [00:01<00:00, 28.26it/s, loss=0.2344, rec=0.1690, t=0.9097]
Epoch 42/60:  85%|████████▍ | 33/39 [00:01<00:00, 28.26it/s, loss=0.2343, rec=0.1690, t=0.9097]
Epoch 42/60:  85%|████████▍ | 33/39 [00:01<00:00, 28.26it/s, loss=0.2342, rec=0.1689, t=0.9096]
Epoch 42/60:  85%|████████▍ | 33/39 [00:01<00:00, 28.26it/s, loss=0.2343, rec=0.1689, t=0.9096]
Epoch 42/60:  92%|█████████▏| 36/39 [00:01<00:00, 28.26it/s, loss=0.2343, rec=0.1689, t=0.9096]
Epoch 42/60:  92%|█████████▏| 36/39 [00:01<00:00, 28.26it/s, loss=0.2342, rec=0.1690, t=0.9095]
Epoch 42/60:  92%|█████████▏| 36/39 [00:01<00:00, 28.26it/s, loss=0.2343, rec=0.1690, t=0.9095]
Epoch 42/60:  92%|█████████▏| 36/39 [00:01<00:00, 28.26it/s, loss=0.2343, rec=0.1690, t=0.9094]
                                                                                               
[Epoch   42/60] loss=0.234270 | rec=0.168986 | cb=0.153346 | com=0.153346 | uniq=0.232274 | rqvae=0.053671 | t=0.909422 | global_step=1638
[EventC2 epoch 42] churn=0.10333515582285402 | churn_art=0.10269049086054631 | step_vs_snapshot=0.9252050300710771 | q2_used(events/articles)=26/26 | dead=102 | same_event_c2=1.0 | c123_collision=0.7305 | max_c4=182 | cb_q1/q2/q3=0.06862/0.04883/0.03590 | com_q1/q2/q3=0.06862/0.04883/0.03590

Epoch 43/60:   0%|          | 0/39 [00:00<?, ?it/s, loss=0.2303, rec=0.1674, t=0.9094]
Epoch 43/60:   0%|          | 0/39 [00:00<?, ?it/s, loss=0.2302, rec=0.1670, t=0.9093]
Epoch 43/60:   0%|          | 0/39 [00:00<?, ?it/s, loss=0.2300, rec=0.1662, t=0.9093]
Epoch 43/60:   8%|▊         | 3/39 [00:00<00:01, 22.90it/s, loss=0.2300, rec=0.1662, t=0.9093]
Epoch 43/60:   8%|▊         | 3/39 [00:00<00:01, 22.90it/s, loss=0.2301, rec=0.1661, t=0.9092]
Epoch 43/60:   8%|▊         | 3/39 [00:00<00:01, 22.90it/s, loss=0.2302, rec=0.1653, t=0.9092]
Epoch 43/60:   8%|▊         | 3/39 [00:00<00:01, 22.90it/s, loss=0.2309, rec=0.1659, t=0.9091]
Epoch 43/60:  15%|█▌        | 6/39 [00:00<00:01, 25.80it/s, loss=0.2309, rec=0.1659, t=0.9091]
Epoch 43/60:  15%|█▌        | 6/39 [00:00<00:01, 25.80it/s, loss=0.2315, rec=0.1664, t=0.9091]
Epoch 43/60:  15%|█▌        | 6/39 [00:00<00:01, 25.80it/s, loss=0.2315, rec=0.1665, t=0.9090]
Epoch 43/60:  15%|█▌        | 6/39 [00:00<00:01, 25.80it/s, loss=0.2316, rec=0.1668, t=0.9089]
Epoch 43/60:  23%|██▎       | 9/39 [00:00<00:01, 26.94it/s, loss=0.2316, rec=0.1668, t=0.9089]
Epoch 43/60:  23%|██▎       | 9/39 [00:00<00:01, 26.94it/s, loss=0.2320, rec=0.1669, t=0.9089]
Epoch 43/60:  23%|██▎       | 9/39 [00:00<00:01, 26.94it/s, loss=0.2319, rec=0.1671, t=0.9088]
Epoch 43/60:  23%|██▎       | 9/39 [00:00<00:01, 26.94it/s, loss=0.2318, rec=0.1670, t=0.9088]
Epoch 43/60:  31%|███       | 12/39 [00:00<00:00, 27.04it/s, loss=0.2318, rec=0.1670, t=0.9088]
Epoch 43/60:  31%|███       | 12/39 [00:00<00:00, 27.04it/s, loss=0.2320, rec=0.1671, t=0.9087]
Epoch 43/60:  31%|███       | 12/39 [00:00<00:00, 27.04it/s, loss=0.2322, rec=0.1671, t=0.9087]
Epoch 43/60:  31%|███       | 12/39 [00:00<00:00, 27.04it/s, loss=0.2324, rec=0.1672, t=0.9086]
Epoch 43/60:  38%|███▊      | 15/39 [00:00<00:00, 27.46it/s, loss=0.2324, rec=0.1672, t=0.9086]
Epoch 43/60:  38%|███▊      | 15/39 [00:00<00:00, 27.46it/s, loss=0.2327, rec=0.1674, t=0.9086]
Epoch 43/60:  38%|███▊      | 15/39 [00:00<00:00, 27.46it/s, loss=0.2332, rec=0.1676, t=0.9085]
Epoch 43/60:  38%|███▊      | 15/39 [00:00<00:00, 27.46it/s, loss=0.2339, rec=0.1679, t=0.9085]
Epoch 43/60:  46%|████▌     | 18/39 [00:00<00:00, 27.89it/s, loss=0.2339, rec=0.1679, t=0.9085]
Epoch 43/60:  46%|████▌     | 18/39 [00:00<00:00, 27.89it/s, loss=0.2342, rec=0.1681, t=0.9084]
Epoch 43/60:  46%|████▌     | 18/39 [00:00<00:00, 27.89it/s, loss=0.2345, rec=0.1682, t=0.9084]
Epoch 43/60:  46%|████▌     | 18/39 [00:00<00:00, 27.89it/s, loss=0.2347, rec=0.1683, t=0.9083]
Epoch 43/60:  54%|█████▍    | 21/39 [00:00<00:00, 27.94it/s, loss=0.2347, rec=0.1683, t=0.9083]
Epoch 43/60:  54%|█████▍    | 21/39 [00:00<00:00, 27.94it/s, loss=0.2350, rec=0.1686, t=0.9083]
Epoch 43/60:  54%|█████▍    | 21/39 [00:00<00:00, 27.94it/s, loss=0.2348, rec=0.1685, t=0.9082]
Epoch 43/60:  54%|█████▍    | 21/39 [00:00<00:00, 27.94it/s, loss=0.2347, rec=0.1685, t=0.9082]
Epoch 43/60:  62%|██████▏   | 24/39 [00:00<00:00, 27.36it/s, loss=0.2347, rec=0.1685, t=0.9082]
Epoch 43/60:  62%|██████▏   | 24/39 [00:00<00:00, 27.36it/s, loss=0.2346, rec=0.1682, t=0.9081]
Epoch 43/60:  62%|██████▏   | 24/39 [00:00<00:00, 27.36it/s, loss=0.2345, rec=0.1683, t=0.9081]
Epoch 43/60:  62%|██████▏   | 24/39 [00:01<00:00, 27.36it/s, loss=0.2344, rec=0.1683, t=0.9080]
Epoch 43/60:  69%|██████▉   | 27/39 [00:01<00:00, 26.48it/s, loss=0.2344, rec=0.1683, t=0.9080]
Epoch 43/60:  69%|██████▉   | 27/39 [00:01<00:00, 26.48it/s, loss=0.2344, rec=0.1683, t=0.9079]
Epoch 43/60:  69%|██████▉   | 27/39 [00:01<00:00, 26.48it/s, loss=0.2343, rec=0.1682, t=0.9079]
Epoch 43/60:  69%|██████▉   | 27/39 [00:01<00:00, 26.48it/s, loss=0.2342, rec=0.1682, t=0.9078]
Epoch 43/60:  77%|███████▋  | 30/39 [00:01<00:00, 26.58it/s, loss=0.2342, rec=0.1682, t=0.9078]
Epoch 43/60:  77%|███████▋  | 30/39 [00:01<00:00, 26.58it/s, loss=0.2343, rec=0.1682, t=0.9078]
Epoch 43/60:  77%|███████▋  | 30/39 [00:01<00:00, 26.58it/s, loss=0.2341, rec=0.1680, t=0.9077]
Epoch 43/60:  77%|███████▋  | 30/39 [00:01<00:00, 26.58it/s, loss=0.2341, rec=0.1679, t=0.9077]
Epoch 43/60:  85%|████████▍ | 33/39 [00:01<00:00, 26.65it/s, loss=0.2341, rec=0.1679, t=0.9077]
Epoch 43/60:  85%|████████▍ | 33/39 [00:01<00:00, 26.65it/s, loss=0.2342, rec=0.1681, t=0.9076]
Epoch 43/60:  85%|████████▍ | 33/39 [00:01<00:00, 26.65it/s, loss=0.2343, rec=0.1682, t=0.9076]
Epoch 43/60:  85%|████████▍ | 33/39 [00:01<00:00, 26.65it/s, loss=0.2343, rec=0.1683, t=0.9075]
Epoch 43/60:  92%|█████████▏| 36/39 [00:01<00:00, 25.20it/s, loss=0.2343, rec=0.1683, t=0.9075]
Epoch 43/60:  92%|█████████▏| 36/39 [00:01<00:00, 25.20it/s, loss=0.2344, rec=0.1683, t=0.9075]
Epoch 43/60:  92%|█████████▏| 36/39 [00:01<00:00, 25.20it/s, loss=0.2343, rec=0.1683, t=0.9074]
Epoch 43/60:  92%|█████████▏| 36/39 [00:01<00:00, 25.20it/s, loss=0.2343, rec=0.1684, t=0.9074]
                                                                                               
[Epoch   43/60] loss=0.234308 | rec=0.168365 | cb=0.157381 | com=0.157381 | uniq=0.217198 | rqvae=0.055083 | t=0.907367 | global_step=1677
[EventC2 epoch 43] churn=0.10082012028430837 | churn_art=0.09940439515300883 | step_vs_snapshot=0.9224712957900492 | q2_used(events/articles)=27/27 | dead=101 | same_event_c2=1.0 | c123_collision=0.7253 | max_c4=185 | cb_q1/q2/q3=0.07019/0.05020/0.03699 | com_q1/q2/q3=0.07019/0.05020/0.03699

Epoch 44/60:   0%|          | 0/39 [00:00<?, ?it/s, loss=0.2376, rec=0.1695, t=0.9073]
Epoch 44/60:   0%|          | 0/39 [00:00<?, ?it/s, loss=0.2368, rec=0.1692, t=0.9073]
Epoch 44/60:   0%|          | 0/39 [00:00<?, ?it/s, loss=0.2374, rec=0.1692, t=0.9072]
Epoch 44/60:   8%|▊         | 3/39 [00:00<00:01, 23.17it/s, loss=0.2374, rec=0.1692, t=0.9072]
Epoch 44/60:   8%|▊         | 3/39 [00:00<00:01, 23.17it/s, loss=0.2386, rec=0.1692, t=0.9072]
Epoch 44/60:   8%|▊         | 3/39 [00:00<00:01, 23.17it/s, loss=0.2406, rec=0.1705, t=0.9071]
Epoch 44/60:   8%|▊         | 3/39 [00:00<00:01, 23.17it/s, loss=0.2415, rec=0.1706, t=0.9071]
Epoch 44/60:  15%|█▌        | 6/39 [00:00<00:01, 25.16it/s, loss=0.2415, rec=0.1706, t=0.9071]
Epoch 44/60:  15%|█▌        | 6/39 [00:00<00:01, 25.16it/s, loss=0.2422, rec=0.1710, t=0.9070]
Epoch 44/60:  15%|█▌        | 6/39 [00:00<00:01, 25.16it/s, loss=0.2416, rec=0.1704, t=0.9069]
Epoch 44/60:  15%|█▌        | 6/39 [00:00<00:01, 25.16it/s, loss=0.2415, rec=0.1707, t=0.9069]
Epoch 44/60:  23%|██▎       | 9/39 [00:00<00:01, 26.81it/s, loss=0.2415, rec=0.1707, t=0.9069]
Epoch 44/60:  23%|██▎       | 9/39 [00:00<00:01, 26.81it/s, loss=0.2411, rec=0.1704, t=0.9068]
Epoch 44/60:  23%|██▎       | 9/39 [00:00<00:01, 26.81it/s, loss=0.2408, rec=0.1702, t=0.9068]
Epoch 44/60:  23%|██▎       | 9/39 [00:00<00:01, 26.81it/s, loss=0.2403, rec=0.1699, t=0.9067]
Epoch 44/60:  23%|██▎       | 9/39 [00:00<00:01, 26.81it/s, loss=0.2397, rec=0.1697, t=0.9067]
Epoch 44/60:  33%|███▎      | 13/39 [00:00<00:00, 28.28it/s, loss=0.2397, rec=0.1697, t=0.9067]
Epoch 44/60:  33%|███▎      | 13/39 [00:00<00:00, 28.28it/s, loss=0.2392, rec=0.1694, t=0.9066]
Epoch 44/60:  33%|███▎      | 13/39 [00:00<00:00, 28.28it/s, loss=0.2387, rec=0.1692, t=0.9066]
Epoch 44/60:  33%|███▎      | 13/39 [00:00<00:00, 28.28it/s, loss=0.2384, rec=0.1690, t=0.9065]
Epoch 44/60:  41%|████      | 16/39 [00:00<00:00, 28.69it/s, loss=0.2384, rec=0.1690, t=0.9065]
Epoch 44/60:  41%|████      | 16/39 [00:00<00:00, 28.69it/s, loss=0.2382, rec=0.1690, t=0.9065]
Epoch 44/60:  41%|████      | 16/39 [00:00<00:00, 28.69it/s, loss=0.2384, rec=0.1692, t=0.9064]
Epoch 44/60:  41%|████      | 16/39 [00:00<00:00, 28.69it/s, loss=0.2384, rec=0.1693, t=0.9064]
Epoch 44/60:  49%|████▊     | 19/39 [00:00<00:00, 28.54it/s, loss=0.2384, rec=0.1693, t=0.9064]
Epoch 44/60:  49%|████▊     | 19/39 [00:00<00:00, 28.54it/s, loss=0.2384, rec=0.1694, t=0.9063]
Epoch 44/60:  49%|████▊     | 19/39 [00:00<00:00, 28.54it/s, loss=0.2383, rec=0.1694, t=0.9063]
Epoch 44/60:  49%|████▊     | 19/39 [00:00<00:00, 28.54it/s, loss=0.2381, rec=0.1693, t=0.9062]
Epoch 44/60:  56%|█████▋    | 22/39 [00:00<00:00, 27.97it/s, loss=0.2381, rec=0.1693, t=0.9062]
Epoch 44/60:  56%|█████▋    | 22/39 [00:00<00:00, 27.97it/s, loss=0.2380, rec=0.1693, t=0.9062]
Epoch 44/60:  56%|█████▋    | 22/39 [00:00<00:00, 27.97it/s, loss=0.2381, rec=0.1696, t=0.9061]
Epoch 44/60:  56%|█████▋    | 22/39 [00:00<00:00, 27.97it/s, loss=0.2382, rec=0.1699, t=0.9061]
Epoch 44/60:  64%|██████▍   | 25/39 [00:00<00:00, 26.97it/s, loss=0.2382, rec=0.1699, t=0.9061]
Epoch 44/60:  64%|██████▍   | 25/39 [00:00<00:00, 26.97it/s, loss=0.2382, rec=0.1700, t=0.9060]
Epoch 44/60:  64%|██████▍   | 25/39 [00:01<00:00, 26.97it/s, loss=0.2382, rec=0.1701, t=0.9059]
Epoch 44/60:  64%|██████▍   | 25/39 [00:01<00:00, 26.97it/s, loss=0.2383, rec=0.1701, t=0.9059]
Epoch 44/60:  72%|███████▏  | 28/39 [00:01<00:00, 25.83it/s, loss=0.2383, rec=0.1701, t=0.9059]
Epoch 44/60:  72%|███████▏  | 28/39 [00:01<00:00, 25.83it/s, loss=0.2384, rec=0.1702, t=0.9058]
Epoch 44/60:  72%|███████▏  | 28/39 [00:01<00:00, 25.83it/s, loss=0.2388, rec=0.1704, t=0.9058]
Epoch 44/60:  72%|███████▏  | 28/39 [00:01<00:00, 25.83it/s, loss=0.2396, rec=0.1709, t=0.9057]
Epoch 44/60:  79%|███████▉  | 31/39 [00:01<00:00, 26.09it/s, loss=0.2396, rec=0.1709, t=0.9057]
Epoch 44/60:  79%|███████▉  | 31/39 [00:01<00:00, 26.09it/s, loss=0.2417, rec=0.1727, t=0.9057]
Epoch 44/60:  79%|███████▉  | 31/39 [00:01<00:00, 26.09it/s, loss=0.2432, rec=0.1740, t=0.9056]
Epoch 44/60:  79%|███████▉  | 31/39 [00:01<00:00, 26.09it/s, loss=0.2435, rec=0.1741, t=0.9056]
Epoch 44/60:  87%|████████▋ | 34/39 [00:01<00:00, 26.09it/s, loss=0.2435, rec=0.1741, t=0.9056]
Epoch 44/60:  87%|████████▋ | 34/39 [00:01<00:00, 26.09it/s, loss=0.2436, rec=0.1742, t=0.9055]
Epoch 44/60:  87%|████████▋ | 34/39 [00:01<00:00, 26.09it/s, loss=0.2434, rec=0.1740, t=0.9055]
Epoch 44/60:  87%|████████▋ | 34/39 [00:01<00:00, 26.09it/s, loss=0.2433, rec=0.1740, t=0.9054]
Epoch 44/60:  95%|█████████▍| 37/39 [00:01<00:00, 25.59it/s, loss=0.2433, rec=0.1740, t=0.9054]
Epoch 44/60:  95%|█████████▍| 37/39 [00:01<00:00, 25.59it/s, loss=0.2432, rec=0.1739, t=0.9054]
Epoch 44/60:  95%|█████████▍| 37/39 [00:01<00:00, 25.59it/s, loss=0.2432, rec=0.1739, t=0.9053]
                                                                                               
[Epoch   44/60] loss=0.243178 | rec=0.173873 | cb=0.165375 | com=0.165375 | uniq=0.228481 | rqvae=0.057881 | t=0.905317 | global_step=1716
[EventC2 epoch 44] churn=0.12957900492072172 | churn_art=0.12517970835900596 | step_vs_snapshot=0.8840896664844177 | q2_used(events/articles)=32/32 | dead=96 | same_event_c2=1.0 | c123_collision=0.7312 | max_c4=152 | cb_q1/q2/q3=0.07233/0.05276/0.04028 | com_q1/q2/q3=0.07233/0.05276/0.04028

Epoch 45/60:   0%|          | 0/39 [00:00<?, ?it/s, loss=0.2352, rec=0.1699, t=0.9053]
Epoch 45/60:   0%|          | 0/39 [00:00<?, ?it/s, loss=0.2362, rec=0.1704, t=0.9052]
Epoch 45/60:   0%|          | 0/39 [00:00<?, ?it/s, loss=0.2363, rec=0.1706, t=0.9052]
Epoch 45/60:   8%|▊         | 3/39 [00:00<00:01, 22.72it/s, loss=0.2363, rec=0.1706, t=0.9052]
Epoch 45/60:   8%|▊         | 3/39 [00:00<00:01, 22.72it/s, loss=0.2375, rec=0.1713, t=0.9051]
Epoch 45/60:   8%|▊         | 3/39 [00:00<00:01, 22.72it/s, loss=0.2371, rec=0.1707, t=0.9051]
Epoch 45/60:   8%|▊         | 3/39 [00:00<00:01, 22.72it/s, loss=0.2372, rec=0.1707, t=0.9050]
Epoch 45/60:  15%|█▌        | 6/39 [00:00<00:01, 25.58it/s, loss=0.2372, rec=0.1707, t=0.9050]
Epoch 45/60:  15%|█▌        | 6/39 [00:00<00:01, 25.58it/s, loss=0.2373, rec=0.1705, t=0.9049]
Epoch 45/60:  15%|█▌        | 6/39 [00:00<00:01, 25.58it/s, loss=0.2375, rec=0.1704, t=0.9049]
Epoch 45/60:  15%|█▌        | 6/39 [00:00<00:01, 25.58it/s, loss=0.2380, rec=0.1710, t=0.9048]
Epoch 45/60:  23%|██▎       | 9/39 [00:00<00:01, 26.22it/s, loss=0.2380, rec=0.1710, t=0.9048]
Epoch 45/60:  23%|██▎       | 9/39 [00:00<00:01, 26.22it/s, loss=0.2375, rec=0.1707, t=0.9048]
Epoch 45/60:  23%|██▎       | 9/39 [00:00<00:01, 26.22it/s, loss=0.2378, rec=0.1710, t=0.9047]
Epoch 45/60:  23%|██▎       | 9/39 [00:00<00:01, 26.22it/s, loss=0.2378, rec=0.1710, t=0.9047]
Epoch 45/60:  31%|███       | 12/39 [00:00<00:00, 27.05it/s, loss=0.2378, rec=0.1710, t=0.9047]
Epoch 45/60:  31%|███       | 12/39 [00:00<00:00, 27.05it/s, loss=0.2376, rec=0.1710, t=0.9046]
Epoch 45/60:  31%|███       | 12/39 [00:00<00:00, 27.05it/s, loss=0.2375, rec=0.1709, t=0.9046]
Epoch 45/60:  31%|███       | 12/39 [00:00<00:00, 27.05it/s, loss=0.2375, rec=0.1710, t=0.9045]
Epoch 45/60:  38%|███▊      | 15/39 [00:00<00:00, 27.94it/s, loss=0.2375, rec=0.1710, t=0.9045]
Epoch 45/60:  38%|███▊      | 15/39 [00:00<00:00, 27.94it/s, loss=0.2373, rec=0.1708, t=0.9045]
Epoch 45/60:  38%|███▊      | 15/39 [00:00<00:00, 27.94it/s, loss=0.2373, rec=0.1709, t=0.9044]
Epoch 45/60:  38%|███▊      | 15/39 [00:00<00:00, 27.94it/s, loss=0.2372, rec=0.1708, t=0.9044]
Epoch 45/60:  46%|████▌     | 18/39 [00:00<00:00, 27.39it/s, loss=0.2372, rec=0.1708, t=0.9044]
Epoch 45/60:  46%|████▌     | 18/39 [00:00<00:00, 27.39it/s, loss=0.2372, rec=0.1708, t=0.9043]
Epoch 45/60:  46%|████▌     | 18/39 [00:00<00:00, 27.39it/s, loss=0.2372, rec=0.1709, t=0.9043]
Epoch 45/60:  46%|████▌     | 18/39 [00:00<00:00, 27.39it/s, loss=0.2372, rec=0.1709, t=0.9042]
Epoch 45/60:  54%|█████▍    | 21/39 [00:00<00:00, 27.68it/s, loss=0.2372, rec=0.1709, t=0.9042]
Epoch 45/60:  54%|█████▍    | 21/39 [00:00<00:00, 27.68it/s, loss=0.2373, rec=0.1709, t=0.9042]
Epoch 45/60:  54%|█████▍    | 21/39 [00:00<00:00, 27.68it/s, loss=0.2372, rec=0.1709, t=0.9041]
Epoch 45/60:  54%|█████▍    | 21/39 [00:00<00:00, 27.68it/s, loss=0.2370, rec=0.1708, t=0.9041]
Epoch 45/60:  62%|██████▏   | 24/39 [00:00<00:00, 26.36it/s, loss=0.2370, rec=0.1708, t=0.9041]
Epoch 45/60:  62%|██████▏   | 24/39 [00:00<00:00, 26.36it/s, loss=0.2369, rec=0.1708, t=0.9040]
Epoch 45/60:  62%|██████▏   | 24/39 [00:00<00:00, 26.36it/s, loss=0.2367, rec=0.1705, t=0.9040]
Epoch 45/60:  62%|██████▏   | 24/39 [00:01<00:00, 26.36it/s, loss=0.2366, rec=0.1705, t=0.9039]
Epoch 45/60:  69%|██████▉   | 27/39 [00:01<00:00, 26.00it/s, loss=0.2366, rec=0.1705, t=0.9039]
Epoch 45/60:  69%|██████▉   | 27/39 [00:01<00:00, 26.00it/s, loss=0.2365, rec=0.1703, t=0.9038]
Epoch 45/60:  69%|██████▉   | 27/39 [00:01<00:00, 26.00it/s, loss=0.2366, rec=0.1702, t=0.9038]
Epoch 45/60:  69%|██████▉   | 27/39 [00:01<00:00, 26.00it/s, loss=0.2366, rec=0.1702, t=0.9037]
Epoch 45/60:  77%|███████▋  | 30/39 [00:01<00:00, 26.60it/s, loss=0.2366, rec=0.1702, t=0.9037]
Epoch 45/60:  77%|███████▋  | 30/39 [00:01<00:00, 26.60it/s, loss=0.2366, rec=0.1702, t=0.9037]
Epoch 45/60:  77%|███████▋  | 30/39 [00:01<00:00, 26.60it/s, loss=0.2366, rec=0.1702, t=0.9036]
Epoch 45/60:  77%|███████▋  | 30/39 [00:01<00:00, 26.60it/s, loss=0.2367, rec=0.1703, t=0.9036]
Epoch 45/60:  85%|████████▍ | 33/39 [00:01<00:00, 25.22it/s, loss=0.2367, rec=0.1703, t=0.9036]
Epoch 45/60:  85%|████████▍ | 33/39 [00:01<00:00, 25.22it/s, loss=0.2367, rec=0.1702, t=0.9035]
Epoch 45/60:  85%|████████▍ | 33/39 [00:01<00:00, 25.22it/s, loss=0.2368, rec=0.1702, t=0.9035]
Epoch 45/60:  85%|████████▍ | 33/39 [00:01<00:00, 25.22it/s, loss=0.2368, rec=0.1702, t=0.9034]
Epoch 45/60:  92%|█████████▏| 36/39 [00:01<00:00, 23.84it/s, loss=0.2368, rec=0.1702, t=0.9034]
Epoch 45/60:  92%|█████████▏| 36/39 [00:01<00:00, 23.84it/s, loss=0.2369, rec=0.1702, t=0.9034]
Epoch 45/60:  92%|█████████▏| 36/39 [00:01<00:00, 23.84it/s, loss=0.2368, rec=0.1700, t=0.9033]
Epoch 45/60:  92%|█████████▏| 36/39 [00:01<00:00, 23.84it/s, loss=0.2368, rec=0.1700, t=0.9033]
                                                                                               
[Epoch   45/60] loss=0.236801 | rec=0.170000 | cb=0.158338 | com=0.158338 | uniq=0.227666 | rqvae=0.055418 | t=0.903272 | global_step=1755
[EventC2 epoch 45] churn=0.14838709677419354 | churn_art=0.1447935921133703 | step_vs_snapshot=0.8930563149261892 | q2_used(events/articles)=35/35 | dead=93 | same_event_c2=1.0 | c123_collision=0.6967 | max_c4=126 | cb_q1/q2/q3=0.07045/0.05040/0.03748 | com_q1/q2/q3=0.07045/0.05040/0.03748

Epoch 46/60:   0%|          | 0/39 [00:00<?, ?it/s, loss=0.2352, rec=0.1652, t=0.9032]
Epoch 46/60:   0%|          | 0/39 [00:00<?, ?it/s, loss=0.2329, rec=0.1648, t=0.9032]
Epoch 46/60:   5%|▌         | 2/39 [00:00<00:01, 19.17it/s, loss=0.2329, rec=0.1648, t=0.9032]
Epoch 46/60:   5%|▌         | 2/39 [00:00<00:01, 19.17it/s, loss=0.2337, rec=0.1658, t=0.9031]
Epoch 46/60:   5%|▌         | 2/39 [00:00<00:01, 19.17it/s, loss=0.2339, rec=0.1664, t=0.9031]
Epoch 46/60:   5%|▌         | 2/39 [00:00<00:01, 19.17it/s, loss=0.2346, rec=0.1669, t=0.9030]
Epoch 46/60:  13%|█▎        | 5/39 [00:00<00:01, 23.48it/s, loss=0.2346, rec=0.1669, t=0.9030]
Epoch 46/60:  13%|█▎        | 5/39 [00:00<00:01, 23.48it/s, loss=0.2349, rec=0.1672, t=0.9030]
Epoch 46/60:  13%|█▎        | 5/39 [00:00<00:01, 23.48it/s, loss=0.2346, rec=0.1670, t=0.9029]
Epoch 46/60:  13%|█▎        | 5/39 [00:00<00:01, 23.48it/s, loss=0.2347, rec=0.1670, t=0.9029]
Epoch 46/60:  21%|██        | 8/39 [00:00<00:01, 25.46it/s, loss=0.2347, rec=0.1670, t=0.9029]
Epoch 46/60:  21%|██        | 8/39 [00:00<00:01, 25.46it/s, loss=0.2347, rec=0.1668, t=0.9028]
Epoch 46/60:  21%|██        | 8/39 [00:00<00:01, 25.46it/s, loss=0.2352, rec=0.1671, t=0.9027]
Epoch 46/60:  21%|██        | 8/39 [00:00<00:01, 25.46it/s, loss=0.2350, rec=0.1671, t=0.9027]
Epoch 46/60:  28%|██▊       | 11/39 [00:00<00:01, 26.97it/s, loss=0.2350, rec=0.1671, t=0.9027]
Epoch 46/60:  28%|██▊       | 11/39 [00:00<00:01, 26.97it/s, loss=0.2350, rec=0.1671, t=0.9026]
Epoch 46/60:  28%|██▊       | 11/39 [00:00<00:01, 26.97it/s, loss=0.2347, rec=0.1670, t=0.9026]
Epoch 46/60:  28%|██▊       | 11/39 [00:00<00:01, 26.97it/s, loss=0.2343, rec=0.1664, t=0.9025]
Epoch 46/60:  36%|███▌      | 14/39 [00:00<00:00, 27.14it/s, loss=0.2343, rec=0.1664, t=0.9025]
Epoch 46/60:  36%|███▌      | 14/39 [00:00<00:00, 27.14it/s, loss=0.2344, rec=0.1665, t=0.9025]
Epoch 46/60:  36%|███▌      | 14/39 [00:00<00:00, 27.14it/s, loss=0.2346, rec=0.1666, t=0.9024]
Epoch 46/60:  36%|███▌      | 14/39 [00:00<00:00, 27.14it/s, loss=0.2347, rec=0.1666, t=0.9024]
Epoch 46/60:  44%|████▎     | 17/39 [00:00<00:00, 27.56it/s, loss=0.2347, rec=0.1666, t=0.9024]
Epoch 46/60:  44%|████▎     | 17/39 [00:00<00:00, 27.56it/s, loss=0.2346, rec=0.1666, t=0.9023]
Epoch 46/60:  44%|████▎     | 17/39 [00:00<00:00, 27.56it/s, loss=0.2347, rec=0.1667, t=0.9023]
Epoch 46/60:  44%|████▎     | 17/39 [00:00<00:00, 27.56it/s, loss=0.2348, rec=0.1667, t=0.9022]
Epoch 46/60:  51%|█████▏    | 20/39 [00:00<00:00, 27.14it/s, loss=0.2348, rec=0.1667, t=0.9022]
Epoch 46/60:  51%|█████▏    | 20/39 [00:00<00:00, 27.14it/s, loss=0.2348, rec=0.1668, t=0.9022]
Epoch 46/60:  51%|█████▏    | 20/39 [00:00<00:00, 27.14it/s, loss=0.2349, rec=0.1667, t=0.9021]
Epoch 46/60:  51%|█████▏    | 20/39 [00:00<00:00, 27.14it/s, loss=0.2350, rec=0.1667, t=0.9021]
Epoch 46/60:  59%|█████▉    | 23/39 [00:00<00:00, 26.13it/s, loss=0.2350, rec=0.1667, t=0.9021]
Epoch 46/60:  59%|█████▉    | 23/39 [00:00<00:00, 26.13it/s, loss=0.2351, rec=0.1669, t=0.9020]
Epoch 46/60:  59%|█████▉    | 23/39 [00:00<00:00, 26.13it/s, loss=0.2353, rec=0.1670, t=0.9020]
Epoch 46/60:  59%|█████▉    | 23/39 [00:00<00:00, 26.13it/s, loss=0.2354, rec=0.1670, t=0.9019]
Epoch 46/60:  67%|██████▋   | 26/39 [00:00<00:00, 26.10it/s, loss=0.2354, rec=0.1670, t=0.9019]
Epoch 46/60:  67%|██████▋   | 26/39 [00:01<00:00, 26.10it/s, loss=0.2352, rec=0.1668, t=0.9019]
Epoch 46/60:  67%|██████▋   | 26/39 [00:01<00:00, 26.10it/s, loss=0.2351, rec=0.1668, t=0.9018]
Epoch 46/60:  67%|██████▋   | 26/39 [00:01<00:00, 26.10it/s, loss=0.2351, rec=0.1667, t=0.9018]
Epoch 46/60:  74%|███████▍  | 29/39 [00:01<00:00, 26.99it/s, loss=0.2351, rec=0.1667, t=0.9018]
Epoch 46/60:  74%|███████▍  | 29/39 [00:01<00:00, 26.99it/s, loss=0.2350, rec=0.1667, t=0.9017]
Epoch 46/60:  74%|███████▍  | 29/39 [00:01<00:00, 26.99it/s, loss=0.2351, rec=0.1667, t=0.9016]
Epoch 46/60:  74%|███████▍  | 29/39 [00:01<00:00, 26.99it/s, loss=0.2352, rec=0.1668, t=0.9016]
Epoch 46/60:  82%|████████▏ | 32/39 [00:01<00:00, 27.53it/s, loss=0.2352, rec=0.1668, t=0.9016]
Epoch 46/60:  82%|████████▏ | 32/39 [00:01<00:00, 27.53it/s, loss=0.2352, rec=0.1668, t=0.9015]
Epoch 46/60:  82%|████████▏ | 32/39 [00:01<00:00, 27.53it/s, loss=0.2352, rec=0.1668, t=0.9015]
Epoch 46/60:  82%|████████▏ | 32/39 [00:01<00:00, 27.53it/s, loss=0.2353, rec=0.1668, t=0.9014]
Epoch 46/60:  90%|████████▉ | 35/39 [00:01<00:00, 27.97it/s, loss=0.2353, rec=0.1668, t=0.9014]
Epoch 46/60:  90%|████████▉ | 35/39 [00:01<00:00, 27.97it/s, loss=0.2353, rec=0.1668, t=0.9014]
Epoch 46/60:  90%|████████▉ | 35/39 [00:01<00:00, 27.97it/s, loss=0.2353, rec=0.1669, t=0.9013]
Epoch 46/60:  90%|████████▉ | 35/39 [00:01<00:00, 27.97it/s, loss=0.2354, rec=0.1669, t=0.9013]
Epoch 46/60:  90%|████████▉ | 35/39 [00:01<00:00, 27.97it/s, loss=0.2354, rec=0.1669, t=0.9012]
                                                                                               
[Epoch   46/60] loss=0.235415 | rec=0.166943 | cb=0.164604 | com=0.164604 | uniq=0.217227 | rqvae=0.057611 | t=0.901231 | global_step=1794
[EventC2 epoch 46] churn=0.1387643521049754 | churn_art=0.14376668720476485 | step_vs_snapshot=0.9156916347731 | q2_used(events/articles)=35/35 | dead=93 | same_event_c2=1.0 | c123_collision=0.6726 | max_c4=121 | cb_q1/q2/q3=0.07377/0.05222/0.03861 | com_q1/q2/q3=0.07377/0.05222/0.03861

Epoch 47/60:   0%|          | 0/39 [00:00<?, ?it/s, loss=0.2334, rec=0.1653, t=0.9012]
Epoch 47/60:   0%|          | 0/39 [00:00<?, ?it/s, loss=0.2315, rec=0.1635, t=0.9011]
Epoch 47/60:   5%|▌         | 2/39 [00:00<00:01, 19.56it/s, loss=0.2315, rec=0.1635, t=0.9011]
Epoch 47/60:   5%|▌         | 2/39 [00:00<00:01, 19.56it/s, loss=0.2330, rec=0.1651, t=0.9011]
Epoch 47/60:   5%|▌         | 2/39 [00:00<00:01, 19.56it/s, loss=0.2345, rec=0.1655, t=0.9010]
Epoch 47/60:   5%|▌         | 2/39 [00:00<00:01, 19.56it/s, loss=0.2343, rec=0.1657, t=0.9010]
Epoch 47/60:  13%|█▎        | 5/39 [00:00<00:01, 22.58it/s, loss=0.2343, rec=0.1657, t=0.9010]
Epoch 47/60:  13%|█▎        | 5/39 [00:00<00:01, 22.58it/s, loss=0.2346, rec=0.1657, t=0.9009]
Epoch 47/60:  13%|█▎        | 5/39 [00:00<00:01, 22.58it/s, loss=0.2340, rec=0.1654, t=0.9009]
Epoch 47/60:  13%|█▎        | 5/39 [00:00<00:01, 22.58it/s, loss=0.2345, rec=0.1657, t=0.9008]
Epoch 47/60:  21%|██        | 8/39 [00:00<00:01, 23.64it/s, loss=0.2345, rec=0.1657, t=0.9008]
Epoch 47/60:  21%|██        | 8/39 [00:00<00:01, 23.64it/s, loss=0.2348, rec=0.1658, t=0.9008]
Epoch 47/60:  21%|██        | 8/39 [00:00<00:01, 23.64it/s, loss=0.2355, rec=0.1661, t=0.9007]
Epoch 47/60:  21%|██        | 8/39 [00:00<00:01, 23.64it/s, loss=0.2353, rec=0.1658, t=0.9007]
Epoch 47/60:  28%|██▊       | 11/39 [00:00<00:01, 24.72it/s, loss=0.2353, rec=0.1658, t=0.9007]
Epoch 47/60:  28%|██▊       | 11/39 [00:00<00:01, 24.72it/s, loss=0.2357, rec=0.1661, t=0.9006]
Epoch 47/60:  28%|██▊       | 11/39 [00:00<00:01, 24.72it/s, loss=0.2359, rec=0.1662, t=0.9006]
Epoch 47/60:  28%|██▊       | 11/39 [00:00<00:01, 24.72it/s, loss=0.2360, rec=0.1662, t=0.9005]
Epoch 47/60:  36%|███▌      | 14/39 [00:00<00:00, 25.54it/s, loss=0.2360, rec=0.1662, t=0.9005]
Epoch 47/60:  36%|███▌      | 14/39 [00:00<00:00, 25.54it/s, loss=0.2363, rec=0.1663, t=0.9004]
Epoch 47/60:  36%|███▌      | 14/39 [00:00<00:00, 25.54it/s, loss=0.2367, rec=0.1665, t=0.9004]
Epoch 47/60:  36%|███▌      | 14/39 [00:00<00:00, 25.54it/s, loss=0.2367, rec=0.1664, t=0.9003]
Epoch 47/60:  44%|████▎     | 17/39 [00:00<00:00, 26.32it/s, loss=0.2367, rec=0.1664, t=0.9003]
Epoch 47/60:  44%|████▎     | 17/39 [00:00<00:00, 26.32it/s, loss=0.2365, rec=0.1663, t=0.9003]
Epoch 47/60:  44%|████▎     | 17/39 [00:00<00:00, 26.32it/s, loss=0.2368, rec=0.1664, t=0.9002]
Epoch 47/60:  44%|████▎     | 17/39 [00:00<00:00, 26.32it/s, loss=0.2367, rec=0.1664, t=0.9002]
Epoch 47/60:  51%|█████▏    | 20/39 [00:00<00:00, 26.21it/s, loss=0.2367, rec=0.1664, t=0.9002]
Epoch 47/60:  51%|█████▏    | 20/39 [00:00<00:00, 26.21it/s, loss=0.2367, rec=0.1664, t=0.9001]
Epoch 47/60:  51%|█████▏    | 20/39 [00:00<00:00, 26.21it/s, loss=0.2369, rec=0.1664, t=0.9001]
Epoch 47/60:  51%|█████▏    | 20/39 [00:00<00:00, 26.21it/s, loss=0.2368, rec=0.1662, t=0.9000]
Epoch 47/60:  59%|█████▉    | 23/39 [00:00<00:00, 25.96it/s, loss=0.2368, rec=0.1662, t=0.9000]
Epoch 47/60:  59%|█████▉    | 23/39 [00:00<00:00, 25.96it/s, loss=0.2368, rec=0.1662, t=0.9000]
Epoch 47/60:  59%|█████▉    | 23/39 [00:00<00:00, 25.96it/s, loss=0.2369, rec=0.1661, t=0.8999]
Epoch 47/60:  59%|█████▉    | 23/39 [00:01<00:00, 25.96it/s, loss=0.2371, rec=0.1661, t=0.8999]
Epoch 47/60:  67%|██████▋   | 26/39 [00:01<00:00, 26.63it/s, loss=0.2371, rec=0.1661, t=0.8999]
Epoch 47/60:  67%|██████▋   | 26/39 [00:01<00:00, 26.63it/s, loss=0.2371, rec=0.1660, t=0.8998]
Epoch 47/60:  67%|██████▋   | 26/39 [00:01<00:00, 26.63it/s, loss=0.2372, rec=0.1662, t=0.8998]
Epoch 47/60:  67%|██████▋   | 26/39 [00:01<00:00, 26.63it/s, loss=0.2373, rec=0.1663, t=0.8997]
Epoch 47/60:  74%|███████▍  | 29/39 [00:01<00:00, 26.97it/s, loss=0.2373, rec=0.1663, t=0.8997]
Epoch 47/60:  74%|███████▍  | 29/39 [00:01<00:00, 26.97it/s, loss=0.2373, rec=0.1664, t=0.8997]
Epoch 47/60:  74%|███████▍  | 29/39 [00:01<00:00, 26.97it/s, loss=0.2374, rec=0.1665, t=0.8996]
Epoch 47/60:  74%|███████▍  | 29/39 [00:01<00:00, 26.97it/s, loss=0.2374, rec=0.1665, t=0.8996]
Epoch 47/60:  82%|████████▏ | 32/39 [00:01<00:00, 26.62it/s, loss=0.2374, rec=0.1665, t=0.8996]
Epoch 47/60:  82%|████████▏ | 32/39 [00:01<00:00, 26.62it/s, loss=0.2375, rec=0.1665, t=0.8995]
Epoch 47/60:  82%|████████▏ | 32/39 [00:01<00:00, 26.62it/s, loss=0.2379, rec=0.1667, t=0.8995]
Epoch 47/60:  82%|████████▏ | 32/39 [00:01<00:00, 26.62it/s, loss=0.2386, rec=0.1671, t=0.8994]
Epoch 47/60:  90%|████████▉ | 35/39 [00:01<00:00, 25.95it/s, loss=0.2386, rec=0.1671, t=0.8994]
Epoch 47/60:  90%|████████▉ | 35/39 [00:01<00:00, 25.95it/s, loss=0.2399, rec=0.1680, t=0.8994]
Epoch 47/60:  90%|████████▉ | 35/39 [00:01<00:00, 25.95it/s, loss=0.2424, rec=0.1700, t=0.8993]
Epoch 47/60:  90%|████████▉ | 35/39 [00:01<00:00, 25.95it/s, loss=0.2440, rec=0.1713, t=0.8992]
Epoch 47/60:  90%|████████▉ | 35/39 [00:01<00:00, 25.95it/s, loss=0.2440, rec=0.1714, t=0.8992]
Epoch 47/60: 100%|██████████| 39/39 [00:01<00:00, 29.50it/s, loss=0.2440, rec=0.1714, t=0.8992]
                                                                                               
[Epoch   47/60] loss=0.244046 | rec=0.171399 | cb=0.177057 | com=0.177057 | uniq=0.213541 | rqvae=0.061970 | t=0.899194 | global_step=1833
[EventC2 epoch 47] churn=0.13920174958993986 | churn_art=0.13668104333538714 | step_vs_snapshot=0.8915254237288136 | q2_used(events/articles)=36/36 | dead=92 | same_event_c2=1.0 | c123_collision=0.6715 | max_c4=124 | cb_q1/q2/q3=0.07838/0.05604/0.04264 | com_q1/q2/q3=0.07838/0.05604/0.04264

Epoch 48/60:   0%|          | 0/39 [00:00<?, ?it/s, loss=0.2393, rec=0.1690, t=0.8991]
Epoch 48/60:   0%|          | 0/39 [00:00<?, ?it/s, loss=0.2372, rec=0.1673, t=0.8991]
Epoch 48/60:   0%|          | 0/39 [00:00<?, ?it/s, loss=0.2369, rec=0.1663, t=0.8990]
Epoch 48/60:   8%|▊         | 3/39 [00:00<00:01, 23.87it/s, loss=0.2369, rec=0.1663, t=0.8990]
Epoch 48/60:   8%|▊         | 3/39 [00:00<00:01, 23.87it/s, loss=0.2382, rec=0.1682, t=0.8990]
Epoch 48/60:   8%|▊         | 3/39 [00:00<00:01, 23.87it/s, loss=0.2382, rec=0.1686, t=0.8989]
Epoch 48/60:   8%|▊         | 3/39 [00:00<00:01, 23.87it/s, loss=0.2384, rec=0.1689, t=0.8989]
Epoch 48/60:  15%|█▌        | 6/39 [00:00<00:01, 26.46it/s, loss=0.2384, rec=0.1689, t=0.8989]
Epoch 48/60:  15%|█▌        | 6/39 [00:00<00:01, 26.46it/s, loss=0.2383, rec=0.1691, t=0.8988]
Epoch 48/60:  15%|█▌        | 6/39 [00:00<00:01, 26.46it/s, loss=0.2383, rec=0.1689, t=0.8988]
Epoch 48/60:  15%|█▌        | 6/39 [00:00<00:01, 26.46it/s, loss=0.2379, rec=0.1684, t=0.8987]
Epoch 48/60:  23%|██▎       | 9/39 [00:00<00:01, 27.52it/s, loss=0.2379, rec=0.1684, t=0.8987]
Epoch 48/60:  23%|██▎       | 9/39 [00:00<00:01, 27.52it/s, loss=0.2384, rec=0.1683, t=0.8987]
Epoch 48/60:  23%|██▎       | 9/39 [00:00<00:01, 27.52it/s, loss=0.2393, rec=0.1686, t=0.8986]
Epoch 48/60:  23%|██▎       | 9/39 [00:00<00:01, 27.52it/s, loss=0.2399, rec=0.1690, t=0.8986]
Epoch 48/60:  31%|███       | 12/39 [00:00<00:00, 28.00it/s, loss=0.2399, rec=0.1690, t=0.8986]
Epoch 48/60:  31%|███       | 12/39 [00:00<00:00, 28.00it/s, loss=0.2404, rec=0.1692, t=0.8985]
Epoch 48/60:  31%|███       | 12/39 [00:00<00:00, 28.00it/s, loss=0.2408, rec=0.1692, t=0.8985]
Epoch 48/60:  31%|███       | 12/39 [00:00<00:00, 28.00it/s, loss=0.2411, rec=0.1693, t=0.8984]
Epoch 48/60:  38%|███▊      | 15/39 [00:00<00:00, 28.35it/s, loss=0.2411, rec=0.1693, t=0.8984]
Epoch 48/60:  38%|███▊      | 15/39 [00:00<00:00, 28.35it/s, loss=0.2412, rec=0.1694, t=0.8984]
Epoch 48/60:  38%|███▊      | 15/39 [00:00<00:00, 28.35it/s, loss=0.2413, rec=0.1696, t=0.8983]
Epoch 48/60:  38%|███▊      | 15/39 [00:00<00:00, 28.35it/s, loss=0.2411, rec=0.1694, t=0.8983]
Epoch 48/60:  46%|████▌     | 18/39 [00:00<00:00, 28.65it/s, loss=0.2411, rec=0.1694, t=0.8983]
Epoch 48/60:  46%|████▌     | 18/39 [00:00<00:00, 28.65it/s, loss=0.2407, rec=0.1692, t=0.8982]
Epoch 48/60:  46%|████▌     | 18/39 [00:00<00:00, 28.65it/s, loss=0.2404, rec=0.1691, t=0.8982]
Epoch 48/60:  46%|████▌     | 18/39 [00:00<00:00, 28.65it/s, loss=0.2402, rec=0.1691, t=0.8981]
Epoch 48/60:  54%|█████▍    | 21/39 [00:00<00:00, 28.70it/s, loss=0.2402, rec=0.1691, t=0.8981]
Epoch 48/60:  54%|█████▍    | 21/39 [00:00<00:00, 28.70it/s, loss=0.2400, rec=0.1690, t=0.8980]
Epoch 48/60:  54%|█████▍    | 21/39 [00:00<00:00, 28.70it/s, loss=0.2401, rec=0.1691, t=0.8980]
Epoch 48/60:  54%|█████▍    | 21/39 [00:00<00:00, 28.70it/s, loss=0.2403, rec=0.1694, t=0.8979]
Epoch 48/60:  62%|██████▏   | 24/39 [00:00<00:00, 27.98it/s, loss=0.2403, rec=0.1694, t=0.8979]
Epoch 48/60:  62%|██████▏   | 24/39 [00:00<00:00, 27.98it/s, loss=0.2402, rec=0.1694, t=0.8979]
Epoch 48/60:  62%|██████▏   | 24/39 [00:00<00:00, 27.98it/s, loss=0.2403, rec=0.1696, t=0.8978]
Epoch 48/60:  62%|██████▏   | 24/39 [00:00<00:00, 27.98it/s, loss=0.2403, rec=0.1697, t=0.8978]
Epoch 48/60:  69%|██████▉   | 27/39 [00:00<00:00, 28.11it/s, loss=0.2403, rec=0.1697, t=0.8978]
Epoch 48/60:  69%|██████▉   | 27/39 [00:01<00:00, 28.11it/s, loss=0.2402, rec=0.1697, t=0.8977]
Epoch 48/60:  69%|██████▉   | 27/39 [00:01<00:00, 28.11it/s, loss=0.2401, rec=0.1699, t=0.8977]
Epoch 48/60:  69%|██████▉   | 27/39 [00:01<00:00, 28.11it/s, loss=0.2401, rec=0.1699, t=0.8976]
Epoch 48/60:  77%|███████▋  | 30/39 [00:01<00:00, 28.17it/s, loss=0.2401, rec=0.1699, t=0.8976]
Epoch 48/60:  77%|███████▋  | 30/39 [00:01<00:00, 28.17it/s, loss=0.2400, rec=0.1699, t=0.8976]
Epoch 48/60:  77%|███████▋  | 30/39 [00:01<00:00, 28.17it/s, loss=0.2399, rec=0.1698, t=0.8975]
Epoch 48/60:  77%|███████▋  | 30/39 [00:01<00:00, 28.17it/s, loss=0.2399, rec=0.1698, t=0.8975]
Epoch 48/60:  85%|████████▍ | 33/39 [00:01<00:00, 28.25it/s, loss=0.2399, rec=0.1698, t=0.8975]
Epoch 48/60:  85%|████████▍ | 33/39 [00:01<00:00, 28.25it/s, loss=0.2399, rec=0.1698, t=0.8974]
Epoch 48/60:  85%|████████▍ | 33/39 [00:01<00:00, 28.25it/s, loss=0.2399, rec=0.1698, t=0.8974]
Epoch 48/60:  85%|████████▍ | 33/39 [00:01<00:00, 28.25it/s, loss=0.2400, rec=0.1699, t=0.8973]
Epoch 48/60:  92%|█████████▏| 36/39 [00:01<00:00, 28.32it/s, loss=0.2400, rec=0.1699, t=0.8973]
Epoch 48/60:  92%|█████████▏| 36/39 [00:01<00:00, 28.32it/s, loss=0.2401, rec=0.1699, t=0.8973]
Epoch 48/60:  92%|█████████▏| 36/39 [00:01<00:00, 28.32it/s, loss=0.2402, rec=0.1699, t=0.8972]
Epoch 48/60:  92%|█████████▏| 36/39 [00:01<00:00, 28.32it/s, loss=0.2402, rec=0.1699, t=0.8972]
                                                                                               
[Epoch   48/60] loss=0.240170 | rec=0.169854 | cb=0.169979 | com=0.169979 | uniq=0.216467 | rqvae=0.059493 | t=0.897163 | global_step=1872
[EventC2 epoch 48] churn=0.11831601968288682 | churn_art=0.11727254056274389 | step_vs_snapshot=0.8960087479496993 | q2_used(events/articles)=38/38 | dead=90 | same_event_c2=1.0 | c123_collision=0.6474 | max_c4=105 | cb_q1/q2/q3=0.07508/0.05343/0.04147 | com_q1/q2/q3=0.07508/0.05343/0.04147

Epoch 49/60:   0%|          | 0/39 [00:00<?, ?it/s, loss=0.2570, rec=0.1804, t=0.8971]
Epoch 49/60:   0%|          | 0/39 [00:00<?, ?it/s, loss=0.2576, rec=0.1816, t=0.8971]
Epoch 49/60:   0%|          | 0/39 [00:00<?, ?it/s, loss=0.2541, rec=0.1792, t=0.8970]
Epoch 49/60:   8%|▊         | 3/39 [00:00<00:01, 21.50it/s, loss=0.2541, rec=0.1792, t=0.8970]
Epoch 49/60:   8%|▊         | 3/39 [00:00<00:01, 21.50it/s, loss=0.2511, rec=0.1771, t=0.8970]
Epoch 49/60:   8%|▊         | 3/39 [00:00<00:01, 21.50it/s, loss=0.2494, rec=0.1756, t=0.8969]
Epoch 49/60:   8%|▊         | 3/39 [00:00<00:01, 21.50it/s, loss=0.2484, rec=0.1745, t=0.8969]
Epoch 49/60:  15%|█▌        | 6/39 [00:00<00:01, 23.24it/s, loss=0.2484, rec=0.1745, t=0.8969]
Epoch 49/60:  15%|█▌        | 6/39 [00:00<00:01, 23.24it/s, loss=0.2472, rec=0.1737, t=0.8968]
Epoch 49/60:  15%|█▌        | 6/39 [00:00<00:01, 23.24it/s, loss=0.2459, rec=0.1728, t=0.8967]
Epoch 49/60:  15%|█▌        | 6/39 [00:00<00:01, 23.24it/s, loss=0.2452, rec=0.1724, t=0.8967]
Epoch 49/60:  23%|██▎       | 9/39 [00:00<00:01, 24.43it/s, loss=0.2452, rec=0.1724, t=0.8967]
Epoch 49/60:  23%|██▎       | 9/39 [00:00<00:01, 24.43it/s, loss=0.2442, rec=0.1720, t=0.8966]
Epoch 49/60:  23%|██▎       | 9/39 [00:00<00:01, 24.43it/s, loss=0.2432, rec=0.1715, t=0.8966]
Epoch 49/60:  23%|██▎       | 9/39 [00:00<00:01, 24.43it/s, loss=0.2428, rec=0.1712, t=0.8965]
Epoch 49/60:  31%|███       | 12/39 [00:00<00:01, 23.92it/s, loss=0.2428, rec=0.1712, t=0.8965]
Epoch 49/60:  31%|███       | 12/39 [00:00<00:01, 23.92it/s, loss=0.2422, rec=0.1707, t=0.8965]
Epoch 49/60:  31%|███       | 12/39 [00:00<00:01, 23.92it/s, loss=0.2415, rec=0.1703, t=0.8964]
Epoch 49/60:  31%|███       | 12/39 [00:00<00:01, 23.92it/s, loss=0.2408, rec=0.1697, t=0.8964]
Epoch 49/60:  38%|███▊      | 15/39 [00:00<00:00, 24.13it/s, loss=0.2408, rec=0.1697, t=0.8964]
Epoch 49/60:  38%|███▊      | 15/39 [00:00<00:00, 24.13it/s, loss=0.2401, rec=0.1692, t=0.8963]
Epoch 49/60:  38%|███▊      | 15/39 [00:00<00:00, 24.13it/s, loss=0.2398, rec=0.1690, t=0.8963]
Epoch 49/60:  38%|███▊      | 15/39 [00:00<00:00, 24.13it/s, loss=0.2397, rec=0.1690, t=0.8962]
Epoch 49/60:  46%|████▌     | 18/39 [00:00<00:00, 25.01it/s, loss=0.2397, rec=0.1690, t=0.8962]
Epoch 49/60:  46%|████▌     | 18/39 [00:00<00:00, 25.01it/s, loss=0.2395, rec=0.1688, t=0.8962]
Epoch 49/60:  46%|████▌     | 18/39 [00:00<00:00, 25.01it/s, loss=0.2394, rec=0.1687, t=0.8961]
Epoch 49/60:  46%|████▌     | 18/39 [00:00<00:00, 25.01it/s, loss=0.2390, rec=0.1685, t=0.8961]
Epoch 49/60:  54%|█████▍    | 21/39 [00:00<00:00, 26.23it/s, loss=0.2390, rec=0.1685, t=0.8961]
Epoch 49/60:  54%|█████▍    | 21/39 [00:00<00:00, 26.23it/s, loss=0.2390, rec=0.1684, t=0.8960]
Epoch 49/60:  54%|█████▍    | 21/39 [00:00<00:00, 26.23it/s, loss=0.2389, rec=0.1684, t=0.8960]
Epoch 49/60:  54%|█████▍    | 21/39 [00:00<00:00, 26.23it/s, loss=0.2388, rec=0.1683, t=0.8959]
Epoch 49/60:  62%|██████▏   | 24/39 [00:00<00:00, 25.65it/s, loss=0.2388, rec=0.1683, t=0.8959]
Epoch 49/60:  62%|██████▏   | 24/39 [00:01<00:00, 25.65it/s, loss=0.2388, rec=0.1681, t=0.8959]
Epoch 49/60:  62%|██████▏   | 24/39 [00:01<00:00, 25.65it/s, loss=0.2387, rec=0.1681, t=0.8958]
Epoch 49/60:  62%|██████▏   | 24/39 [00:01<00:00, 25.65it/s, loss=0.2387, rec=0.1681, t=0.8958]
Epoch 49/60:  69%|██████▉   | 27/39 [00:01<00:00, 25.44it/s, loss=0.2387, rec=0.1681, t=0.8958]
Epoch 49/60:  69%|██████▉   | 27/39 [00:01<00:00, 25.44it/s, loss=0.2386, rec=0.1679, t=0.8957]
Epoch 49/60:  69%|██████▉   | 27/39 [00:01<00:00, 25.44it/s, loss=0.2384, rec=0.1678, t=0.8957]
Epoch 49/60:  69%|██████▉   | 27/39 [00:01<00:00, 25.44it/s, loss=0.2383, rec=0.1678, t=0.8956]
Epoch 49/60:  77%|███████▋  | 30/39 [00:01<00:00, 24.82it/s, loss=0.2383, rec=0.1678, t=0.8956]
Epoch 49/60:  77%|███████▋  | 30/39 [00:01<00:00, 24.82it/s, loss=0.2384, rec=0.1678, t=0.8956]
Epoch 49/60:  77%|███████▋  | 30/39 [00:01<00:00, 24.82it/s, loss=0.2383, rec=0.1677, t=0.8955]
Epoch 49/60:  77%|███████▋  | 30/39 [00:01<00:00, 24.82it/s, loss=0.2383, rec=0.1677, t=0.8954]
Epoch 49/60:  85%|████████▍ | 33/39 [00:01<00:00, 24.85it/s, loss=0.2383, rec=0.1677, t=0.8954]
Epoch 49/60:  85%|████████▍ | 33/39 [00:01<00:00, 24.85it/s, loss=0.2382, rec=0.1676, t=0.8954]
Epoch 49/60:  85%|████████▍ | 33/39 [00:01<00:00, 24.85it/s, loss=0.2380, rec=0.1674, t=0.8953]
Epoch 49/60:  85%|████████▍ | 33/39 [00:01<00:00, 24.85it/s, loss=0.2379, rec=0.1674, t=0.8953]
Epoch 49/60:  92%|█████████▏| 36/39 [00:01<00:00, 25.55it/s, loss=0.2379, rec=0.1674, t=0.8953]
Epoch 49/60:  92%|█████████▏| 36/39 [00:01<00:00, 25.55it/s, loss=0.2379, rec=0.1673, t=0.8952]
Epoch 49/60:  92%|█████████▏| 36/39 [00:01<00:00, 25.55it/s, loss=0.2380, rec=0.1674, t=0.8952]
Epoch 49/60:  92%|█████████▏| 36/39 [00:01<00:00, 25.55it/s, loss=0.2380, rec=0.1674, t=0.8951]
                                                                                               
[Epoch   49/60] loss=0.237981 | rec=0.167363 | cb=0.170457 | com=0.170457 | uniq=0.219178 | rqvae=0.059660 | t=0.895136 | global_step=1911
[EventC2 epoch 49] churn=0.11306724986331329 | churn_art=0.11028958718422674 | step_vs_snapshot=0.9234554401312193 | q2_used(events/articles)=38/38 | dead=90 | same_event_c2=1.0 | c123_collision=0.6456 | max_c4=126 | cb_q1/q2/q3=0.07654/0.05353/0.04038 | com_q1/q2/q3=0.07654/0.05353/0.04038

Epoch 50/60:   0%|          | 0/39 [00:00<?, ?it/s, loss=0.2361, rec=0.1670, t=0.8951]
Epoch 50/60:   0%|          | 0/39 [00:00<?, ?it/s, loss=0.2368, rec=0.1656, t=0.8950]
Epoch 50/60:   5%|▌         | 2/39 [00:00<00:02, 14.24it/s, loss=0.2368, rec=0.1656, t=0.8950]
Epoch 50/60:   5%|▌         | 2/39 [00:00<00:02, 14.24it/s, loss=0.2374, rec=0.1656, t=0.8950]
Epoch 50/60:   5%|▌         | 2/39 [00:00<00:02, 14.24it/s, loss=0.2362, rec=0.1647, t=0.8949]
Epoch 50/60:   5%|▌         | 2/39 [00:00<00:02, 14.24it/s, loss=0.2364, rec=0.1648, t=0.8949]
Epoch 50/60:  13%|█▎        | 5/39 [00:00<00:01, 19.07it/s, loss=0.2364, rec=0.1648, t=0.8949]
Epoch 50/60:  13%|█▎        | 5/39 [00:00<00:01, 19.07it/s, loss=0.2366, rec=0.1651, t=0.8948]
Epoch 50/60:  13%|█▎        | 5/39 [00:00<00:01, 19.07it/s, loss=0.2358, rec=0.1642, t=0.8948]
Epoch 50/60:  13%|█▎        | 5/39 [00:00<00:01, 19.07it/s, loss=0.2363, rec=0.1646, t=0.8947]
Epoch 50/60:  21%|██        | 8/39 [00:00<00:01, 21.39it/s, loss=0.2363, rec=0.1646, t=0.8947]
Epoch 50/60:  21%|██        | 8/39 [00:00<00:01, 21.39it/s, loss=0.2366, rec=0.1648, t=0.8947]
Epoch 50/60:  21%|██        | 8/39 [00:00<00:01, 21.39it/s, loss=0.2365, rec=0.1647, t=0.8946]
Epoch 50/60:  21%|██        | 8/39 [00:00<00:01, 21.39it/s, loss=0.2362, rec=0.1645, t=0.8946]
Epoch 50/60:  28%|██▊       | 11/39 [00:00<00:01, 22.36it/s, loss=0.2362, rec=0.1645, t=0.8946]
Epoch 50/60:  28%|██▊       | 11/39 [00:00<00:01, 22.36it/s, loss=0.2361, rec=0.1645, t=0.8945]
Epoch 50/60:  28%|██▊       | 11/39 [00:00<00:01, 22.36it/s, loss=0.2362, rec=0.1646, t=0.8945]
Epoch 50/60:  28%|██▊       | 11/39 [00:00<00:01, 22.36it/s, loss=0.2361, rec=0.1646, t=0.8944]
Epoch 50/60:  36%|███▌      | 14/39 [00:00<00:01, 23.01it/s, loss=0.2361, rec=0.1646, t=0.8944]
Epoch 50/60:  36%|███▌      | 14/39 [00:00<00:01, 23.01it/s, loss=0.2360, rec=0.1645, t=0.8944]
Epoch 50/60:  36%|███▌      | 14/39 [00:00<00:01, 23.01it/s, loss=0.2357, rec=0.1644, t=0.8943]
Epoch 50/60:  36%|███▌      | 14/39 [00:00<00:01, 23.01it/s, loss=0.2358, rec=0.1645, t=0.8943]
Epoch 50/60:  44%|████▎     | 17/39 [00:00<00:00, 23.53it/s, loss=0.2358, rec=0.1645, t=0.8943]
Epoch 50/60:  44%|████▎     | 17/39 [00:00<00:00, 23.53it/s, loss=0.2359, rec=0.1645, t=0.8942]
Epoch 50/60:  44%|████▎     | 17/39 [00:00<00:00, 23.53it/s, loss=0.2360, rec=0.1646, t=0.8941]
Epoch 50/60:  44%|████▎     | 17/39 [00:00<00:00, 23.53it/s, loss=0.2358, rec=0.1645, t=0.8941]
Epoch 50/60:  51%|█████▏    | 20/39 [00:00<00:00, 23.05it/s, loss=0.2358, rec=0.1645, t=0.8941]
Epoch 50/60:  51%|█████▏    | 20/39 [00:00<00:00, 23.05it/s, loss=0.2358, rec=0.1645, t=0.8940]
Epoch 50/60:  51%|█████▏    | 20/39 [00:00<00:00, 23.05it/s, loss=0.2358, rec=0.1645, t=0.8940]
Epoch 50/60:  51%|█████▏    | 20/39 [00:01<00:00, 23.05it/s, loss=0.2358, rec=0.1645, t=0.8939]
Epoch 50/60:  59%|█████▉    | 23/39 [00:01<00:00, 22.64it/s, loss=0.2358, rec=0.1645, t=0.8939]
Epoch 50/60:  59%|█████▉    | 23/39 [00:01<00:00, 22.64it/s, loss=0.2358, rec=0.1645, t=0.8939]
Epoch 50/60:  59%|█████▉    | 23/39 [00:01<00:00, 22.64it/s, loss=0.2361, rec=0.1646, t=0.8938]
Epoch 50/60:  59%|█████▉    | 23/39 [00:01<00:00, 22.64it/s, loss=0.2360, rec=0.1645, t=0.8938]
Epoch 50/60:  67%|██████▋   | 26/39 [00:01<00:00, 23.46it/s, loss=0.2360, rec=0.1645, t=0.8938]
Epoch 50/60:  67%|██████▋   | 26/39 [00:01<00:00, 23.46it/s, loss=0.2360, rec=0.1643, t=0.8937]
Epoch 50/60:  67%|██████▋   | 26/39 [00:01<00:00, 23.46it/s, loss=0.2360, rec=0.1644, t=0.8937]
Epoch 50/60:  67%|██████▋   | 26/39 [00:01<00:00, 23.46it/s, loss=0.2360, rec=0.1643, t=0.8936]
Epoch 50/60:  74%|███████▍  | 29/39 [00:01<00:00, 24.62it/s, loss=0.2360, rec=0.1643, t=0.8936]
Epoch 50/60:  74%|███████▍  | 29/39 [00:01<00:00, 24.62it/s, loss=0.2361, rec=0.1643, t=0.8936]
Epoch 50/60:  74%|███████▍  | 29/39 [00:01<00:00, 24.62it/s, loss=0.2362, rec=0.1644, t=0.8935]
Epoch 50/60:  74%|███████▍  | 29/39 [00:01<00:00, 24.62it/s, loss=0.2363, rec=0.1644, t=0.8935]
Epoch 50/60:  82%|████████▏ | 32/39 [00:01<00:00, 25.77it/s, loss=0.2363, rec=0.1644, t=0.8935]
Epoch 50/60:  82%|████████▏ | 32/39 [00:01<00:00, 25.77it/s, loss=0.2364, rec=0.1644, t=0.8934]
Epoch 50/60:  82%|████████▏ | 32/39 [00:01<00:00, 25.77it/s, loss=0.2366, rec=0.1644, t=0.8934]
Epoch 50/60:  82%|████████▏ | 32/39 [00:01<00:00, 25.77it/s, loss=0.2366, rec=0.1644, t=0.8933]
Epoch 50/60:  90%|████████▉ | 35/39 [00:01<00:00, 26.42it/s, loss=0.2366, rec=0.1644, t=0.8933]
Epoch 50/60:  90%|████████▉ | 35/39 [00:01<00:00, 26.42it/s, loss=0.2367, rec=0.1644, t=0.8933]
Epoch 50/60:  90%|████████▉ | 35/39 [00:01<00:00, 26.42it/s, loss=0.2367, rec=0.1644, t=0.8932]
Epoch 50/60:  90%|████████▉ | 35/39 [00:01<00:00, 26.42it/s, loss=0.2368, rec=0.1644, t=0.8932]
Epoch 50/60:  90%|████████▉ | 35/39 [00:01<00:00, 26.42it/s, loss=0.2368, rec=0.1644, t=0.8931]
Epoch 50/60: 100%|██████████| 39/39 [00:01<00:00, 30.17it/s, loss=0.2368, rec=0.1644, t=0.8931]
                                                                                               
[Epoch   50/60] loss=0.236787 | rec=0.164419 | cb=0.177560 | com=0.177560 | uniq=0.204453 | rqvae=0.062146 | t=0.893113 | global_step=1950
[EventC2 epoch 50] churn=0.0953526517222526 | churn_art=0.09539946600944753 | step_vs_snapshot=0.9346090759978131 | q2_used(events/articles)=38/38 | dead=90 | same_event_c2=1.0 | c123_collision=0.6418 | max_c4=135 | cb_q1/q2/q3=0.07995/0.05578/0.04183 | com_q1/q2/q3=0.07995/0.05578/0.04183
[Validation epoch 50] loss=0.237157 | rec=0.166504 | cb=0.173456 | com=0.173456 | uniq=0.198871 | rqvae=0.060710
[Best Checkpoint] Reconstruction Loss improved -> <scratch>/mid_run_event/checkpoint_best_rec.pt
[EarlyStopping] epoch=50 | improved_total=False | improved_rec=True | counter=0/20 | best_total=0.217881@20 | best_rec=0.166504@50
Saved checkpoint: <scratch>/mid_run_event/checkpoint_epoch_50.pt

Epoch 51/60:   0%|          | 0/39 [00:00<?, ?it/s, loss=0.2313, rec=0.1627, t=0.8931]
Epoch 51/60:   0%|          | 0/39 [00:00<?, ?it/s, loss=0.2295, rec=0.1590, t=0.8930]
Epoch 51/60:   0%|          | 0/39 [00:00<?, ?it/s, loss=0.2317, rec=0.1611, t=0.8930]
Epoch 51/60:   8%|▊         | 3/39 [00:00<00:01, 23.74it/s, loss=0.2317, rec=0.1611, t=0.8930]
Epoch 51/60:   8%|▊         | 3/39 [00:00<00:01, 23.74it/s, loss=0.2333, rec=0.1621, t=0.8929]
Epoch 51/60:   8%|▊         | 3/39 [00:00<00:01, 23.74it/s, loss=0.2346, rec=0.1627, t=0.8929]
Epoch 51/60:   8%|▊         | 3/39 [00:00<00:01, 23.74it/s, loss=0.2351, rec=0.1630, t=0.8928]
Epoch 51/60:  15%|█▌        | 6/39 [00:00<00:01, 26.65it/s, loss=0.2351, rec=0.1630, t=0.8928]
Epoch 51/60:  15%|█▌        | 6/39 [00:00<00:01, 26.65it/s, loss=0.2357, rec=0.1635, t=0.8928]
Epoch 51/60:  15%|█▌        | 6/39 [00:00<00:01, 26.65it/s, loss=0.2361, rec=0.1640, t=0.8927]
Epoch 51/60:  15%|█▌        | 6/39 [00:00<00:01, 26.65it/s, loss=0.2361, rec=0.1641, t=0.8926]
Epoch 51/60:  23%|██▎       | 9/39 [00:00<00:01, 27.08it/s, loss=0.2361, rec=0.1641, t=0.8926]
Epoch 51/60:  23%|██▎       | 9/39 [00:00<00:01, 27.08it/s, loss=0.2362, rec=0.1639, t=0.8926]
Epoch 51/60:  23%|██▎       | 9/39 [00:00<00:01, 27.08it/s, loss=0.2359, rec=0.1639, t=0.8925]
Epoch 51/60:  23%|██▎       | 9/39 [00:00<00:01, 27.08it/s, loss=0.2363, rec=0.1642, t=0.8925]
Epoch 51/60:  31%|███       | 12/39 [00:00<00:00, 27.84it/s, loss=0.2363, rec=0.1642, t=0.8925]
Epoch 51/60:  31%|███       | 12/39 [00:00<00:00, 27.84it/s, loss=0.2364, rec=0.1642, t=0.8924]
Epoch 51/60:  31%|███       | 12/39 [00:00<00:00, 27.84it/s, loss=0.2365, rec=0.1644, t=0.8924]
Epoch 51/60:  31%|███       | 12/39 [00:00<00:00, 27.84it/s, loss=0.2366, rec=0.1643, t=0.8923]
Epoch 51/60:  38%|███▊      | 15/39 [00:00<00:00, 28.02it/s, loss=0.2366, rec=0.1643, t=0.8923]
Epoch 51/60:  38%|███▊      | 15/39 [00:00<00:00, 28.02it/s, loss=0.2372, rec=0.1645, t=0.8923]
Epoch 51/60:  38%|███▊      | 15/39 [00:00<00:00, 28.02it/s, loss=0.2374, rec=0.1646, t=0.8922]
Epoch 51/60:  38%|███▊      | 15/39 [00:00<00:00, 28.02it/s, loss=0.2376, rec=0.1646, t=0.8922]
Epoch 51/60:  46%|████▌     | 18/39 [00:00<00:00, 28.19it/s, loss=0.2376, rec=0.1646, t=0.8922]
Epoch 51/60:  46%|████▌     | 18/39 [00:00<00:00, 28.19it/s, loss=0.2383, rec=0.1651, t=0.8921]
Epoch 51/60:  46%|████▌     | 18/39 [00:00<00:00, 28.19it/s, loss=0.2394, rec=0.1658, t=0.8921]
Epoch 51/60:  46%|████▌     | 18/39 [00:00<00:00, 28.19it/s, loss=0.2404, rec=0.1664, t=0.8920]
Epoch 51/60:  54%|█████▍    | 21/39 [00:00<00:00, 28.25it/s, loss=0.2404, rec=0.1664, t=0.8920]
Epoch 51/60:  54%|█████▍    | 21/39 [00:00<00:00, 28.25it/s, loss=0.2416, rec=0.1671, t=0.8920]
Epoch 51/60:  54%|█████▍    | 21/39 [00:00<00:00, 28.25it/s, loss=0.2419, rec=0.1672, t=0.8919]
Epoch 51/60:  54%|█████▍    | 21/39 [00:00<00:00, 28.25it/s, loss=0.2419, rec=0.1673, t=0.8919]
Epoch 51/60:  62%|██████▏   | 24/39 [00:00<00:00, 28.18it/s, loss=0.2419, rec=0.1673, t=0.8919]
Epoch 51/60:  62%|██████▏   | 24/39 [00:00<00:00, 28.18it/s, loss=0.2420, rec=0.1673, t=0.8918]
Epoch 51/60:  62%|██████▏   | 24/39 [00:00<00:00, 28.18it/s, loss=0.2422, rec=0.1673, t=0.8918]
Epoch 51/60:  62%|██████▏   | 24/39 [00:00<00:00, 28.18it/s, loss=0.2422, rec=0.1673, t=0.8917]
Epoch 51/60:  69%|██████▉   | 27/39 [00:00<00:00, 28.16it/s, loss=0.2422, rec=0.1673, t=0.8917]
Epoch 51/60:  69%|██████▉   | 27/39 [00:01<00:00, 28.16it/s, loss=0.2421, rec=0.1672, t=0.8917]
Epoch 51/60:  69%|██████▉   | 27/39 [00:01<00:00, 28.16it/s, loss=0.2420, rec=0.1671, t=0.8916]
Epoch 51/60:  69%|██████▉   | 27/39 [00:01<00:00, 28.16it/s, loss=0.2419, rec=0.1670, t=0.8916]
Epoch 51/60:  77%|███████▋  | 30/39 [00:01<00:00, 28.18it/s, loss=0.2419, rec=0.1670, t=0.8916]
Epoch 51/60:  77%|███████▋  | 30/39 [00:01<00:00, 28.18it/s, loss=0.2417, rec=0.1669, t=0.8915]
Epoch 51/60:  77%|███████▋  | 30/39 [00:01<00:00, 28.18it/s, loss=0.2416, rec=0.1669, t=0.8915]
Epoch 51/60:  77%|███████▋  | 30/39 [00:01<00:00, 28.18it/s, loss=0.2414, rec=0.1668, t=0.8914]
Epoch 51/60:  85%|████████▍ | 33/39 [00:01<00:00, 28.17it/s, loss=0.2414, rec=0.1668, t=0.8914]
Epoch 51/60:  85%|████████▍ | 33/39 [00:01<00:00, 28.17it/s, loss=0.2413, rec=0.1668, t=0.8914]
Epoch 51/60:  85%|████████▍ | 33/39 [00:01<00:00, 28.17it/s, loss=0.2412, rec=0.1667, t=0.8913]
Epoch 51/60:  85%|████████▍ | 33/39 [00:01<00:00, 28.17it/s, loss=0.2411, rec=0.1667, t=0.8913]
Epoch 51/60:  92%|█████████▏| 36/39 [00:01<00:00, 27.96it/s, loss=0.2411, rec=0.1667, t=0.8913]
Epoch 51/60:  92%|█████████▏| 36/39 [00:01<00:00, 27.96it/s, loss=0.2411, rec=0.1667, t=0.8912]
Epoch 51/60:  92%|█████████▏| 36/39 [00:01<00:00, 27.96it/s, loss=0.2410, rec=0.1666, t=0.8911]
Epoch 51/60:  92%|█████████▏| 36/39 [00:01<00:00, 27.96it/s, loss=0.2410, rec=0.1667, t=0.8911]
                                                                                               
[Epoch   51/60] loss=0.240999 | rec=0.166658 | cb=0.185052 | com=0.185052 | uniq=0.191460 | rqvae=0.064768 | t=0.891095 | global_step=1989
[EventC2 epoch 51] churn=0.11842536905412794 | churn_art=0.11799137399876772 | step_vs_snapshot=0.8983050847457628 | q2_used(events/articles)=41/41 | dead=87 | same_event_c2=1.0 | c123_collision=0.6471 | max_c4=124 | cb_q1/q2/q3=0.08229/0.05823/0.04453 | com_q1/q2/q3=0.08229/0.05823/0.04453

Epoch 52/60:   0%|          | 0/39 [00:00<?, ?it/s, loss=0.2358, rec=0.1660, t=0.8910]
Epoch 52/60:   0%|          | 0/39 [00:00<?, ?it/s, loss=0.2365, rec=0.1657, t=0.8910]
Epoch 52/60:   0%|          | 0/39 [00:00<?, ?it/s, loss=0.2387, rec=0.1661, t=0.8909]
Epoch 52/60:   8%|▊         | 3/39 [00:00<00:01, 24.16it/s, loss=0.2387, rec=0.1661, t=0.8909]
Epoch 52/60:   8%|▊         | 3/39 [00:00<00:01, 24.16it/s, loss=0.2396, rec=0.1660, t=0.8909]
Epoch 52/60:   8%|▊         | 3/39 [00:00<00:01, 24.16it/s, loss=0.2405, rec=0.1661, t=0.8908]
Epoch 52/60:   8%|▊         | 3/39 [00:00<00:01, 24.16it/s, loss=0.2412, rec=0.1664, t=0.8908]
Epoch 52/60:  15%|█▌        | 6/39 [00:00<00:01, 26.69it/s, loss=0.2412, rec=0.1664, t=0.8908]
Epoch 52/60:  15%|█▌        | 6/39 [00:00<00:01, 26.69it/s, loss=0.2417, rec=0.1666, t=0.8907]
Epoch 52/60:  15%|█▌        | 6/39 [00:00<00:01, 26.69it/s, loss=0.2427, rec=0.1669, t=0.8907]
Epoch 52/60:  15%|█▌        | 6/39 [00:00<00:01, 26.69it/s, loss=0.2426, rec=0.1667, t=0.8906]
Epoch 52/60:  23%|██▎       | 9/39 [00:00<00:01, 27.57it/s, loss=0.2426, rec=0.1667, t=0.8906]
Epoch 52/60:  23%|██▎       | 9/39 [00:00<00:01, 27.57it/s, loss=0.2426, rec=0.1667, t=0.8906]
Epoch 52/60:  23%|██▎       | 9/39 [00:00<00:01, 27.57it/s, loss=0.2428, rec=0.1669, t=0.8905]
Epoch 52/60:  23%|██▎       | 9/39 [00:00<00:01, 27.57it/s, loss=0.2425, rec=0.1667, t=0.8905]
Epoch 52/60:  31%|███       | 12/39 [00:00<00:00, 27.03it/s, loss=0.2425, rec=0.1667, t=0.8905]
Epoch 52/60:  31%|███       | 12/39 [00:00<00:00, 27.03it/s, loss=0.2424, rec=0.1667, t=0.8904]
Epoch 52/60:  31%|███       | 12/39 [00:00<00:00, 27.03it/s, loss=0.2423, rec=0.1668, t=0.8904]
Epoch 52/60:  31%|███       | 12/39 [00:00<00:00, 27.03it/s, loss=0.2421, rec=0.1667, t=0.8903]
Epoch 52/60:  38%|███▊      | 15/39 [00:00<00:00, 27.70it/s, loss=0.2421, rec=0.1667, t=0.8903]
Epoch 52/60:  38%|███▊      | 15/39 [00:00<00:00, 27.70it/s, loss=0.2419, rec=0.1666, t=0.8903]
Epoch 52/60:  38%|███▊      | 15/39 [00:00<00:00, 27.70it/s, loss=0.2417, rec=0.1665, t=0.8902]
Epoch 52/60:  38%|███▊      | 15/39 [00:00<00:00, 27.70it/s, loss=0.2415, rec=0.1664, t=0.8902]
Epoch 52/60:  46%|████▌     | 18/39 [00:00<00:00, 28.23it/s, loss=0.2415, rec=0.1664, t=0.8902]
Epoch 52/60:  46%|████▌     | 18/39 [00:00<00:00, 28.23it/s, loss=0.2414, rec=0.1663, t=0.8901]
Epoch 52/60:  46%|████▌     | 18/39 [00:00<00:00, 28.23it/s, loss=0.2413, rec=0.1663, t=0.8901]
Epoch 52/60:  46%|████▌     | 18/39 [00:00<00:00, 28.23it/s, loss=0.2412, rec=0.1664, t=0.8900]
Epoch 52/60:  54%|█████▍    | 21/39 [00:00<00:00, 28.73it/s, loss=0.2412, rec=0.1664, t=0.8900]
Epoch 52/60:  54%|█████▍    | 21/39 [00:00<00:00, 28.73it/s, loss=0.2410, rec=0.1664, t=0.8900]
Epoch 52/60:  54%|█████▍    | 21/39 [00:00<00:00, 28.73it/s, loss=0.2407, rec=0.1662, t=0.8899]
Epoch 52/60:  54%|█████▍    | 21/39 [00:00<00:00, 28.73it/s, loss=0.2407, rec=0.1662, t=0.8899]
Epoch 52/60:  62%|██████▏   | 24/39 [00:00<00:00, 29.12it/s, loss=0.2407, rec=0.1662, t=0.8899]
Epoch 52/60:  62%|██████▏   | 24/39 [00:00<00:00, 29.12it/s, loss=0.2405, rec=0.1662, t=0.8898]
Epoch 52/60:  62%|██████▏   | 24/39 [00:00<00:00, 29.12it/s, loss=0.2402, rec=0.1661, t=0.8898]
Epoch 52/60:  62%|██████▏   | 24/39 [00:00<00:00, 29.12it/s, loss=0.2402, rec=0.1661, t=0.8897]
Epoch 52/60:  62%|██████▏   | 24/39 [00:00<00:00, 29.12it/s, loss=0.2402, rec=0.1661, t=0.8896]
Epoch 52/60:  72%|███████▏  | 28/39 [00:00<00:00, 29.55it/s, loss=0.2402, rec=0.1661, t=0.8896]
Epoch 52/60:  72%|███████▏  | 28/39 [00:01<00:00, 29.55it/s, loss=0.2400, rec=0.1659, t=0.8896]
Epoch 52/60:  72%|███████▏  | 28/39 [00:01<00:00, 29.55it/s, loss=0.2398, rec=0.1659, t=0.8895]
Epoch 52/60:  72%|███████▏  | 28/39 [00:01<00:00, 29.55it/s, loss=0.2398, rec=0.1660, t=0.8895]
Epoch 52/60:  72%|███████▏  | 28/39 [00:01<00:00, 29.55it/s, loss=0.2399, rec=0.1660, t=0.8894]
Epoch 52/60:  82%|████████▏ | 32/39 [00:01<00:00, 29.80it/s, loss=0.2399, rec=0.1660, t=0.8894]
Epoch 52/60:  82%|████████▏ | 32/39 [00:01<00:00, 29.80it/s, loss=0.2399, rec=0.1660, t=0.8894]
Epoch 52/60:  82%|████████▏ | 32/39 [00:01<00:00, 29.80it/s, loss=0.2398, rec=0.1659, t=0.8893]
Epoch 52/60:  82%|████████▏ | 32/39 [00:01<00:00, 29.80it/s, loss=0.2399, rec=0.1659, t=0.8893]
Epoch 52/60:  82%|████████▏ | 32/39 [00:01<00:00, 29.80it/s, loss=0.2400, rec=0.1659, t=0.8892]
Epoch 52/60:  92%|█████████▏| 36/39 [00:01<00:00, 30.21it/s, loss=0.2400, rec=0.1659, t=0.8892]
Epoch 52/60:  92%|█████████▏| 36/39 [00:01<00:00, 30.21it/s, loss=0.2401, rec=0.1660, t=0.8892]
Epoch 52/60:  92%|█████████▏| 36/39 [00:01<00:00, 30.21it/s, loss=0.2402, rec=0.1660, t=0.8891]
Epoch 52/60:  92%|█████████▏| 36/39 [00:01<00:00, 30.21it/s, loss=0.2402, rec=0.1660, t=0.8891]
                                                                                               
[Epoch   52/60] loss=0.240231 | rec=0.166028 | cb=0.183547 | com=0.183547 | uniq=0.199217 | rqvae=0.064241 | t=0.889082 | global_step=2028
[EventC2 epoch 52] churn=0.11689447785675232 | churn_art=0.11552680221811461 | step_vs_snapshot=0.9259704756697649 | q2_used(events/articles)=41/41 | dead=87 | same_event_c2=1.0 | c123_collision=0.6241 | max_c4=116 | cb_q1/q2/q3=0.08193/0.05770/0.04392 | com_q1/q2/q3=0.08193/0.05770/0.04392

Epoch 53/60:   0%|          | 0/39 [00:00<?, ?it/s, loss=0.2382, rec=0.1643, t=0.8890]
Epoch 53/60:   0%|          | 0/39 [00:00<?, ?it/s, loss=0.2380, rec=0.1646, t=0.8890]
Epoch 53/60:   0%|          | 0/39 [00:00<?, ?it/s, loss=0.2392, rec=0.1653, t=0.8889]
Epoch 53/60:   8%|▊         | 3/39 [00:00<00:01, 24.70it/s, loss=0.2392, rec=0.1653, t=0.8889]
Epoch 53/60:   8%|▊         | 3/39 [00:00<00:01, 24.70it/s, loss=0.2390, rec=0.1653, t=0.8889]
Epoch 53/60:   8%|▊         | 3/39 [00:00<00:01, 24.70it/s, loss=0.2387, rec=0.1658, t=0.8888]
Epoch 53/60:   8%|▊         | 3/39 [00:00<00:01, 24.70it/s, loss=0.2383, rec=0.1652, t=0.8888]
Epoch 53/60:  15%|█▌        | 6/39 [00:00<00:01, 27.56it/s, loss=0.2383, rec=0.1652, t=0.8888]
Epoch 53/60:  15%|█▌        | 6/39 [00:00<00:01, 27.56it/s, loss=0.2383, rec=0.1652, t=0.8887]
Epoch 53/60:  15%|█▌        | 6/39 [00:00<00:01, 27.56it/s, loss=0.2373, rec=0.1645, t=0.8887]
Epoch 53/60:  15%|█▌        | 6/39 [00:00<00:01, 27.56it/s, loss=0.2375, rec=0.1645, t=0.8886]
Epoch 53/60:  15%|█▌        | 6/39 [00:00<00:01, 27.56it/s, loss=0.2370, rec=0.1639, t=0.8886]
Epoch 53/60:  26%|██▌       | 10/39 [00:00<00:01, 28.89it/s, loss=0.2370, rec=0.1639, t=0.8886]
Epoch 53/60:  26%|██▌       | 10/39 [00:00<00:01, 28.89it/s, loss=0.2376, rec=0.1642, t=0.8885]
Epoch 53/60:  26%|██▌       | 10/39 [00:00<00:01, 28.89it/s, loss=0.2375, rec=0.1642, t=0.8885]
Epoch 53/60:  26%|██▌       | 10/39 [00:00<00:01, 28.89it/s, loss=0.2374, rec=0.1639, t=0.8884]
Epoch 53/60:  33%|███▎      | 13/39 [00:00<00:00, 29.05it/s, loss=0.2374, rec=0.1639, t=0.8884]
Epoch 53/60:  33%|███▎      | 13/39 [00:00<00:00, 29.05it/s, loss=0.2373, rec=0.1638, t=0.8884]
Epoch 53/60:  33%|███▎      | 13/39 [00:00<00:00, 29.05it/s, loss=0.2374, rec=0.1638, t=0.8883]
Epoch 53/60:  33%|███▎      | 13/39 [00:00<00:00, 29.05it/s, loss=0.2373, rec=0.1637, t=0.8883]
Epoch 53/60:  33%|███▎      | 13/39 [00:00<00:00, 29.05it/s, loss=0.2376, rec=0.1639, t=0.8882]
Epoch 53/60:  44%|████▎     | 17/39 [00:00<00:00, 29.68it/s, loss=0.2376, rec=0.1639, t=0.8882]
Epoch 53/60:  44%|████▎     | 17/39 [00:00<00:00, 29.68it/s, loss=0.2377, rec=0.1640, t=0.8882]
Epoch 53/60:  44%|████▎     | 17/39 [00:00<00:00, 29.68it/s, loss=0.2378, rec=0.1640, t=0.8881]
Epoch 53/60:  44%|████▎     | 17/39 [00:00<00:00, 29.68it/s, loss=0.2379, rec=0.1641, t=0.8881]
Epoch 53/60:  44%|████▎     | 17/39 [00:00<00:00, 29.68it/s, loss=0.2381, rec=0.1642, t=0.8880]
Epoch 53/60:  54%|█████▍    | 21/39 [00:00<00:00, 30.05it/s, loss=0.2381, rec=0.1642, t=0.8880]
Epoch 53/60:  54%|█████▍    | 21/39 [00:00<00:00, 30.05it/s, loss=0.2382, rec=0.1640, t=0.8879]
Epoch 53/60:  54%|█████▍    | 21/39 [00:00<00:00, 30.05it/s, loss=0.2387, rec=0.1643, t=0.8879]
Epoch 53/60:  54%|█████▍    | 21/39 [00:00<00:00, 30.05it/s, loss=0.2389, rec=0.1643, t=0.8878]
Epoch 53/60:  54%|█████▍    | 21/39 [00:00<00:00, 30.05it/s, loss=0.2391, rec=0.1644, t=0.8878]
Epoch 53/60:  64%|██████▍   | 25/39 [00:00<00:00, 30.38it/s, loss=0.2391, rec=0.1644, t=0.8878]
Epoch 53/60:  64%|██████▍   | 25/39 [00:00<00:00, 30.38it/s, loss=0.2392, rec=0.1644, t=0.8877]
Epoch 53/60:  64%|██████▍   | 25/39 [00:00<00:00, 30.38it/s, loss=0.2392, rec=0.1644, t=0.8877]
Epoch 53/60:  64%|██████▍   | 25/39 [00:00<00:00, 30.38it/s, loss=0.2392, rec=0.1644, t=0.8876]
Epoch 53/60:  64%|██████▍   | 25/39 [00:00<00:00, 30.38it/s, loss=0.2393, rec=0.1645, t=0.8876]
Epoch 53/60:  74%|███████▍  | 29/39 [00:00<00:00, 30.47it/s, loss=0.2393, rec=0.1645, t=0.8876]
Epoch 53/60:  74%|███████▍  | 29/39 [00:01<00:00, 30.47it/s, loss=0.2396, rec=0.1646, t=0.8875]
Epoch 53/60:  74%|███████▍  | 29/39 [00:01<00:00, 30.47it/s, loss=0.2395, rec=0.1645, t=0.8875]
Epoch 53/60:  74%|███████▍  | 29/39 [00:01<00:00, 30.47it/s, loss=0.2396, rec=0.1646, t=0.8874]
Epoch 53/60:  74%|███████▍  | 29/39 [00:01<00:00, 30.47it/s, loss=0.2397, rec=0.1646, t=0.8874]
Epoch 53/60:  85%|████████▍ | 33/39 [00:01<00:00, 30.52it/s, loss=0.2397, rec=0.1646, t=0.8874]
Epoch 53/60:  85%|████████▍ | 33/39 [00:01<00:00, 30.52it/s, loss=0.2397, rec=0.1647, t=0.8873]
Epoch 53/60:  85%|████████▍ | 33/39 [00:01<00:00, 30.52it/s, loss=0.2397, rec=0.1645, t=0.8873]
Epoch 53/60:  85%|████████▍ | 33/39 [00:01<00:00, 30.52it/s, loss=0.2395, rec=0.1645, t=0.8872]
Epoch 53/60:  85%|████████▍ | 33/39 [00:01<00:00, 30.52it/s, loss=0.2394, rec=0.1644, t=0.8872]
Epoch 53/60:  95%|█████████▍| 37/39 [00:01<00:00, 30.80it/s, loss=0.2394, rec=0.1644, t=0.8872]
Epoch 53/60:  95%|█████████▍| 37/39 [00:01<00:00, 30.80it/s, loss=0.2395, rec=0.1644, t=0.8871]
Epoch 53/60:  95%|█████████▍| 37/39 [00:01<00:00, 30.80it/s, loss=0.2394, rec=0.1644, t=0.8871]
                                                                                               
[Epoch   53/60] loss=0.239434 | rec=0.164427 | cb=0.187073 | com=0.187073 | uniq=0.190626 | rqvae=0.065475 | t=0.887073 | global_step=2067
[EventC2 epoch 53] churn=0.09349371241115363 | churn_art=0.09344834668309715 | step_vs_snapshot=0.932640787315473 | q2_used(events/articles)=48/48 | dead=80 | same_event_c2=1.0 | c123_collision=0.6220 | max_c4=110 | cb_q1/q2/q3=0.08354/0.05882/0.04471 | com_q1/q2/q3=0.08354/0.05882/0.04471

Epoch 54/60:   0%|          | 0/39 [00:00<?, ?it/s, loss=0.2366, rec=0.1632, t=0.8870]
Epoch 54/60:   0%|          | 0/39 [00:00<?, ?it/s, loss=0.2380, rec=0.1636, t=0.8870]
Epoch 54/60:   0%|          | 0/39 [00:00<?, ?it/s, loss=0.2386, rec=0.1643, t=0.8869]
Epoch 54/60:   8%|▊         | 3/39 [00:00<00:01, 25.35it/s, loss=0.2386, rec=0.1643, t=0.8869]
Epoch 54/60:   8%|▊         | 3/39 [00:00<00:01, 25.35it/s, loss=0.2380, rec=0.1645, t=0.8869]
Epoch 54/60:   8%|▊         | 3/39 [00:00<00:01, 25.35it/s, loss=0.2384, rec=0.1647, t=0.8868]
Epoch 54/60:   8%|▊         | 3/39 [00:00<00:01, 25.35it/s, loss=0.2381, rec=0.1642, t=0.8868]
Epoch 54/60:  15%|█▌        | 6/39 [00:00<00:01, 27.67it/s, loss=0.2381, rec=0.1642, t=0.8868]
Epoch 54/60:  15%|█▌        | 6/39 [00:00<00:01, 27.67it/s, loss=0.2382, rec=0.1640, t=0.8867]
Epoch 54/60:  15%|█▌        | 6/39 [00:00<00:01, 27.67it/s, loss=0.2395, rec=0.1644, t=0.8867]
Epoch 54/60:  15%|█▌        | 6/39 [00:00<00:01, 27.67it/s, loss=0.2406, rec=0.1646, t=0.8866]
Epoch 54/60:  23%|██▎       | 9/39 [00:00<00:01, 28.63it/s, loss=0.2406, rec=0.1646, t=0.8866]
Epoch 54/60:  23%|██▎       | 9/39 [00:00<00:01, 28.63it/s, loss=0.2411, rec=0.1646, t=0.8866]
Epoch 54/60:  23%|██▎       | 9/39 [00:00<00:01, 28.63it/s, loss=0.2423, rec=0.1649, t=0.8865]
Epoch 54/60:  23%|██▎       | 9/39 [00:00<00:01, 28.63it/s, loss=0.2435, rec=0.1657, t=0.8865]
Epoch 54/60:  23%|██▎       | 9/39 [00:00<00:01, 28.63it/s, loss=0.2448, rec=0.1663, t=0.8864]
Epoch 54/60:  33%|███▎      | 13/39 [00:00<00:00, 29.58it/s, loss=0.2448, rec=0.1663, t=0.8864]
Epoch 54/60:  33%|███▎      | 13/39 [00:00<00:00, 29.58it/s, loss=0.2456, rec=0.1670, t=0.8864]
Epoch 54/60:  33%|███▎      | 13/39 [00:00<00:00, 29.58it/s, loss=0.2457, rec=0.1671, t=0.8863]
Epoch 54/60:  33%|███▎      | 13/39 [00:00<00:00, 29.58it/s, loss=0.2459, rec=0.1671, t=0.8863]
Epoch 54/60:  33%|███▎      | 13/39 [00:00<00:00, 29.58it/s, loss=0.2457, rec=0.1669, t=0.8862]
Epoch 54/60:  44%|████▎     | 17/39 [00:00<00:00, 30.10it/s, loss=0.2457, rec=0.1669, t=0.8862]
Epoch 54/60:  44%|████▎     | 17/39 [00:00<00:00, 30.10it/s, loss=0.2454, rec=0.1668, t=0.8861]
Epoch 54/60:  44%|████▎     | 17/39 [00:00<00:00, 30.10it/s, loss=0.2451, rec=0.1668, t=0.8861]
Epoch 54/60:  44%|████▎     | 17/39 [00:00<00:00, 30.10it/s, loss=0.2450, rec=0.1667, t=0.8860]
Epoch 54/60:  44%|████▎     | 17/39 [00:00<00:00, 30.10it/s, loss=0.2452, rec=0.1669, t=0.8860]
Epoch 54/60:  54%|█████▍    | 21/39 [00:00<00:00, 30.39it/s, loss=0.2452, rec=0.1669, t=0.8860]
Epoch 54/60:  54%|█████▍    | 21/39 [00:00<00:00, 30.39it/s, loss=0.2449, rec=0.1668, t=0.8859]
Epoch 54/60:  54%|█████▍    | 21/39 [00:00<00:00, 30.39it/s, loss=0.2449, rec=0.1669, t=0.8859]
Epoch 54/60:  54%|█████▍    | 21/39 [00:00<00:00, 30.39it/s, loss=0.2449, rec=0.1670, t=0.8858]
Epoch 54/60:  54%|█████▍    | 21/39 [00:00<00:00, 30.39it/s, loss=0.2447, rec=0.1670, t=0.8858]
Epoch 54/60:  64%|██████▍   | 25/39 [00:00<00:00, 30.37it/s, loss=0.2447, rec=0.1670, t=0.8858]
Epoch 54/60:  64%|██████▍   | 25/39 [00:00<00:00, 30.37it/s, loss=0.2449, rec=0.1671, t=0.8857]
Epoch 54/60:  64%|██████▍   | 25/39 [00:00<00:00, 30.37it/s, loss=0.2446, rec=0.1671, t=0.8857]
Epoch 54/60:  64%|██████▍   | 25/39 [00:00<00:00, 30.37it/s, loss=0.2444, rec=0.1671, t=0.8856]
Epoch 54/60:  64%|██████▍   | 25/39 [00:00<00:00, 30.37it/s, loss=0.2439, rec=0.1669, t=0.8856]
Epoch 54/60:  74%|███████▍  | 29/39 [00:00<00:00, 29.83it/s, loss=0.2439, rec=0.1669, t=0.8856]
Epoch 54/60:  74%|███████▍  | 29/39 [00:01<00:00, 29.83it/s, loss=0.2437, rec=0.1669, t=0.8855]
Epoch 54/60:  74%|███████▍  | 29/39 [00:01<00:00, 29.83it/s, loss=0.2436, rec=0.1669, t=0.8855]
Epoch 54/60:  74%|███████▍  | 29/39 [00:01<00:00, 29.83it/s, loss=0.2435, rec=0.1669, t=0.8854]
Epoch 54/60:  74%|███████▍  | 29/39 [00:01<00:00, 29.83it/s, loss=0.2432, rec=0.1667, t=0.8854]
Epoch 54/60:  85%|████████▍ | 33/39 [00:01<00:00, 29.99it/s, loss=0.2432, rec=0.1667, t=0.8854]
Epoch 54/60:  85%|████████▍ | 33/39 [00:01<00:00, 29.99it/s, loss=0.2431, rec=0.1667, t=0.8853]
Epoch 54/60:  85%|████████▍ | 33/39 [00:01<00:00, 29.99it/s, loss=0.2431, rec=0.1667, t=0.8853]
Epoch 54/60:  85%|████████▍ | 33/39 [00:01<00:00, 29.99it/s, loss=0.2430, rec=0.1666, t=0.8852]
Epoch 54/60:  92%|█████████▏| 36/39 [00:01<00:00, 29.78it/s, loss=0.2430, rec=0.1666, t=0.8852]
Epoch 54/60:  92%|█████████▏| 36/39 [00:01<00:00, 29.78it/s, loss=0.2430, rec=0.1666, t=0.8852]
Epoch 54/60:  92%|█████████▏| 36/39 [00:01<00:00, 29.78it/s, loss=0.2430, rec=0.1666, t=0.8851]
Epoch 54/60:  92%|█████████▏| 36/39 [00:01<00:00, 29.78it/s, loss=0.2430, rec=0.1666, t=0.8851]
                                                                                               
[Epoch   54/60] loss=0.242986 | rec=0.166595 | cb=0.191560 | com=0.191560 | uniq=0.186894 | rqvae=0.067046 | t=0.885069 | global_step=2106
[EventC2 epoch 54] churn=0.09152542372881356 | churn_art=0.09170260833846786 | step_vs_snapshot=0.9235647895024603 | q2_used(events/articles)=44/44 | dead=84 | same_event_c2=1.0 | c123_collision=0.6139 | max_c4=94 | cb_q1/q2/q3=0.08474/0.06018/0.04663 | com_q1/q2/q3=0.08474/0.06018/0.04663

Epoch 55/60:   0%|          | 0/39 [00:00<?, ?it/s, loss=0.2460, rec=0.1694, t=0.8850]
Epoch 55/60:   0%|          | 0/39 [00:00<?, ?it/s, loss=0.2453, rec=0.1685, t=0.8850]
Epoch 55/60:   0%|          | 0/39 [00:00<?, ?it/s, loss=0.2456, rec=0.1686, t=0.8849]
Epoch 55/60:   8%|▊         | 3/39 [00:00<00:01, 24.06it/s, loss=0.2456, rec=0.1686, t=0.8849]
Epoch 55/60:   8%|▊         | 3/39 [00:00<00:01, 24.06it/s, loss=0.2450, rec=0.1679, t=0.8849]
Epoch 55/60:   8%|▊         | 3/39 [00:00<00:01, 24.06it/s, loss=0.2456, rec=0.1679, t=0.8848]
Epoch 55/60:   8%|▊         | 3/39 [00:00<00:01, 24.06it/s, loss=0.2452, rec=0.1680, t=0.8848]
Epoch 55/60:   8%|▊         | 3/39 [00:00<00:01, 24.06it/s, loss=0.2440, rec=0.1672, t=0.8847]
Epoch 55/60:  18%|█▊        | 7/39 [00:00<00:01, 28.24it/s, loss=0.2440, rec=0.1672, t=0.8847]
Epoch 55/60:  18%|█▊        | 7/39 [00:00<00:01, 28.24it/s, loss=0.2433, rec=0.1669, t=0.8847]
Epoch 55/60:  18%|█▊        | 7/39 [00:00<00:01, 28.24it/s, loss=0.2426, rec=0.1667, t=0.8846]
Epoch 55/60:  18%|█▊        | 7/39 [00:00<00:01, 28.24it/s, loss=0.2422, rec=0.1667, t=0.8846]
Epoch 55/60:  18%|█▊        | 7/39 [00:00<00:01, 28.24it/s, loss=0.2419, rec=0.1666, t=0.8845]
Epoch 55/60:  28%|██▊       | 11/39 [00:00<00:00, 29.78it/s, loss=0.2419, rec=0.1666, t=0.8845]
Epoch 55/60:  28%|██▊       | 11/39 [00:00<00:00, 29.78it/s, loss=0.2414, rec=0.1662, t=0.8845]
Epoch 55/60:  28%|██▊       | 11/39 [00:00<00:00, 29.78it/s, loss=0.2412, rec=0.1662, t=0.8844]
Epoch 55/60:  28%|██▊       | 11/39 [00:00<00:00, 29.78it/s, loss=0.2407, rec=0.1660, t=0.8844]
Epoch 55/60:  28%|██▊       | 11/39 [00:00<00:00, 29.78it/s, loss=0.2405, rec=0.1660, t=0.8843]
Epoch 55/60:  38%|███▊      | 15/39 [00:00<00:00, 30.24it/s, loss=0.2405, rec=0.1660, t=0.8843]
Epoch 55/60:  38%|███▊      | 15/39 [00:00<00:00, 30.24it/s, loss=0.2404, rec=0.1659, t=0.8842]
Epoch 55/60:  38%|███▊      | 15/39 [00:00<00:00, 30.24it/s, loss=0.2402, rec=0.1657, t=0.8842]
Epoch 55/60:  38%|███▊      | 15/39 [00:00<00:00, 30.24it/s, loss=0.2398, rec=0.1656, t=0.8841]
Epoch 55/60:  38%|███▊      | 15/39 [00:00<00:00, 30.24it/s, loss=0.2394, rec=0.1653, t=0.8841]
Epoch 55/60:  49%|████▊     | 19/39 [00:00<00:00, 29.53it/s, loss=0.2394, rec=0.1653, t=0.8841]
Epoch 55/60:  49%|████▊     | 19/39 [00:00<00:00, 29.53it/s, loss=0.2393, rec=0.1653, t=0.8840]
Epoch 55/60:  49%|████▊     | 19/39 [00:00<00:00, 29.53it/s, loss=0.2395, rec=0.1654, t=0.8840]
Epoch 55/60:  49%|████▊     | 19/39 [00:00<00:00, 29.53it/s, loss=0.2395, rec=0.1653, t=0.8839]
Epoch 55/60:  49%|████▊     | 19/39 [00:00<00:00, 29.53it/s, loss=0.2394, rec=0.1652, t=0.8839]
Epoch 55/60:  59%|█████▉    | 23/39 [00:00<00:00, 29.98it/s, loss=0.2394, rec=0.1652, t=0.8839]
Epoch 55/60:  59%|█████▉    | 23/39 [00:00<00:00, 29.98it/s, loss=0.2396, rec=0.1653, t=0.8838]
Epoch 55/60:  59%|█████▉    | 23/39 [00:00<00:00, 29.98it/s, loss=0.2396, rec=0.1652, t=0.8838]
Epoch 55/60:  59%|█████▉    | 23/39 [00:00<00:00, 29.98it/s, loss=0.2395, rec=0.1652, t=0.8837]
Epoch 55/60:  59%|█████▉    | 23/39 [00:00<00:00, 29.98it/s, loss=0.2394, rec=0.1650, t=0.8837]
Epoch 55/60:  69%|██████▉   | 27/39 [00:00<00:00, 30.28it/s, loss=0.2394, rec=0.1650, t=0.8837]
Epoch 55/60:  69%|██████▉   | 27/39 [00:00<00:00, 30.28it/s, loss=0.2395, rec=0.1650, t=0.8836]
Epoch 55/60:  69%|██████▉   | 27/39 [00:00<00:00, 30.28it/s, loss=0.2396, rec=0.1650, t=0.8836]
Epoch 55/60:  69%|██████▉   | 27/39 [00:01<00:00, 30.28it/s, loss=0.2397, rec=0.1650, t=0.8835]
Epoch 55/60:  69%|██████▉   | 27/39 [00:01<00:00, 30.28it/s, loss=0.2398, rec=0.1650, t=0.8835]
Epoch 55/60:  79%|███████▉  | 31/39 [00:01<00:00, 30.32it/s, loss=0.2398, rec=0.1650, t=0.8835]
Epoch 55/60:  79%|███████▉  | 31/39 [00:01<00:00, 30.32it/s, loss=0.2397, rec=0.1650, t=0.8834]
Epoch 55/60:  79%|███████▉  | 31/39 [00:01<00:00, 30.32it/s, loss=0.2395, rec=0.1649, t=0.8834]
Epoch 55/60:  79%|███████▉  | 31/39 [00:01<00:00, 30.32it/s, loss=0.2396, rec=0.1649, t=0.8833]
Epoch 55/60:  79%|███████▉  | 31/39 [00:01<00:00, 30.32it/s, loss=0.2398, rec=0.1650, t=0.8833]
Epoch 55/60:  90%|████████▉ | 35/39 [00:01<00:00, 30.12it/s, loss=0.2398, rec=0.1650, t=0.8833]
Epoch 55/60:  90%|████████▉ | 35/39 [00:01<00:00, 30.12it/s, loss=0.2398, rec=0.1649, t=0.8832]
Epoch 55/60:  90%|████████▉ | 35/39 [00:01<00:00, 30.12it/s, loss=0.2399, rec=0.1650, t=0.8832]
Epoch 55/60:  90%|████████▉ | 35/39 [00:01<00:00, 30.12it/s, loss=0.2398, rec=0.1649, t=0.8831]
Epoch 55/60:  90%|████████▉ | 35/39 [00:01<00:00, 30.12it/s, loss=0.2398, rec=0.1649, t=0.8831]
                                                                                               
[Epoch   55/60] loss=0.239793 | rec=0.164891 | cb=0.187903 | com=0.187903 | uniq=0.182736 | rqvae=0.065766 | t=0.883069 | global_step=2145
[EventC2 epoch 55] churn=0.09797703663203937 | churn_art=0.10515506264119942 | step_vs_snapshot=0.9362493165664297 | q2_used(events/articles)=44/44 | dead=84 | same_event_c2=1.0 | c123_collision=0.6034 | max_c4=83 | cb_q1/q2/q3=0.08400/0.05887/0.04503 | com_q1/q2/q3=0.08400/0.05887/0.04503

Epoch 56/60:   0%|          | 0/39 [00:00<?, ?it/s, loss=0.2377, rec=0.1635, t=0.8830]
Epoch 56/60:   0%|          | 0/39 [00:00<?, ?it/s, loss=0.2389, rec=0.1631, t=0.8830]
Epoch 56/60:   5%|▌         | 2/39 [00:00<00:02, 17.49it/s, loss=0.2389, rec=0.1631, t=0.8830]
Epoch 56/60:   5%|▌         | 2/39 [00:00<00:02, 17.49it/s, loss=0.2376, rec=0.1627, t=0.8829]
Epoch 56/60:   5%|▌         | 2/39 [00:00<00:02, 17.49it/s, loss=0.2372, rec=0.1627, t=0.8829]
Epoch 56/60:   5%|▌         | 2/39 [00:00<00:02, 17.49it/s, loss=0.2372, rec=0.1625, t=0.8828]
Epoch 56/60:  13%|█▎        | 5/39 [00:00<00:01, 23.92it/s, loss=0.2372, rec=0.1625, t=0.8828]
Epoch 56/60:  13%|█▎        | 5/39 [00:00<00:01, 23.92it/s, loss=0.2375, rec=0.1628, t=0.8828]
Epoch 56/60:  13%|█▎        | 5/39 [00:00<00:01, 23.92it/s, loss=0.2378, rec=0.1633, t=0.8827]
Epoch 56/60:  13%|█▎        | 5/39 [00:00<00:01, 23.92it/s, loss=0.2381, rec=0.1632, t=0.8827]
Epoch 56/60:  13%|█▎        | 5/39 [00:00<00:01, 23.92it/s, loss=0.2379, rec=0.1627, t=0.8826]
Epoch 56/60:  23%|██▎       | 9/39 [00:00<00:01, 26.98it/s, loss=0.2379, rec=0.1627, t=0.8826]
Epoch 56/60:  23%|██▎       | 9/39 [00:00<00:01, 26.98it/s, loss=0.2375, rec=0.1623, t=0.8826]
Epoch 56/60:  23%|██▎       | 9/39 [00:00<00:01, 26.98it/s, loss=0.2378, rec=0.1622, t=0.8825]
Epoch 56/60:  23%|██▎       | 9/39 [00:00<00:01, 26.98it/s, loss=0.2379, rec=0.1624, t=0.8825]
Epoch 56/60:  31%|███       | 12/39 [00:00<00:00, 27.09it/s, loss=0.2379, rec=0.1624, t=0.8825]
Epoch 56/60:  31%|███       | 12/39 [00:00<00:00, 27.09it/s, loss=0.2381, rec=0.1625, t=0.8824]
Epoch 56/60:  31%|███       | 12/39 [00:00<00:00, 27.09it/s, loss=0.2383, rec=0.1628, t=0.8824]
Epoch 56/60:  31%|███       | 12/39 [00:00<00:00, 27.09it/s, loss=0.2384, rec=0.1628, t=0.8823]
Epoch 56/60:  38%|███▊      | 15/39 [00:00<00:00, 27.09it/s, loss=0.2384, rec=0.1628, t=0.8823]
Epoch 56/60:  38%|███▊      | 15/39 [00:00<00:00, 27.09it/s, loss=0.2383, rec=0.1627, t=0.8822]
Epoch 56/60:  38%|███▊      | 15/39 [00:00<00:00, 27.09it/s, loss=0.2380, rec=0.1626, t=0.8822]
Epoch 56/60:  38%|███▊      | 15/39 [00:00<00:00, 27.09it/s, loss=0.2385, rec=0.1627, t=0.8821]
Epoch 56/60:  46%|████▌     | 18/39 [00:00<00:00, 26.82it/s, loss=0.2385, rec=0.1627, t=0.8821]
Epoch 56/60:  46%|████▌     | 18/39 [00:00<00:00, 26.82it/s, loss=0.2386, rec=0.1629, t=0.8821]
Epoch 56/60:  46%|████▌     | 18/39 [00:00<00:00, 26.82it/s, loss=0.2385, rec=0.1628, t=0.8820]
Epoch 56/60:  46%|████▌     | 18/39 [00:00<00:00, 26.82it/s, loss=0.2385, rec=0.1628, t=0.8820]
Epoch 56/60:  54%|█████▍    | 21/39 [00:00<00:00, 27.21it/s, loss=0.2385, rec=0.1628, t=0.8820]
Epoch 56/60:  54%|█████▍    | 21/39 [00:00<00:00, 27.21it/s, loss=0.2383, rec=0.1627, t=0.8819]
Epoch 56/60:  54%|█████▍    | 21/39 [00:00<00:00, 27.21it/s, loss=0.2381, rec=0.1625, t=0.8819]
Epoch 56/60:  54%|█████▍    | 21/39 [00:00<00:00, 27.21it/s, loss=0.2382, rec=0.1626, t=0.8818]
Epoch 56/60:  62%|██████▏   | 24/39 [00:00<00:00, 27.09it/s, loss=0.2382, rec=0.1626, t=0.8818]
Epoch 56/60:  62%|██████▏   | 24/39 [00:00<00:00, 27.09it/s, loss=0.2382, rec=0.1626, t=0.8818]
Epoch 56/60:  62%|██████▏   | 24/39 [00:00<00:00, 27.09it/s, loss=0.2383, rec=0.1626, t=0.8817]
Epoch 56/60:  62%|██████▏   | 24/39 [00:01<00:00, 27.09it/s, loss=0.2383, rec=0.1626, t=0.8817]
Epoch 56/60:  69%|██████▉   | 27/39 [00:01<00:00, 27.23it/s, loss=0.2383, rec=0.1626, t=0.8817]
Epoch 56/60:  69%|██████▉   | 27/39 [00:01<00:00, 27.23it/s, loss=0.2382, rec=0.1626, t=0.8816]
Epoch 56/60:  69%|██████▉   | 27/39 [00:01<00:00, 27.23it/s, loss=0.2383, rec=0.1626, t=0.8816]
Epoch 56/60:  69%|██████▉   | 27/39 [00:01<00:00, 27.23it/s, loss=0.2382, rec=0.1625, t=0.8815]
Epoch 56/60:  77%|███████▋  | 30/39 [00:01<00:00, 27.54it/s, loss=0.2382, rec=0.1625, t=0.8815]
Epoch 56/60:  77%|███████▋  | 30/39 [00:01<00:00, 27.54it/s, loss=0.2382, rec=0.1625, t=0.8815]
Epoch 56/60:  77%|███████▋  | 30/39 [00:01<00:00, 27.54it/s, loss=0.2382, rec=0.1624, t=0.8814]
Epoch 56/60:  77%|███████▋  | 30/39 [00:01<00:00, 27.54it/s, loss=0.2383, rec=0.1624, t=0.8814]
Epoch 56/60:  85%|████████▍ | 33/39 [00:01<00:00, 27.65it/s, loss=0.2383, rec=0.1624, t=0.8814]
Epoch 56/60:  85%|████████▍ | 33/39 [00:01<00:00, 27.65it/s, loss=0.2384, rec=0.1625, t=0.8813]
Epoch 56/60:  85%|████████▍ | 33/39 [00:01<00:00, 27.65it/s, loss=0.2384, rec=0.1624, t=0.8813]
Epoch 56/60:  85%|████████▍ | 33/39 [00:01<00:00, 27.65it/s, loss=0.2384, rec=0.1625, t=0.8812]
Epoch 56/60:  92%|█████████▏| 36/39 [00:01<00:00, 27.84it/s, loss=0.2384, rec=0.1625, t=0.8812]
Epoch 56/60:  92%|█████████▏| 36/39 [00:01<00:00, 27.84it/s, loss=0.2386, rec=0.1624, t=0.8812]
Epoch 56/60:  92%|█████████▏| 36/39 [00:01<00:00, 27.84it/s, loss=0.2386, rec=0.1624, t=0.8811]
Epoch 56/60:  92%|█████████▏| 36/39 [00:01<00:00, 27.84it/s, loss=0.2384, rec=0.1622, t=0.8811]
                                                                                               
[Epoch   56/60] loss=0.238368 | rec=0.162219 | cb=0.193257 | com=0.193257 | uniq=0.170178 | rqvae=0.067640 | t=0.881074 | global_step=2184
[EventC2 epoch 56] churn=0.06746856205576818 | churn_art=0.0667488190593551 | step_vs_snapshot=0.9517769272826682 | q2_used(events/articles)=44/44 | dead=84 | same_event_c2=1.0 | c123_collision=0.5952 | max_c4=83 | cb_q1/q2/q3=0.08668/0.06067/0.04590 | com_q1/q2/q3=0.08668/0.06067/0.04590

Epoch 57/60:   0%|          | 0/39 [00:00<?, ?it/s, loss=0.2413, rec=0.1612, t=0.8810]
Epoch 57/60:   0%|          | 0/39 [00:00<?, ?it/s, loss=0.2412, rec=0.1623, t=0.8810]
Epoch 57/60:   0%|          | 0/39 [00:00<?, ?it/s, loss=0.2428, rec=0.1620, t=0.8809]
Epoch 57/60:   8%|▊         | 3/39 [00:00<00:01, 25.18it/s, loss=0.2428, rec=0.1620, t=0.8809]
Epoch 57/60:   8%|▊         | 3/39 [00:00<00:01, 25.18it/s, loss=0.2431, rec=0.1621, t=0.8809]
Epoch 57/60:   8%|▊         | 3/39 [00:00<00:01, 25.18it/s, loss=0.2423, rec=0.1621, t=0.8808]
Epoch 57/60:   8%|▊         | 3/39 [00:00<00:01, 25.18it/s, loss=0.2415, rec=0.1620, t=0.8808]
Epoch 57/60:  15%|█▌        | 6/39 [00:00<00:01, 26.68it/s, loss=0.2415, rec=0.1620, t=0.8808]
Epoch 57/60:  15%|█▌        | 6/39 [00:00<00:01, 26.68it/s, loss=0.2410, rec=0.1618, t=0.8807]
Epoch 57/60:  15%|█▌        | 6/39 [00:00<00:01, 26.68it/s, loss=0.2406, rec=0.1617, t=0.8807]
Epoch 57/60:  15%|█▌        | 6/39 [00:00<00:01, 26.68it/s, loss=0.2402, rec=0.1614, t=0.8806]
Epoch 57/60:  23%|██▎       | 9/39 [00:00<00:01, 26.03it/s, loss=0.2402, rec=0.1614, t=0.8806]
Epoch 57/60:  23%|██▎       | 9/39 [00:00<00:01, 26.03it/s, loss=0.2403, rec=0.1612, t=0.8806]
Epoch 57/60:  23%|██▎       | 9/39 [00:00<00:01, 26.03it/s, loss=0.2403, rec=0.1612, t=0.8805]
Epoch 57/60:  23%|██▎       | 9/39 [00:00<00:01, 26.03it/s, loss=0.2410, rec=0.1613, t=0.8805]
Epoch 57/60:  31%|███       | 12/39 [00:00<00:01, 26.66it/s, loss=0.2410, rec=0.1613, t=0.8805]
Epoch 57/60:  31%|███       | 12/39 [00:00<00:01, 26.66it/s, loss=0.2415, rec=0.1617, t=0.8804]
Epoch 57/60:  31%|███       | 12/39 [00:00<00:01, 26.66it/s, loss=0.2420, rec=0.1621, t=0.8804]
Epoch 57/60:  31%|███       | 12/39 [00:00<00:01, 26.66it/s, loss=0.2425, rec=0.1624, t=0.8803]
Epoch 57/60:  38%|███▊      | 15/39 [00:00<00:00, 27.75it/s, loss=0.2425, rec=0.1624, t=0.8803]
Epoch 57/60:  38%|███▊      | 15/39 [00:00<00:00, 27.75it/s, loss=0.2425, rec=0.1627, t=0.8803]
Epoch 57/60:  38%|███▊      | 15/39 [00:00<00:00, 27.75it/s, loss=0.2431, rec=0.1631, t=0.8802]
Epoch 57/60:  38%|███▊      | 15/39 [00:00<00:00, 27.75it/s, loss=0.2433, rec=0.1634, t=0.8802]
Epoch 57/60:  38%|███▊      | 15/39 [00:00<00:00, 27.75it/s, loss=0.2436, rec=0.1638, t=0.8801]
Epoch 57/60:  49%|████▊     | 19/39 [00:00<00:00, 28.79it/s, loss=0.2436, rec=0.1638, t=0.8801]
Epoch 57/60:  49%|████▊     | 19/39 [00:00<00:00, 28.79it/s, loss=0.2434, rec=0.1637, t=0.8801]
Epoch 57/60:  49%|████▊     | 19/39 [00:00<00:00, 28.79it/s, loss=0.2435, rec=0.1639, t=0.8800]
Epoch 57/60:  49%|████▊     | 19/39 [00:00<00:00, 28.79it/s, loss=0.2439, rec=0.1640, t=0.8800]
Epoch 57/60:  56%|█████▋    | 22/39 [00:00<00:00, 28.71it/s, loss=0.2439, rec=0.1640, t=0.8800]
Epoch 57/60:  56%|█████▋    | 22/39 [00:00<00:00, 28.71it/s, loss=0.2443, rec=0.1641, t=0.8799]
Epoch 57/60:  56%|█████▋    | 22/39 [00:00<00:00, 28.71it/s, loss=0.2455, rec=0.1648, t=0.8798]
Epoch 57/60:  56%|█████▋    | 22/39 [00:00<00:00, 28.71it/s, loss=0.2483, rec=0.1667, t=0.8798]
Epoch 57/60:  64%|██████▍   | 25/39 [00:00<00:00, 28.35it/s, loss=0.2483, rec=0.1667, t=0.8798]
Epoch 57/60:  64%|██████▍   | 25/39 [00:00<00:00, 28.35it/s, loss=0.2547, rec=0.1722, t=0.8797]
Epoch 57/60:  64%|██████▍   | 25/39 [00:00<00:00, 28.35it/s, loss=0.2576, rec=0.1745, t=0.8797]
Epoch 57/60:  64%|██████▍   | 25/39 [00:01<00:00, 28.35it/s, loss=0.2577, rec=0.1747, t=0.8796]
Epoch 57/60:  72%|███████▏  | 28/39 [00:01<00:00, 27.69it/s, loss=0.2577, rec=0.1747, t=0.8796]
Epoch 57/60:  72%|███████▏  | 28/39 [00:01<00:00, 27.69it/s, loss=0.2575, rec=0.1745, t=0.8796]
Epoch 57/60:  72%|███████▏  | 28/39 [00:01<00:00, 27.69it/s, loss=0.2573, rec=0.1744, t=0.8795]
Epoch 57/60:  72%|███████▏  | 28/39 [00:01<00:00, 27.69it/s, loss=0.2570, rec=0.1743, t=0.8795]
Epoch 57/60:  79%|███████▉  | 31/39 [00:01<00:00, 27.83it/s, loss=0.2570, rec=0.1743, t=0.8795]
Epoch 57/60:  79%|███████▉  | 31/39 [00:01<00:00, 27.83it/s, loss=0.2569, rec=0.1743, t=0.8794]
Epoch 57/60:  79%|███████▉  | 31/39 [00:01<00:00, 27.83it/s, loss=0.2568, rec=0.1742, t=0.8794]
Epoch 57/60:  79%|███████▉  | 31/39 [00:01<00:00, 27.83it/s, loss=0.2566, rec=0.1741, t=0.8793]
Epoch 57/60:  87%|████████▋ | 34/39 [00:01<00:00, 27.73it/s, loss=0.2566, rec=0.1741, t=0.8793]
Epoch 57/60:  87%|████████▋ | 34/39 [00:01<00:00, 27.73it/s, loss=0.2566, rec=0.1740, t=0.8793]
Epoch 57/60:  87%|████████▋ | 34/39 [00:01<00:00, 27.73it/s, loss=0.2569, rec=0.1742, t=0.8792]
Epoch 57/60:  87%|████████▋ | 34/39 [00:01<00:00, 27.73it/s, loss=0.2581, rec=0.1752, t=0.8792]
Epoch 57/60:  95%|█████████▍| 37/39 [00:01<00:00, 27.99it/s, loss=0.2581, rec=0.1752, t=0.8792]
Epoch 57/60:  95%|█████████▍| 37/39 [00:01<00:00, 27.99it/s, loss=0.2592, rec=0.1761, t=0.8791]
Epoch 57/60:  95%|█████████▍| 37/39 [00:01<00:00, 27.99it/s, loss=0.2592, rec=0.1761, t=0.8791]
                                                                                               
[Epoch   57/60] loss=0.259206 | rec=0.176126 | cb=0.210875 | com=0.210875 | uniq=0.185478 | rqvae=0.073806 | t=0.879083 | global_step=2223
[EventC2 epoch 57] churn=0.0803717878622198 | churn_art=0.07753132059971246 | step_vs_snapshot=0.9074904319300164 | q2_used(events/articles)=50/50 | dead=78 | same_event_c2=1.0 | c123_collision=0.5882 | max_c4=89 | cb_q1/q2/q3=0.09193/0.06627/0.05268 | com_q1/q2/q3=0.09193/0.06627/0.05268

Epoch 58/60:   0%|          | 0/39 [00:00<?, ?it/s, loss=0.2603, rec=0.1756, t=0.8790]
Epoch 58/60:   0%|          | 0/39 [00:00<?, ?it/s, loss=0.2551, rec=0.1740, t=0.8790]
Epoch 58/60:   0%|          | 0/39 [00:00<?, ?it/s, loss=0.2517, rec=0.1717, t=0.8789]
Epoch 58/60:   8%|▊         | 3/39 [00:00<00:01, 24.41it/s, loss=0.2517, rec=0.1717, t=0.8789]
Epoch 58/60:   8%|▊         | 3/39 [00:00<00:01, 24.41it/s, loss=0.2494, rec=0.1706, t=0.8789]
Epoch 58/60:   8%|▊         | 3/39 [00:00<00:01, 24.41it/s, loss=0.2479, rec=0.1699, t=0.8788]
Epoch 58/60:   8%|▊         | 3/39 [00:00<00:01, 24.41it/s, loss=0.2466, rec=0.1693, t=0.8788]
Epoch 58/60:  15%|█▌        | 6/39 [00:00<00:01, 26.73it/s, loss=0.2466, rec=0.1693, t=0.8788]
Epoch 58/60:  15%|█▌        | 6/39 [00:00<00:01, 26.73it/s, loss=0.2452, rec=0.1683, t=0.8787]
Epoch 58/60:  15%|█▌        | 6/39 [00:00<00:01, 26.73it/s, loss=0.2445, rec=0.1680, t=0.8787]
Epoch 58/60:  15%|█▌        | 6/39 [00:00<00:01, 26.73it/s, loss=0.2442, rec=0.1678, t=0.8786]
Epoch 58/60:  23%|██▎       | 9/39 [00:00<00:01, 27.71it/s, loss=0.2442, rec=0.1678, t=0.8786]
Epoch 58/60:  23%|██▎       | 9/39 [00:00<00:01, 27.71it/s, loss=0.2440, rec=0.1678, t=0.8786]
Epoch 58/60:  23%|██▎       | 9/39 [00:00<00:01, 27.71it/s, loss=0.2436, rec=0.1676, t=0.8785]
Epoch 58/60:  23%|██▎       | 9/39 [00:00<00:01, 27.71it/s, loss=0.2436, rec=0.1674, t=0.8785]
Epoch 58/60:  31%|███       | 12/39 [00:00<00:00, 28.52it/s, loss=0.2436, rec=0.1674, t=0.8785]
Epoch 58/60:  31%|███       | 12/39 [00:00<00:00, 28.52it/s, loss=0.2432, rec=0.1671, t=0.8784]
Epoch 58/60:  31%|███       | 12/39 [00:00<00:00, 28.52it/s, loss=0.2433, rec=0.1670, t=0.8784]
Epoch 58/60:  31%|███       | 12/39 [00:00<00:00, 28.52it/s, loss=0.2428, rec=0.1667, t=0.8783]
Epoch 58/60:  38%|███▊      | 15/39 [00:00<00:00, 28.83it/s, loss=0.2428, rec=0.1667, t=0.8783]
Epoch 58/60:  38%|███▊      | 15/39 [00:00<00:00, 28.83it/s, loss=0.2427, rec=0.1665, t=0.8783]
Epoch 58/60:  38%|███▊      | 15/39 [00:00<00:00, 28.83it/s, loss=0.2425, rec=0.1663, t=0.8782]
Epoch 58/60:  38%|███▊      | 15/39 [00:00<00:00, 28.83it/s, loss=0.2421, rec=0.1662, t=0.8782]
Epoch 58/60:  46%|████▌     | 18/39 [00:00<00:00, 28.97it/s, loss=0.2421, rec=0.1662, t=0.8782]
Epoch 58/60:  46%|████▌     | 18/39 [00:00<00:00, 28.97it/s, loss=0.2420, rec=0.1662, t=0.8781]
Epoch 58/60:  46%|████▌     | 18/39 [00:00<00:00, 28.97it/s, loss=0.2419, rec=0.1662, t=0.8781]
Epoch 58/60:  46%|████▌     | 18/39 [00:00<00:00, 28.97it/s, loss=0.2418, rec=0.1662, t=0.8780]
Epoch 58/60:  54%|█████▍    | 21/39 [00:00<00:00, 29.06it/s, loss=0.2418, rec=0.1662, t=0.8780]
Epoch 58/60:  54%|█████▍    | 21/39 [00:00<00:00, 29.06it/s, loss=0.2416, rec=0.1660, t=0.8780]
Epoch 58/60:  54%|█████▍    | 21/39 [00:00<00:00, 29.06it/s, loss=0.2417, rec=0.1660, t=0.8779]
Epoch 58/60:  54%|█████▍    | 21/39 [00:00<00:00, 29.06it/s, loss=0.2416, rec=0.1659, t=0.8779]
Epoch 58/60:  62%|██████▏   | 24/39 [00:00<00:00, 29.26it/s, loss=0.2416, rec=0.1659, t=0.8779]
Epoch 58/60:  62%|██████▏   | 24/39 [00:00<00:00, 29.26it/s, loss=0.2415, rec=0.1657, t=0.8778]
Epoch 58/60:  62%|██████▏   | 24/39 [00:00<00:00, 29.26it/s, loss=0.2414, rec=0.1657, t=0.8778]
Epoch 58/60:  62%|██████▏   | 24/39 [00:00<00:00, 29.26it/s, loss=0.2414, rec=0.1656, t=0.8777]
Epoch 58/60:  69%|██████▉   | 27/39 [00:00<00:00, 29.41it/s, loss=0.2414, rec=0.1656, t=0.8777]
Epoch 58/60:  69%|██████▉   | 27/39 [00:00<00:00, 29.41it/s, loss=0.2413, rec=0.1656, t=0.8777]
Epoch 58/60:  69%|██████▉   | 27/39 [00:01<00:00, 29.41it/s, loss=0.2412, rec=0.1654, t=0.8776]
Epoch 58/60:  69%|██████▉   | 27/39 [00:01<00:00, 29.41it/s, loss=0.2411, rec=0.1655, t=0.8776]
Epoch 58/60:  69%|██████▉   | 27/39 [00:01<00:00, 29.41it/s, loss=0.2410, rec=0.1654, t=0.8775]
Epoch 58/60:  79%|███████▉  | 31/39 [00:01<00:00, 29.87it/s, loss=0.2410, rec=0.1654, t=0.8775]
Epoch 58/60:  79%|███████▉  | 31/39 [00:01<00:00, 29.87it/s, loss=0.2410, rec=0.1654, t=0.8775]
Epoch 58/60:  79%|███████▉  | 31/39 [00:01<00:00, 29.87it/s, loss=0.2410, rec=0.1653, t=0.8774]
Epoch 58/60:  79%|███████▉  | 31/39 [00:01<00:00, 29.87it/s, loss=0.2410, rec=0.1653, t=0.8774]
Epoch 58/60:  87%|████████▋ | 34/39 [00:01<00:00, 29.87it/s, loss=0.2410, rec=0.1653, t=0.8774]
Epoch 58/60:  87%|████████▋ | 34/39 [00:01<00:00, 29.87it/s, loss=0.2410, rec=0.1652, t=0.8773]
Epoch 58/60:  87%|████████▋ | 34/39 [00:01<00:00, 29.87it/s, loss=0.2409, rec=0.1650, t=0.8772]
Epoch 58/60:  87%|████████▋ | 34/39 [00:01<00:00, 29.87it/s, loss=0.2410, rec=0.1650, t=0.8772]
Epoch 58/60:  87%|████████▋ | 34/39 [00:01<00:00, 29.87it/s, loss=0.2410, rec=0.1650, t=0.8771]
Epoch 58/60:  97%|█████████▋| 38/39 [00:01<00:00, 31.36it/s, loss=0.2410, rec=0.1650, t=0.8771]
Epoch 58/60:  97%|█████████▋| 38/39 [00:01<00:00, 31.36it/s, loss=0.2411, rec=0.1650, t=0.8771]
                                                                                               
[Epoch   58/60] loss=0.241052 | rec=0.164974 | cb=0.191437 | com=0.191437 | uniq=0.181501 | rqvae=0.067003 | t=0.877097 | global_step=2262
[EventC2 epoch 58] churn=0.0839803171131766 | churn_art=0.08184432121585541 | step_vs_snapshot=0.9344997266265719 | q2_used(events/articles)=52/52 | dead=76 | same_event_c2=1.0 | c123_collision=0.5847 | max_c4=80 | cb_q1/q2/q3=0.08495/0.05974/0.04675 | com_q1/q2/q3=0.08495/0.05974/0.04675

Epoch 59/60:   0%|          | 0/39 [00:00<?, ?it/s, loss=0.2434, rec=0.1615, t=0.8770]
Epoch 59/60:   0%|          | 0/39 [00:00<?, ?it/s, loss=0.2427, rec=0.1610, t=0.8770]
Epoch 59/60:   0%|          | 0/39 [00:00<?, ?it/s, loss=0.2445, rec=0.1624, t=0.8769]
Epoch 59/60:   8%|▊         | 3/39 [00:00<00:01, 25.98it/s, loss=0.2445, rec=0.1624, t=0.8769]
Epoch 59/60:   8%|▊         | 3/39 [00:00<00:01, 25.98it/s, loss=0.2450, rec=0.1635, t=0.8769]
Epoch 59/60:   8%|▊         | 3/39 [00:00<00:01, 25.98it/s, loss=0.2447, rec=0.1632, t=0.8768]
Epoch 59/60:   8%|▊         | 3/39 [00:00<00:01, 25.98it/s, loss=0.2446, rec=0.1634, t=0.8768]
Epoch 59/60:   8%|▊         | 3/39 [00:00<00:01, 25.98it/s, loss=0.2449, rec=0.1637, t=0.8767]
Epoch 59/60:  18%|█▊        | 7/39 [00:00<00:01, 29.29it/s, loss=0.2449, rec=0.1637, t=0.8767]
Epoch 59/60:  18%|█▊        | 7/39 [00:00<00:01, 29.29it/s, loss=0.2441, rec=0.1631, t=0.8767]
Epoch 59/60:  18%|█▊        | 7/39 [00:00<00:01, 29.29it/s, loss=0.2433, rec=0.1626, t=0.8766]
Epoch 59/60:  18%|█▊        | 7/39 [00:00<00:01, 29.29it/s, loss=0.2432, rec=0.1624, t=0.8766]
Epoch 59/60:  18%|█▊        | 7/39 [00:00<00:01, 29.29it/s, loss=0.2430, rec=0.1623, t=0.8765]
Epoch 59/60:  28%|██▊       | 11/39 [00:00<00:00, 30.61it/s, loss=0.2430, rec=0.1623, t=0.8765]
Epoch 59/60:  28%|██▊       | 11/39 [00:00<00:00, 30.61it/s, loss=0.2427, rec=0.1621, t=0.8765]
Epoch 59/60:  28%|██▊       | 11/39 [00:00<00:00, 30.61it/s, loss=0.2428, rec=0.1622, t=0.8764]
Epoch 59/60:  28%|██▊       | 11/39 [00:00<00:00, 30.61it/s, loss=0.2427, rec=0.1621, t=0.8764]
Epoch 59/60:  28%|██▊       | 11/39 [00:00<00:00, 30.61it/s, loss=0.2427, rec=0.1622, t=0.8763]
Epoch 59/60:  38%|███▊      | 15/39 [00:00<00:00, 30.83it/s, loss=0.2427, rec=0.1622, t=0.8763]
Epoch 59/60:  38%|███▊      | 15/39 [00:00<00:00, 30.83it/s, loss=0.2427, rec=0.1622, t=0.8763]
Epoch 59/60:  38%|███▊      | 15/39 [00:00<00:00, 30.83it/s, loss=0.2424, rec=0.1621, t=0.8762]
Epoch 59/60:  38%|███▊      | 15/39 [00:00<00:00, 30.83it/s, loss=0.2425, rec=0.1622, t=0.8762]
Epoch 59/60:  38%|███▊      | 15/39 [00:00<00:00, 30.83it/s, loss=0.2425, rec=0.1623, t=0.8761]
Epoch 59/60:  49%|████▊     | 19/39 [00:00<00:00, 30.57it/s, loss=0.2425, rec=0.1623, t=0.8761]
Epoch 59/60:  49%|████▊     | 19/39 [00:00<00:00, 30.57it/s, loss=0.2425, rec=0.1622, t=0.8761]
Epoch 59/60:  49%|████▊     | 19/39 [00:00<00:00, 30.57it/s, loss=0.2425, rec=0.1623, t=0.8760]
Epoch 59/60:  49%|████▊     | 19/39 [00:00<00:00, 30.57it/s, loss=0.2426, rec=0.1623, t=0.8760]
Epoch 59/60:  49%|████▊     | 19/39 [00:00<00:00, 30.57it/s, loss=0.2428, rec=0.1624, t=0.8759]
Epoch 59/60:  59%|█████▉    | 23/39 [00:00<00:00, 29.96it/s, loss=0.2428, rec=0.1624, t=0.8759]
Epoch 59/60:  59%|█████▉    | 23/39 [00:00<00:00, 29.96it/s, loss=0.2428, rec=0.1625, t=0.8759]
Epoch 59/60:  59%|█████▉    | 23/39 [00:00<00:00, 29.96it/s, loss=0.2428, rec=0.1625, t=0.8758]
Epoch 59/60:  59%|█████▉    | 23/39 [00:00<00:00, 29.96it/s, loss=0.2427, rec=0.1624, t=0.8758]
Epoch 59/60:  67%|██████▋   | 26/39 [00:00<00:00, 29.67it/s, loss=0.2427, rec=0.1624, t=0.8758]
Epoch 59/60:  67%|██████▋   | 26/39 [00:00<00:00, 29.67it/s, loss=0.2428, rec=0.1624, t=0.8757]
Epoch 59/60:  67%|██████▋   | 26/39 [00:00<00:00, 29.67it/s, loss=0.2428, rec=0.1624, t=0.8757]
Epoch 59/60:  67%|██████▋   | 26/39 [00:00<00:00, 29.67it/s, loss=0.2428, rec=0.1624, t=0.8756]
Epoch 59/60:  74%|███████▍  | 29/39 [00:00<00:00, 29.45it/s, loss=0.2428, rec=0.1624, t=0.8756]
Epoch 59/60:  74%|███████▍  | 29/39 [00:01<00:00, 29.45it/s, loss=0.2429, rec=0.1624, t=0.8756]
Epoch 59/60:  74%|███████▍  | 29/39 [00:01<00:00, 29.45it/s, loss=0.2430, rec=0.1625, t=0.8755]
Epoch 59/60:  74%|███████▍  | 29/39 [00:01<00:00, 29.45it/s, loss=0.2430, rec=0.1625, t=0.8755]
Epoch 59/60:  74%|███████▍  | 29/39 [00:01<00:00, 29.45it/s, loss=0.2428, rec=0.1624, t=0.8754]
Epoch 59/60:  85%|████████▍ | 33/39 [00:01<00:00, 29.83it/s, loss=0.2428, rec=0.1624, t=0.8754]
Epoch 59/60:  85%|████████▍ | 33/39 [00:01<00:00, 29.83it/s, loss=0.2428, rec=0.1623, t=0.8754]
Epoch 59/60:  85%|████████▍ | 33/39 [00:01<00:00, 29.83it/s, loss=0.2427, rec=0.1623, t=0.8753]
Epoch 59/60:  85%|████████▍ | 33/39 [00:01<00:00, 29.83it/s, loss=0.2428, rec=0.1624, t=0.8753]
Epoch 59/60:  85%|████████▍ | 33/39 [00:01<00:00, 29.83it/s, loss=0.2428, rec=0.1625, t=0.8752]
Epoch 59/60:  95%|█████████▍| 37/39 [00:01<00:00, 30.01it/s, loss=0.2428, rec=0.1625, t=0.8752]
Epoch 59/60:  95%|█████████▍| 37/39 [00:01<00:00, 30.01it/s, loss=0.2428, rec=0.1625, t=0.8752]
Epoch 59/60:  95%|█████████▍| 37/39 [00:01<00:00, 30.01it/s, loss=0.2428, rec=0.1625, t=0.8751]
                                                                                               
[Epoch   59/60] loss=0.242801 | rec=0.162452 | cb=0.203094 | com=0.203094 | uniq=0.185329 | rqvae=0.071083 | t=0.875115 | global_step=2301
[EventC2 epoch 59] churn=0.11252050300710771 | churn_art=0.11059765865680837 | step_vs_snapshot=0.9303444505194095 | q2_used(events/articles)=53/53 | dead=75 | same_event_c2=1.0 | c123_collision=0.5616 | max_c4=75 | cb_q1/q2/q3=0.09110/0.06371/0.04829 | com_q1/q2/q3=0.09110/0.06371/0.04829

Epoch 60/60:   0%|          | 0/39 [00:00<?, ?it/s, loss=0.2417, rec=0.1617, t=0.8751]
Epoch 60/60:   0%|          | 0/39 [00:00<?, ?it/s, loss=0.2422, rec=0.1627, t=0.8750]
Epoch 60/60:   0%|          | 0/39 [00:00<?, ?it/s, loss=0.2408, rec=0.1607, t=0.8750]
Epoch 60/60:   8%|▊         | 3/39 [00:00<00:01, 23.65it/s, loss=0.2408, rec=0.1607, t=0.8750]
Epoch 60/60:   8%|▊         | 3/39 [00:00<00:01, 23.65it/s, loss=0.2416, rec=0.1612, t=0.8749]
Epoch 60/60:   8%|▊         | 3/39 [00:00<00:01, 23.65it/s, loss=0.2409, rec=0.1607, t=0.8749]
Epoch 60/60:   8%|▊         | 3/39 [00:00<00:01, 23.65it/s, loss=0.2412, rec=0.1607, t=0.8748]
Epoch 60/60:  15%|█▌        | 6/39 [00:00<00:01, 26.73it/s, loss=0.2412, rec=0.1607, t=0.8748]
Epoch 60/60:  15%|█▌        | 6/39 [00:00<00:01, 26.73it/s, loss=0.2413, rec=0.1607, t=0.8748]
Epoch 60/60:  15%|█▌        | 6/39 [00:00<00:01, 26.73it/s, loss=0.2412, rec=0.1608, t=0.8747]
Epoch 60/60:  15%|█▌        | 6/39 [00:00<00:01, 26.73it/s, loss=0.2416, rec=0.1611, t=0.8747]
Epoch 60/60:  23%|██▎       | 9/39 [00:00<00:01, 27.97it/s, loss=0.2416, rec=0.1611, t=0.8747]
Epoch 60/60:  23%|██▎       | 9/39 [00:00<00:01, 27.97it/s, loss=0.2417, rec=0.1612, t=0.8746]
Epoch 60/60:  23%|██▎       | 9/39 [00:00<00:01, 27.97it/s, loss=0.2415, rec=0.1611, t=0.8746]
Epoch 60/60:  23%|██▎       | 9/39 [00:00<00:01, 27.97it/s, loss=0.2420, rec=0.1613, t=0.8745]
Epoch 60/60:  31%|███       | 12/39 [00:00<00:00, 28.28it/s, loss=0.2420, rec=0.1613, t=0.8745]
Epoch 60/60:  31%|███       | 12/39 [00:00<00:00, 28.28it/s, loss=0.2425, rec=0.1614, t=0.8745]
Epoch 60/60:  31%|███       | 12/39 [00:00<00:00, 28.28it/s, loss=0.2422, rec=0.1614, t=0.8744]
Epoch 60/60:  31%|███       | 12/39 [00:00<00:00, 28.28it/s, loss=0.2425, rec=0.1615, t=0.8744]
Epoch 60/60:  38%|███▊      | 15/39 [00:00<00:00, 27.77it/s, loss=0.2425, rec=0.1615, t=0.8744]
Epoch 60/60:  38%|███▊      | 15/39 [00:00<00:00, 27.77it/s, loss=0.2424, rec=0.1613, t=0.8743]
Epoch 60/60:  38%|███▊      | 15/39 [00:00<00:00, 27.77it/s, loss=0.2426, rec=0.1613, t=0.8743]
Epoch 60/60:  38%|███▊      | 15/39 [00:00<00:00, 27.77it/s, loss=0.2428, rec=0.1614, t=0.8742]
Epoch 60/60:  46%|████▌     | 18/39 [00:00<00:00, 26.93it/s, loss=0.2428, rec=0.1614, t=0.8742]
Epoch 60/60:  46%|████▌     | 18/39 [00:00<00:00, 26.93it/s, loss=0.2424, rec=0.1612, t=0.8742]
Epoch 60/60:  46%|████▌     | 18/39 [00:00<00:00, 26.93it/s, loss=0.2424, rec=0.1612, t=0.8741]
Epoch 60/60:  46%|████▌     | 18/39 [00:00<00:00, 26.93it/s, loss=0.2424, rec=0.1612, t=0.8740]
Epoch 60/60:  54%|█████▍    | 21/39 [00:00<00:00, 27.44it/s, loss=0.2424, rec=0.1612, t=0.8740]
Epoch 60/60:  54%|█████▍    | 21/39 [00:00<00:00, 27.44it/s, loss=0.2425, rec=0.1612, t=0.8740]
Epoch 60/60:  54%|█████▍    | 21/39 [00:00<00:00, 27.44it/s, loss=0.2425, rec=0.1612, t=0.8739]
Epoch 60/60:  54%|█████▍    | 21/39 [00:00<00:00, 27.44it/s, loss=0.2425, rec=0.1612, t=0.8739]
Epoch 60/60:  62%|██████▏   | 24/39 [00:00<00:00, 27.33it/s, loss=0.2425, rec=0.1612, t=0.8739]
Epoch 60/60:  62%|██████▏   | 24/39 [00:00<00:00, 27.33it/s, loss=0.2427, rec=0.1613, t=0.8738]
Epoch 60/60:  62%|██████▏   | 24/39 [00:00<00:00, 27.33it/s, loss=0.2427, rec=0.1613, t=0.8738]
Epoch 60/60:  62%|██████▏   | 24/39 [00:00<00:00, 27.33it/s, loss=0.2429, rec=0.1613, t=0.8737]
Epoch 60/60:  69%|██████▉   | 27/39 [00:00<00:00, 27.40it/s, loss=0.2429, rec=0.1613, t=0.8737]
Epoch 60/60:  69%|██████▉   | 27/39 [00:01<00:00, 27.40it/s, loss=0.2430, rec=0.1614, t=0.8737]
Epoch 60/60:  69%|██████▉   | 27/39 [00:01<00:00, 27.40it/s, loss=0.2430, rec=0.1614, t=0.8736]
Epoch 60/60:  69%|██████▉   | 27/39 [00:01<00:00, 27.40it/s, loss=0.2429, rec=0.1613, t=0.8736]
Epoch 60/60:  77%|███████▋  | 30/39 [00:01<00:00, 26.75it/s, loss=0.2429, rec=0.1613, t=0.8736]
Epoch 60/60:  77%|███████▋  | 30/39 [00:01<00:00, 26.75it/s, loss=0.2429, rec=0.1613, t=0.8735]
Epoch 60/60:  77%|███████▋  | 30/39 [00:01<00:00, 26.75it/s, loss=0.2429, rec=0.1613, t=0.8735]
Epoch 60/60:  77%|███████▋  | 30/39 [00:01<00:00, 26.75it/s, loss=0.2427, rec=0.1612, t=0.8734]
Epoch 60/60:  85%|████████▍ | 33/39 [00:01<00:00, 27.30it/s, loss=0.2427, rec=0.1612, t=0.8734]
Epoch 60/60:  85%|████████▍ | 33/39 [00:01<00:00, 27.30it/s, loss=0.2427, rec=0.1612, t=0.8734]
Epoch 60/60:  85%|████████▍ | 33/39 [00:01<00:00, 27.30it/s, loss=0.2429, rec=0.1612, t=0.8733]
Epoch 60/60:  85%|████████▍ | 33/39 [00:01<00:00, 27.30it/s, loss=0.2427, rec=0.1611, t=0.8733]
Epoch 60/60:  92%|█████████▏| 36/39 [00:01<00:00, 28.07it/s, loss=0.2427, rec=0.1611, t=0.8733]
Epoch 60/60:  92%|█████████▏| 36/39 [00:01<00:00, 28.07it/s, loss=0.2428, rec=0.1612, t=0.8732]
Epoch 60/60:  92%|█████████▏| 36/39 [00:01<00:00, 28.07it/s, loss=0.2429, rec=0.1612, t=0.8732]
Epoch 60/60:  92%|█████████▏| 36/39 [00:01<00:00, 28.07it/s, loss=0.2429, rec=0.1612, t=0.8731]
                                                                                               
[Epoch   60/60] loss=0.242876 | rec=0.161236 | cb=0.208093 | com=0.208093 | uniq=0.176143 | rqvae=0.072832 | t=0.873138 | global_step=2340
[EventC2 epoch 60] churn=0.08463641334062329 | churn_art=0.08112548777983158 | step_vs_snapshot=0.9408419901585566 | q2_used(events/articles)=53/53 | dead=75 | same_event_c2=1.0 | c123_collision=0.5525 | max_c4=79 | cb_q1/q2/q3=0.09350/0.06520/0.04939 | com_q1/q2/q3=0.09350/0.06520/0.04939
[Validation epoch 60] loss=0.244347 | rec=0.164077 | cb=0.204279 | com=0.204279 | uniq=0.175450 | rqvae=0.071498
[Best Checkpoint] Reconstruction Loss improved -> <scratch>/mid_run_event/checkpoint_best_rec.pt
[EarlyStopping] epoch=60 | improved_total=False | improved_rec=True | counter=0/20 | best_total=0.217881@20 | best_rec=0.164077@60

======================================================================
LOSS AFTER TRAINING
======================================================================
[TRAIN]
  total loss          : 0.320164
  reconstruction loss : 0.221829
  codebook loss       : 0.240562
  commitment loss     : 0.240562
  uniqueness loss     : 0.282778
  rqvae loss          : 0.084197

[VALIDATION]
  total loss          : 0.324963
  reconstruction loss : 0.229618
  codebook loss       : 0.232933
  commitment loss     : 0.232933
  uniqueness loss     : 0.276370
  rqvae loss          : 0.081527
======================================================================

======================================================================
LOSS CHANGE: BEFORE -> AFTER
======================================================================
Train total         : 1.094911 -> 0.320164 (-0.774746)
Train reconstruction: 1.023835 -> 0.221829 (-0.802006)
Train codebook      : 0.148886 -> 0.240562 (+0.091676)
Train commitment    : 0.148886 -> 0.240562 (+0.091676)
Train uniqueness    : 0.379319 -> 0.282778 (-0.096540)
Train rqvae         : 0.052110 -> 0.084197 (+0.032087)

Valid total         : 1.095371 -> 0.324963 (-0.770408)
Valid reconstruction: 1.024306 -> 0.229618 (-0.794689)
Valid codebook      : 0.148622 -> 0.232933 (+0.084311)
Valid commitment    : 0.148622 -> 0.232933 (+0.084311)
Valid uniqueness    : 0.380937 -> 0.276370 (-0.104567)
Valid rqvae         : 0.052018 -> 0.081527 (+0.029509)
======================================================================


======================================================================
Final model saved: <scratch>/mid_run_event/checkpoint_final.pt
Final epoch: 60
Early stopped: False
Final global_step: 2340
======================================================================
